State,Facility ID,Facility Name,ed_wait_minutes,patient_sample,state_rank,hospitals_in_state,state_avg_wait,minutes_vs_state_avg
AK,21309,BRISTOL BAY DBA KANAKANAK HOSPITAL,99,163,1,17,133.9,-34.9
AK,21306,PROVIDENCE KODIAK ISLAND MEDICAL CTR,109,323,2,17,133.9,-24.9
AK,21302,PROVIDENCE SEWARD HOSPITAL,110,221,3,17,133.9,-23.9
AK,21311,PEACEHEALTH KETCHIKAN MEDICAL CENTER,120,336,4,17,133.9,-13.9
AK,20026,ALASKA NATIVE MEDICAL CENTER,124,362,5,17,133.9,-9.9
AK,21304,PETERSBURG MEDICAL CENTER,126,148,6,17,133.9,-7.9
AK,21307,CORDOVA COMMUNITY MEDICAL CENTER,127,243,7,17,133.9,-6.9
AK,21301,PROVIDENCE VALDEZ MEDICAL CENTER,127,228,7,17,133.9,-6.9
AK,20017,ALASKA REGIONAL HOSPITAL,129,421,9,17,133.9,-4.9
AK,02014F,Bassett ACH (FT Wainwright),129,431,9,17,133.9,-4.9
AK,02013F,673rd Medical Group (Joint Base Elmendorf-Richardson),132,299,11,17,133.9,-1.9
AK,20006,MAT-SU REGIONAL MEDICAL CENTER,136,404,12,17,133.9,2.1
AK,21313,SOUTH PENINSULA HOSPITAL,136,468,12,17,133.9,2.1
AK,20024,CENTRAL PENINSULA GENERAL HOSPITAL,152,430,14,17,133.9,18.1
AK,20008,BARTLETT REGIONAL HOSPITAL,163,424,15,17,133.9,29.1
AK,20012,FAIRBANKS MEMORIAL HOSPITAL,170,341,16,17,133.9,36.1
AK,20001,PROVIDENCE ALASKA MEDICAL CENTER,188,408,17,17,133.9,54.1
AL,11309,WIREGRASS MEDICAL CENTER,59,96,1,81,152.6,-93.6
AL,10073,CLAY COUNTY HOSPITAL,90,346,2,81,152.6,-62.6
AL,11306,TANNER MEDICAL CENTER-EAST ALABAMA,94,535,3,81,152.6,-58.6
AL,10125,LAKELAND COMMUNITY HOSPITAL,98,422,4,81,152.6,-54.6
AL,10095,HALE COUNTY HOSPITAL,102,342,5,81,152.6,-50.6
AL,10157,NORTH ALABAMA SHOALS HOSPITAL,102,349,5,81,152.6,-50.6
AL,10044,MARION REGIONAL MEDICAL CENTER,103,409,7,81,152.6,-49.6
AL,10158,RUSSELLVILLE HOSPITAL,103,380,7,81,152.6,-49.6
AL,10097,ELMORE COMMUNITY HOSPITAL,107,341,9,81,152.6,-45.6
AL,10034,COMMUNITY HOSPITAL INC,108,484,10,81,152.6,-44.6
AL,10126,TROY REGIONAL MEDICAL CENTER,110,366,11,81,152.6,-42.6
AL,10052,LAKE MARTIN COMMUNITY HOSPITAL,111,360,12,81,152.6,-41.6
AL,10062,WIREGRASS MEDICAL CENTER,112,236,13,81,152.6,-40.6
AL,10045,FAYETTE MEDICAL CENTER,116,346,14,81,152.6,-36.6
AL,11308,CRENSHAW COMMUNITY HOSPITAL,117,92,15,81,152.6,-35.6
AL,10101,CITIZENS BAPTIST MEDICAL CENTER,118,414,16,81,152.6,-34.6
AL,10112,WHITFIELD REGIONAL HOSPITAL,120,361,17,81,152.6,-32.6
AL,11304,OCHSNER CHOCTAW GENERAL,121,354,18,81,152.6,-31.6
AL,10164,COOSA VALLEY MEDICAL CENTER,122,510,19,81,152.6,-30.6
AL,10169,ATMORE COMMUNITY HOSPITAL,123,409,20,81,152.6,-29.6
AL,10168,JACK HUGHSTON MEMORIAL HOSPITAL,123,412,20,81,152.6,-29.6
AL,10128,JACKSON MEDICAL CENTER,123,307,20,81,152.6,-29.6
AL,10148,EVERGREEN MEDICAL CENTER,124,341,23,81,152.6,-28.6
AL,10150,THE HEALTH CARE AUTHORITY OF THE CITY OF GREENVILLE- LV STABLER HOSPITAL,125,348,24,81,152.6,-27.6
AL,10058,BIBB MEDICAL CENTER,126,557,25,81,152.6,-26.6
AL,10120,MONROE COUNTY HOSPITAL,126,417,25,81,152.6,-26.6
AL,10018,UAB CALLAHAN EYE HOSPITAL AUTHORITY,126,287,25,81,152.6,-26.6
AL,10022,FLOYD CHEROKEE MEDICAL CENTER,128,404,28,81,152.6,-24.6
AL,10007,MIZELL MEMORIAL HOSPITAL,128,1048,28,81,152.6,-24.6
AL,10083,BALDWIN HEALTH,131,411,30,81,152.6,-21.6
AL,11302,RED BAY HOSPITAL,131,313,30,81,152.6,-21.6
AL,11305,ST VINCENTS BLOUNT,133,255,32,81,152.6,-19.6
AL,10086,NORTHWEST MEDICAL CENTER,134,669,33,81,152.6,-18.6
AL,10051,GREENE COUNTY HOSPITAL,138,174,34,81,152.6,-14.6
AL,10049,MEDICAL CENTER ENTERPRISE,138,398,34,81,152.6,-14.6
AL,10138,HILL HOSPITAL OF SUMTER COUNTY,140,278,36,81,152.6,-12.6
AL,10024,JACKSON HOSPITAL & CLINIC INC,141,1493,37,81,152.6,-11.6
AL,10005,MARSHALL MEDICAL CENTERS,141,1165,37,81,152.6,-11.6
AL,10006,NORTH ALABAMA MEDICAL CENTER,144,320,39,81,152.6,-8.6
AL,10021,DALE MEDICAL CENTER,145,337,40,81,152.6,-7.6
AL,10144,SPRINGHILL MEDICAL CENTER,146,658,41,81,152.6,-6.6
AL,10114,"MEDICAL WEST, AN AFFILIATE OF UAB HEALTH SYSTEM",149,704,42,81,152.6,-3.6
AL,10065,RUSSELL MEDICAL CENTER,151,469,43,81,152.6,-1.6
AL,10085,DECATUR MORGAN HOSPITAL - DECATUR CAMPUS,153,427,44,81,152.6,0.4
AL,10139,BAPTIST HEALTH BROOKWOOD HOSPITAL,155,427,45,81,152.6,2.4
AL,10130,ST VINCENT'S ST CLAIR,156,265,46,81,152.6,3.4
AL,10011,ST. VINCENT'S EAST,156,254,46,81,152.6,3.4
AL,10089,WALKER BAPTIST MEDICAL CENTER,157,422,48,81,152.6,4.4
AL,10036,ANDALUSIA HEALTH,158,390,49,81,152.6,5.4
AL,10035,CULLMAN REGIONAL MEDICAL CENTER,158,407,49,81,152.6,5.4
AL,10046,RIVERVIEW REGIONAL MEDICAL CENTER,160,419,51,81,152.6,7.4
AL,10099,D W MCMILLAN MEMORIAL HOSPITAL,162,404,52,81,152.6,9.4
AL,10091,GROVE HILL MEMORIAL HOSPITAL,162,356,52,81,152.6,9.4
AL,10012,DEKALB REGIONAL MEDICAL CENTER,164,378,54,81,152.6,11.4
AL,10173,ST VINCENT'S CHILTON,164,252,54,81,152.6,11.4
AL,10131,CRESTWOOD MEDICAL CENTER,166,423,56,81,152.6,13.4
AL,10103,PRINCETON BAPTIST MEDICAL CENTER,168,424,57,81,152.6,15.4
AL,11307,MEDICAL CENTER BARBOUR,170,112,58,81,152.6,17.4
AL,10118,VAUGHAN REGIONAL MEDICAL CENTER PARKWAY CAMPUS,170,388,58,81,152.6,17.4
AL,10061,HIGHLANDS MEDICAL CENTER,172,728,60,81,152.6,19.4
AL,10104,GRANDVIEW MEDICAL CENTER,176,415,61,81,152.6,23.4
AL,10079,ATHENS LIMESTONE HOSPITAL,183,354,62,81,152.6,30.4
AL,10129,NORTH BALDWIN INFIRMARY,183,374,62,81,152.6,30.4
AL,10019,HELEN KELLER HOSPITAL,185,349,64,81,152.6,32.4
AL,10113,MOBILE INFIRMARY MEDICAL CENTER,185,395,64,81,152.6,32.4
AL,10016,SHELBY BAPTIST MEDICAL CENTER,188,423,66,81,152.6,35.4
AL,10100,THOMAS HOSPITAL,189,374,67,81,152.6,36.4
AL,10090,"USA HEALTH HCA PROVIDENCE HOSPITAL, LLC",200,286,68,81,152.6,47.4
AL,10040,GADSDEN REGIONAL MEDICAL CENTER,202,399,69,81,152.6,49.4
AL,10029,THE EAST ALABAMA HEALTHCARE AUTHORITY,202,594,69,81,152.6,49.4
AL,10108,PRATTVILLE BAPTIST HOSPITAL,208,391,71,81,152.6,55.4
AL,10023,BAPTIST MEDICAL CENTER SOUTH,214,397,72,81,152.6,61.4
AL,10087,USA HEALTH UNIVERSITY HOSPITAL,214,382,72,81,152.6,61.4
AL,10033,UNIVERSITY OF ALABAMA HOSPITAL,215,1986,74,81,152.6,62.4
AL,10001,SOUTHEAST HEALTH MEDICAL CENTER,217,395,75,81,152.6,64.4
AL,10055,FLOWERS HOSPITAL,224,401,76,81,152.6,71.4
AL,10092,DCH REGIONAL MEDICAL CENTER,228,380,77,81,152.6,75.4
AL,10078,NORTHEAST ALABAMA REGIONAL MEDICAL CENTER,232,374,78,81,152.6,79.4
AL,10149,BAPTIST MEDICAL CENTER EAST,238,401,79,81,152.6,85.4
AL,10056,ST VINCENT'S BIRMINGHAM,245,250,80,81,152.6,92.4
AL,10039,HUNTSVILLE HOSPITAL,252,402,81,81,152.6,99.4
AR,41302,DARDANELLE REGIONAL MEDICAL CENTER,67,334,1,67,135.5,-68.5
AR,40018,BAPTIST HEALTH - VAN BUREN,70,341,2,67,135.5,-65.5
AR,41318,MERCY HOSPITAL BOONEVILLE,70,363,2,67,135.5,-65.5
AR,41305,MERCY HOSPITAL WALDRON,76,360,4,67,135.5,-59.5
AR,41317,DALLAS COUNTY MEDICAL CENTER,82,175,5,67,135.5,-53.5
AR,40001,SILOAM SPRINGS REGIONAL HOSPITAL,83,667,6,67,135.5,-52.5
AR,40011,CHAMBERS MEMORIAL HOSPITAL,90,382,7,67,135.5,-45.5
AR,41324,CHI ST VINCENT MORRILTON,93,377,8,67,135.5,-42.5
AR,41309,LAWRENCE MEMORIAL HOSPITAL,93,325,8,67,135.5,-42.5
AR,41321,BAPTIST HEALTH MEDICAL CENTER-ARKADELPHIA,95,302,10,67,135.5,-40.5
AR,40153,SOUTHWEST ARKANSAS REGIONAL MEDICAL CENTER LLC,98,146,11,67,135.5,-37.5
AR,41334,MENA REGIONAL HEALTH SYSTEM,99,215,12,67,135.5,-36.5
AR,40076,BAPTIST HEALTH MEDICAL CENTER-HOT SPRINGS COUNTY,100,326,13,67,135.5,-35.5
AR,40072,BAPTIST HEALTH MEDICAL CENTER-STUTTGART,101,311,14,67,135.5,-34.5
AR,40088,SOUTH ARKANSAS REGIONAL HOSPITAL LLC,102,383,15,67,135.5,-33.5
AR,41323,ASHLEY COUNTY MEDICAL CENTER,104,337,16,67,135.5,-31.5
AR,41332,UNITY HEALTH - NEWPORT,104,360,16,67,135.5,-31.5
AR,41311,HOWARD MEMORIAL HOSPITAL,106,389,18,67,135.5,-29.5
AR,40067,MAGNOLIA REGIONAL MEDICAL CENTER,107,331,19,67,135.5,-28.5
AR,41307,CROSSRIDGE COMMUNITY HOSPITAL,108,381,20,67,135.5,-27.5
AR,41303,MERCY HOSPITAL OZARK,108,360,20,67,135.5,-27.5
AR,41310,STONE COUNTY MEDICAL CENTER,109,303,22,67,135.5,-26.5
AR,41328,CHICOT MEMORIAL MEDICAL CENTER,111,171,23,67,135.5,-24.5
AR,41329,MERCY HOSPITAL BERRYVILLE,111,365,23,67,135.5,-24.5
AR,40055,BAPTIST HEALTH - FORT SMITH,114,316,25,67,135.5,-21.5
AR,41312,BAPTIST HEALTH MEDICAL CENTER HEBER SPRINGS,115,307,26,67,135.5,-20.5
AR,41326,DELTA MEMORIAL HOSPITAL,116,275,27,67,135.5,-19.5
AR,41300,MERCY HOSPITAL PARIS,117,362,28,67,135.5,-18.5
AR,41330,PIGGOTT COMMUNITY HOSPITAL,120,343,29,67,135.5,-15.5
AR,40051,BAPTIST HEALTH MEDICAL CENTER-DREW COUNTY,126,314,30,67,135.5,-9.5
AR,41327,BRADLEY COUNTY MEDICAL CENTER,126,334,30,67,135.5,-9.5
AR,40022,NORTHWEST MEDICAL CENTER-SPRINGDALE,126,407,30,67,135.5,-9.5
AR,40137,ST VINCENT MEDICAL CENTER/NORTH,126,360,30,67,135.5,-9.5
AR,40118,"BAPTIST MEMORIAL HOSPITAL JONESBORO, INC.",128,583,34,67,135.5,-7.5
AR,40119,WHITE RIVER MEDICAL CENTER,129,319,35,67,135.5,-6.5
AR,40069,GREAT RIVER MEDICAL CENTER,130,318,36,67,135.5,-5.5
AR,40164,UNITY HEALTH - JACKSONVILLE,130,389,36,67,135.5,-5.5
AR,41306,IZARD REGIONAL HOSPITAL LLC,132,281,38,67,135.5,-3.5
AR,40050,OUACHITA COUNTY MEDICAL CENTER,141,311,39,67,135.5,5.5
AR,41308,MCGEHEE HOSPITAL,142,207,40,67,135.5,6.5
AR,40002,JOHNSON REGIONAL MEDICAL CENTER,144,446,41,67,135.5,8.5
AR,40114,BAPTIST HEALTH MEDICAL CENTER-LITTLE ROCK,146,353,42,67,135.5,10.5
AR,40019,FORREST CITY MEDICAL CENTER,146,376,42,67,135.5,10.5
AR,40017,NORTH ARKANSAS REGIONAL MEDICAL CENTER,146,324,42,67,135.5,10.5
AR,40156,"BAPTIST MEMORIAL HOSPITAL-CRITTENDEN, INC",147,361,45,67,135.5,11.5
AR,40041,ST MARYS REGIONAL MEDICAL CENTER,147,383,45,67,135.5,11.5
AR,40154,BAPTIST HEALTH MEDICAL CENTER- CONWAY,148,320,47,67,135.5,12.5
AR,40078,NATIONAL PARK MEDICAL CENTER,150,405,48,67,135.5,14.5
AR,41313,OZARK HEALTH,150,180,48,67,135.5,14.5
AR,40147,ARKANSAS SURGICAL HOSPITAL,152,521,50,67,135.5,16.5
AR,40084,SALINE MEMORIAL HOSPITAL,156,373,51,67,135.5,20.5
AR,41320,LITTLE RIVER MEMORIAL HOSPITAL,160,259,52,67,135.5,24.5
AR,40010,MERCY HOSPITAL NORTHWEST ARKANSAS,162,456,53,67,135.5,26.5
AR,40026,CHI ST. VINCENT HOSPITAL HOT SPRINGS,172,385,54,67,135.5,36.5
AR,40029,"CONWAY REGIONAL MEDICAL CENTER, INC",176,358,55,67,135.5,40.5
AR,40039,ARKANSAS METHODIST MEDICAL CENTER,178,339,56,67,135.5,42.5
AR,40014,WHITE COUNTY MEDICAL CENTER,180,382,57,67,135.5,44.5
AR,40007,CHI-ST VINCENT INFIRMARY,183,363,58,67,135.5,47.5
AR,40161,ARKANSAS HEART HOSPITAL-ENCORE,188,358,59,67,135.5,52.5
AR,40027,BAXTER HEALTH,190,320,60,67,135.5,54.5
AR,40071,JEFFERSON REGIONAL MEDICAL CENTER,200,329,61,67,135.5,64.5
AR,40062,MERCY HOSPITAL FORT SMITH,210,450,62,67,135.5,74.5
AR,40036,BAPTIST HEALTH MEDICAL CENTER NORTH LITTLE ROCK,213,333,63,67,135.5,77.5
AR,40004,WASHINGTON REGIONAL MEDICAL CENTER,216,372,64,67,135.5,80.5
AR,40020,ST BERNARDS MEDICAL CENTER,223,399,65,67,135.5,87.5
AR,40134,"ARKANSAS HEART HOSPITAL, LLC",240,370,66,67,135.5,104.5
AR,40016,University of Arkansas Medical Sciences,253,2963,67,67,135.5,117.5
AZ,31304,PAGE HOSPITAL,77,362,1,61,181.6,-104.6
AZ,30139,DIGNITY HEALTH ARIZONA GENERAL HOSPITAL,90,386,2,61,181.6,-91.6
AZ,30136,DIGNITY HEALTH - ARIZONA GENERAL HOSPITAL,103,379,3,61,181.6,-78.6
AZ,31314,COBRE VALLEY REGIONAL MEDICAL CENTER,113,345,4,61,181.6,-68.6
AZ,31312,COPPER QUEEN COMMUNITY HOSPITAL,124,380,5,61,181.6,-57.6
AZ,31308,HUHU KAM MEMORIAL HOSPITAL,126,405,6,61,181.6,-55.6
AZ,30101,WESTERN ARIZONA REGIONAL MEDICAL CENTER,128,384,7,61,181.6,-53.6
AZ,30094,ABRAZO ARROWHEAD HOSPITAL,129,848,8,61,181.6,-52.6
AZ,31311,LITTLE COLORADO MEDICAL CENTER,132,370,9,61,181.6,-49.6
AZ,31319,MT. GRAHAM REGIONAL MEDICAL CENTER,132,365,9,61,181.6,-49.6
AZ,31315,WHITE MOUNTAIN REGIONAL MEDICAL CENTER,132,196,9,61,181.6,-49.6
AZ,30036,CHANDLER REGIONAL MEDICAL CENTER,137,383,12,61,181.6,-44.6
AZ,30073,TUBA CITY REGIONAL HEALTH CARE CORPORATION,138,348,13,61,181.6,-43.6
AZ,30114,ORO VALLEY HOSPITAL,140,392,14,61,181.6,-41.6
AZ,31313,HOLY CROSS HOSPITAL,141,390,15,61,181.6,-40.6
AZ,31318,BANNER PAYSON MEDICAL CENTER,143,356,16,61,181.6,-38.6
AZ,30134,BANNER GOLDFIELD MEDICAL CENTER,150,341,17,61,181.6,-31.6
AZ,30117,VALLEY VIEW MEDICAL CENTER,153,365,18,61,181.6,-28.6
AZ,31301,BENSON HOSPITAL,155,221,19,61,181.6,-26.6
AZ,30083,ABRAZO SCOTTSDALE CAMPUS,157,399,20,61,181.6,-24.6
AZ,31300,WICKENBURG COMMUNITY HOSPITAL,157,186,20,61,181.6,-24.6
AZ,30007,VERDE VALLEY MEDICAL CENTER,162,403,22,61,181.6,-19.6
AZ,30037,HONORHEALTH TEMPE MEDICAL CENTER,163,363,23,61,181.6,-18.6
AZ,30030,ABRAZO CENTRAL CAMPUS,166,434,24,61,181.6,-15.6
AZ,30011,ST JOSEPH'S HOSPITAL,170,471,25,61,181.6,-11.6
AZ,30123,HONORHEALTH SCOTTSDALE THOMPSON PEAK MED CTR,172,390,26,61,181.6,-9.6
AZ,30016,BANNER CASA GRANDE MEDICAL CENTER,175,365,27,61,181.6,-6.6
AZ,30087,HONORHEALTH SCOTTSDALE SHEA MEDICAL CENTER,177,380,28,61,181.6,-4.6
AZ,30024,ST JOSEPHS HOSPITAL AND MEDICAL CENTER,177,375,28,61,181.6,-4.6
AZ,30062,SUMMIT HEALTHCARE REGIONAL MEDICAL CENTER,178,425,30,61,181.6,-3.6
AZ,30110,ABRAZO WEST CAMPUS,179,471,31,61,181.6,-2.6
AZ,30148,NORTHWEST MEDICAL CENTER SAHUARITA,179,681,31,61,181.6,-2.6
AZ,30013,YUMA REGIONAL MEDICAL CENTER,180,376,33,61,181.6,-1.6
AZ,30121,HONORHEALTH FOUR PEAKS MEDICAL CENTER,186,590,34,61,181.6,4.4
AZ,30010,ST. MARY'S HOSPITAL,186,458,34,61,181.6,4.4
AZ,30147,BANNER OCOTILLO MEDICAL CENTER,189,379,36,61,181.6,7.4
AZ,30012,YAVAPAI REGIONAL MEDICAL CENTER,191,379,37,61,181.6,9.4
AZ,30014,HONOR HEALTH JOHN C. LINCOLN MEDICAL CENTER,194,378,38,61,181.6,12.4
AZ,30092,HONORHEALTH DEER VALLEY MEDICAL CENTER,197,384,39,61,181.6,15.4
AZ,30038,HONORHEALTH SCOTTSDALE OSBORN MEDICAL CENTER,198,376,40,61,181.6,16.4
AZ,30103,MAYO CLINIC HOSPITAL,199,406,41,61,181.6,17.4
AZ,30022,VALLEYWISE HEALTH MEDICAL CENTER,200,380,42,61,181.6,18.4
AZ,30043,CANYON VISTA MEDICAL CENTER,203,676,43,61,181.6,21.4
AZ,30146,HONORHEALTH SONORAN CROSSING MEDICAL CENTER,205,393,44,61,181.6,23.4
AZ,30006,TUCSON MEDICAL CENTER,207,385,45,61,181.6,25.4
AZ,30055,KINGMAN REGIONAL MEDICAL CENTER,211,397,46,61,181.6,29.4
AZ,30130,BANNER IRONWOOD MEDICAL CENTER,220,371,47,61,181.6,38.4
AZ,30119,MERCY GILBERT MEDICAL CENTER,220,369,47,61,181.6,38.4
AZ,30023,FLAGSTAFF MEDICAL CENTER,221,405,49,61,181.6,39.4
AZ,30122,BANNER GATEWAY MEDICAL CENTER,223,373,50,61,181.6,41.4
AZ,30069,HAVASU REGIONAL MEDICAL CENTER,226,370,51,61,181.6,44.4
AZ,30061,BANNER BOSWELL MEDICAL CENTER,227,381,52,61,181.6,45.4
AZ,30089,BANNER THUNDERBIRD MEDICAL CENTER,236,375,53,61,181.6,54.4
AZ,30093,BANNER DEL E. WEBB MEDICAL CENTER,239,371,54,61,181.6,57.4
AZ,30085,NORTHWEST MEDICAL CENTER,240,363,55,61,181.6,58.4
AZ,30115,BANNER ESTRELLA MEDICAL CENTER,243,386,56,61,181.6,61.4
AZ,30002,BANNER - UNIVERSITY MEDICAL CENTER PHOENIX,265,366,57,61,181.6,83.4
AZ,30088,BANNER BAYWOOD MEDICAL CENTER,266,342,58,61,181.6,84.4
AZ,30065,BANNER DESERT MEDICAL CENTER,269,371,59,61,181.6,87.4
AZ,30111,BANNER-UNIVERSITY MEDICAL CENTER SOUTH CAMPUS,275,356,60,61,181.6,93.4
AZ,30064,BANNER - UNIVERSITY MEDICAL CENTER TUCSON CAMPUS,306,370,61,61,181.6,124.4
CA,51315,TRINITY HOSPITAL,70,352,1,266,183.4,-113.4
CA,51336,SOUTHERN MONTEREY COUNTY MEMORIAL HOSPITAL,75,409,2,266,183.4,-108.4
CA,50738,GREATER EL MONTE COMMUNITY HOSPITAL,78,363,3,266,183.4,-105.4
CA,50736,MONTEREY PARK HOSPITAL,88,415,4,266,183.4,-95.4
CA,51321,HEALDSBURG HOSPITAL,94,351,5,266,183.4,-89.4
CA,51330,MODOC MEDICAL CENTER,94,84,5,266,183.4,-89.4
CA,51300,EASTERN PLUMAS HOSPITAL - PORTOLA CAMPUS,96,388,7,266,183.4,-87.4
CA,51319,MERCY MEDICAL CENTER OF MT SHASTA,96,378,7,266,183.4,-87.4
CA,50735,WHITTIER HOSPITAL MEDICAL CENTER,100,402,9,266,183.4,-83.4
CA,51327,SENECA DISTRICT HOSPITAL,102,276,10,266,183.4,-81.4
CA,51305,MAYERS MEMORIAL HOSPITAL,104,342,11,266,183.4,-79.4
CA,51302,SOUTHERN INYO HOSPITAL,104,57,11,266,183.4,-79.4
CA,51310,ADVENTIST HEALTH HOWARD MEMORIAL,108,411,13,266,183.4,-75.4
CA,05039F,NH Twentynine Palms,108,418,13,266,183.4,-75.4
CA,50783,COLUSA MEDICAL CENTER,110,999,15,266,183.4,-73.4
CA,51334,COMMUNITY MEMORIAL HOSPITAL - OJAI,110,485,15,266,183.4,-73.4
CA,51326,PLUMAS DISTRICT HOSPITAL,114,288,17,266,183.4,-69.4
CA,51328,TAHOE FOREST HOSPITAL,114,346,17,266,183.4,-69.4
CA,51324,NORTHERN INYO HOSPITAL,115,358,19,266,183.4,-68.4
CA,51320,BANNER LASSEN MEDICAL CENTER,116,367,20,266,183.4,-67.4
CA,50127,WOODLAND MEMORIAL HOSPITAL,116,369,20,266,183.4,-67.4
CA,50028,MAD RIVER COMMUNITY HOSPITAL,118,313,22,266,183.4,-65.4
CA,51303,MAMMOTH HOSPITAL,118,418,22,266,183.4,-65.4
CA,50090,SONOMA VALLEY HOSPITAL,122,350,24,266,183.4,-61.4
CA,51304,JOHN C FREMONT HEALTHCARE DISTRICT,124,247,25,266,183.4,-59.4
CA,50197,SEQUOIA HOSPITAL,124,390,25,266,183.4,-59.4
CA,51306,GLENN MEDICAL CENTER,125,813,27,266,183.4,-58.4
CA,05041F,Weed ACH (FT Irwin),126,330,28,266,183.4,-57.4
CA,51323,COLORADO RIVER MEDICAL CENTER,128,454,29,266,183.4,-55.4
CA,51332,MARK TWAIN MEDICAL CENTER,128,360,29,266,183.4,-55.4
CA,50234,SHARP CORONADO HOSPITAL AND HLTHCR CTR,128,358,29,266,183.4,-55.4
CA,50067,OAK VALLEY HOSPITAL DISTRICT,130,470,32,266,183.4,-53.4
CA,50417,SUTTER COAST HOSPITAL,130,374,32,266,183.4,-53.4
CA,50468,MEMORIAL HOSPITAL OF GARDENA,132,331,34,266,183.4,-51.4
CA,51312,MOUNTAINS COMMUNITY HOSPITAL,132,341,34,266,183.4,-51.4
CA,51325,ADVENTIST HEALTH MENDOCINO COAST,134,402,36,266,183.4,-49.4
CA,50352,BARTON MEMORIAL HOSPITAL,134,361,36,266,183.4,-49.4
CA,50132,SAN GABRIEL VALLEY MEDICAL CENTER,134,409,36,266,183.4,-49.4
CA,50101,SUTTER SOLANO MEDICAL CENTER,134,384,36,266,183.4,-49.4
CA,50158,ENCINO HOSPITAL MEDICAL CENTER,135,372,40,266,183.4,-48.4
CA,50380,GOOD SAMARITAN HOSPITAL,135,414,40,266,183.4,-48.4
CA,51331,SANTA YNEZ VALLEY COTTAGE HOSPITAL,135,385,40,266,183.4,-48.4
CA,50042,ST ELIZABETH COMMUNITY HOSPITAL,136,366,43,266,183.4,-47.4
CA,50498,SUTTER AUBURN FAITH HOSPITAL,136,374,43,266,183.4,-47.4
CA,51329,SUTTER LAKESIDE HOSPITAL,137,375,45,266,183.4,-46.4
CA,50013,ADVENTIST HEALTH ST HELENA,138,418,46,266,183.4,-45.4
CA,50230,GARDEN GROVE HOSPITAL & MEDICAL CENTER,138,384,46,266,183.4,-45.4
CA,05015F,60th Medical Group (Travis AFB),139,334,48,266,183.4,-44.4
CA,50407,CHINESE HOSPITAL,139,403,48,266,183.4,-44.4
CA,50014,SUTTER AMADOR HOSPITAL,139,375,48,266,183.4,-44.4
CA,50633,ADVENTIST HEALTH TWIN CITIES,140,418,51,266,183.4,-43.4
CA,50204,PALMDALE REGIONAL MEDICAL CENTER,140,380,51,266,183.4,-43.4
CA,50152,UCSF HEALTH SAINT FRANCIS HOSPITAL,140,306,51,266,183.4,-43.4
CA,51316,FAIRCHILD MEDICAL CENTER,141,2542,54,266,183.4,-42.4
CA,50281,ALHAMBRA HOSPITAL MEDICAL CENTER,142,518,55,266,183.4,-41.4
CA,50192,ADVENTIST HEALTH REEDLEY,143,420,56,266,183.4,-40.4
CA,51335,BEAR VALLEY COMMUNITY HOSPITAL,143,355,56,266,183.4,-40.4
CA,50506,ADVENTIST HEALTH SIERRA VISTA,144,416,58,266,183.4,-39.4
CA,50226,AHMC ANAHEIM REGIONAL MEDICAL CENTER,144,353,58,266,183.4,-39.4
CA,50737,GARFIELD MEDICAL CENTER,146,369,60,266,183.4,-37.4
CA,50089,COMMUNITY HOSPITAL OF SAN BERNARDINO,147,370,61,266,183.4,-36.4
CA,50301,ADVENTIST HEALTH UKIAH VALLEY,148,410,62,266,183.4,-35.4
CA,51309,JEROLD PHELPS COMMUNITY HOSPITAL,148,180,62,266,183.4,-35.4
CA,50534,JOHN F KENNEDY MEMORIAL HOSPITAL,148,414,62,266,183.4,-35.4
CA,50496,JOHN MUIR MEDICAL CENTER - CONCORD CAMPUS,148,356,62,266,183.4,-35.4
CA,50764,SHASTA REGIONAL MEDICAL CENTER,148,366,62,266,183.4,-35.4
CA,50537,SUTTER DAVIS HOSPITAL,148,377,62,266,183.4,-35.4
CA,50357,GOLETA VALLEY COTTAGE HOSPITAL,149,377,68,266,183.4,-34.4
CA,50663,LOS ANGELES COMMUNITY HOSPITAL,149,310,68,266,183.4,-34.4
CA,05020F,NH Camp Pendleton,149,333,68,266,183.4,-34.4
CA,50278,PROVIDENCE HOLY CROSS MEDICAL CENTER,149,371,68,266,183.4,-34.4
CA,50689,SAN RAMON REGIONAL MEDICAL CENTER,149,427,68,266,183.4,-34.4
CA,50248,NATIVIDAD MEDICAL CENTER,150,737,73,266,183.4,-33.4
CA,50744,ANAHEIM GLOBAL MEDICAL CENTER,151,379,74,266,183.4,-32.4
CA,50758,MONTCLAIR HOSPITAL MEDICAL CENTER,151,404,74,266,183.4,-32.4
CA,50780,FOOTHILL REGIONAL MEDICAL CENTER,152,313,76,266,183.4,-31.4
CA,50009,PROVIDENCE QUEEN OF THE VALLEY MEDICAL CENTER,152,350,76,266,183.4,-31.4
CA,50125,REGIONAL MEDICAL CENTER OF SAN JOSE,152,205,76,266,183.4,-31.4
CA,50038,SANTA CLARA VALLEY MEDICAL CENTER,152,1158,76,266,183.4,-31.4
CA,50150,SIERRA NEVADA MEMORIAL HOSPITAL,152,364,76,266,183.4,-31.4
CA,50211,ALAMEDA HOSPITAL,153,368,81,266,183.4,-30.4
CA,50122,DAMERON HOSPITAL,153,379,81,266,183.4,-30.4
CA,50779,"MARTIN LUTHER KING, JR. COMMUNITY HOSPITAL",153,1411,81,266,183.4,-30.4
CA,50131,NOVATO COMMUNITY HOSPITAL,153,373,81,266,183.4,-30.4
CA,50755,SHERMAN OAKS HOSPITAL,153,328,81,266,183.4,-30.4
CA,50191,ST MARY MEDICAL CENTER,153,377,81,266,183.4,-30.4
CA,50771,COAST PLAZA HOSPITAL,154,329,87,266,183.4,-29.4
CA,51337,HAZEL HAWKINS MEMORIAL HOSPITAL,154,513,87,266,183.4,-29.4
CA,50279,HI-DESERT MEDICAL CENTER,155,421,89,266,183.4,-28.4
CA,50761,PROVIDENCE CEDARS SINAI TARZANA MEDICAL CENTER,155,365,89,266,183.4,-28.4
CA,50588,SAN DIMAS COMMUNITY HOSPITAL,155,406,89,266,183.4,-28.4
CA,50608,ADVENTIST HEALTH DELANO,156,410,92,266,183.4,-27.4
CA,50678,MEMORIALCARE ORANGE COAST MEDICAL CENTER,157,368,93,266,183.4,-26.4
CA,50481,UCLA WEST VALLEY MEDICAL CENTER,157,371,93,266,183.4,-26.4
CA,51318,PROVIDENCE REDWOOD MEMORIAL HOSPITAL,158,380,95,266,183.4,-25.4
CA,50308,EL CAMINO HEALTH,159,1298,96,266,183.4,-24.4
CA,50236,ADVENTIST HEALTH SIMI VALLEY,160,400,97,266,183.4,-23.4
CA,50745,CHAPMAN GLOBAL MEDICAL CENTER,160,364,97,266,183.4,-23.4
CA,50528,MEMORIAL HOSPITAL LOS BANOS,160,375,97,266,183.4,-23.4
CA,50174,PROVIDENCE SANTA ROSA MEMORIAL HOSPITAL,160,342,97,266,183.4,-23.4
CA,50570,UCI HEALTH - FOUNTAIN VALLEY,161,349,101,266,183.4,-22.4
CA,50008,CALIFORNIA PACIFIC MEDICAL CTR-DAVIES CAMPUS HOSP,162,337,102,266,183.4,-21.4
CA,50313,SUTTER TRACY COMMUNITY HOSPITAL,162,374,102,266,183.4,-21.4
CA,50597,EMANATE HEALTH FOOTHILL PRESBYTERIAN HOSPITAL,163,378,104,266,183.4,-20.4
CA,50549,LOS ROBLES HOSPITAL & MEDICAL CENTER,164,354,105,266,183.4,-19.4
CA,50136,PETALUMA VALLEY HOSPITAL,165,325,106,266,183.4,-18.4
CA,50457,UCSF HEALTH ST. MARY'S HOSPITAL,165,353,106,266,183.4,-18.4
CA,05022F,NMC San Diego,166,424,108,266,183.4,-17.4
CA,50102,PARKVIEW COMMUNITY HOSPITAL MEDICAL CENTER,166,330,108,266,183.4,-17.4
CA,50078,PROVIDENCE LITTLE CO OF MARY MED CTR SAN PEDRO,166,369,108,266,183.4,-17.4
CA,50232,FRENCH HOSPITAL MEDICAL CENTER,167,383,111,266,183.4,-16.4
CA,50002,ST ROSE HOSPITAL,167,352,111,266,183.4,-16.4
CA,50118,DOCTORS HOSPITAL OF MANTECA,168,456,113,266,183.4,-15.4
CA,50110,LOMPOC VALLEY MEDICAL CENTER,169,386,114,266,183.4,-14.4
CA,50298,BARSTOW COMMUNITY HOSPITAL,170,384,115,266,183.4,-13.4
CA,51314,KERN VALLEY HEALTHCARE DISTRICT,170,2384,115,266,183.4,-13.4
CA,51339,PALO VERDE HOSPITAL,170,240,115,266,183.4,-13.4
CA,50006,PROVIDENCE ST JOSEPH HOSPITAL,170,376,115,266,183.4,-13.4
CA,50523,SUTTER DELTA MEDICAL CENTER,170,368,115,266,183.4,-13.4
CA,50145,COMMUNITY HOSPITAL OF THE MONTEREY PENINSULA,171,357,120,266,183.4,-12.4
CA,50017,MERCY GENERAL HOSPITAL,171,363,120,266,183.4,-12.4
CA,50082,ST JOHNS REGIONAL MEDICAL CENTER,171,739,120,266,183.4,-12.4
CA,50121,ADVENTIST HEALTH HANFORD,172,404,123,266,183.4,-11.4
CA,50624,HENRY MAYO NEWHALL  HOSPITAL,172,1046,123,266,183.4,-11.4
CA,50254,MARSHALL MEDICAL CENTER,172,366,123,266,183.4,-11.4
CA,50586,CHINO VALLEY MEDICAL CENTER,173,406,126,266,183.4,-10.4
CA,50709,DESERT VALLEY HOSPITAL,173,358,126,266,183.4,-10.4
CA,50526,HUNTINGTON BEACH HOSPITAL,173,349,126,266,183.4,-10.4
CA,50107,MARIAN REGIONAL MEDICAL CENTER,174,730,129,266,183.4,-9.4
CA,51311,ORCHARD HOSPITAL,174,375,129,266,183.4,-9.4
CA,50335,ADVENTIST HEALTH SONORA,175,404,131,266,183.4,-8.4
CA,50276,CONTRA COSTA REGIONAL MEDICAL CENTER,175,421,131,266,183.4,-8.4
CA,50414,MERCY HOSPITAL OF FOLSOM,175,360,131,266,183.4,-8.4
CA,51317,ADVENTIST HEALTH CLEARLAKE,176,385,134,266,183.4,-7.4
CA,51301,ADVENTIST HEALTH TEHACHAPI VALLEY,176,393,134,266,183.4,-7.4
CA,50261,SIERRA VIEW MEDICAL CENTER,176,422,134,266,183.4,-7.4
CA,50180,JOHN MUIR MEDICAL CENTER - WALNUT CREEK CAMPUS,177,363,137,266,183.4,-6.4
CA,50360,MARINHEALTH MEDICAL CENTER,177,442,137,266,183.4,-6.4
CA,50113,SAN MATEO MEDICAL CENTER,177,356,137,266,183.4,-6.4
CA,50351,TORRANCE MEMORIAL MEDICAL CENTER,177,489,137,266,183.4,-6.4
CA,50007,PENINSULA MEDICAL CENTER,178,382,141,266,183.4,-5.4
CA,50159,VENTURA COUNTY MEDICAL CENTER,178,362,141,266,183.4,-5.4
CA,50641,EAST LOS ANGELES DOCTORS HOSPITAL,179,297,143,266,183.4,-4.4
CA,50396,SANTA BARBARA COTTAGE HOSPITAL,179,379,143,266,183.4,-4.4
CA,50740,CEDAR-SINAI MARINA DEL REY HOSPITAL,180,469,145,266,183.4,-3.4
CA,50747,COASTAL COMMUNITIES HOSPITAL,180,356,145,266,183.4,-3.4
CA,50039,ENLOE HEALTH,180,386,145,266,183.4,-3.4
CA,50324,SCRIPPS MEMORIAL HOSPITAL LA JOLLA,180,382,145,266,183.4,-3.4
CA,50195,WASHINGTON HOSPITAL,180,374,145,266,183.4,-3.4
CA,50194,WATSONVILLE COMMUNITY HOSPITAL,180,309,145,266,183.4,-3.4
CA,50243,DESERT REGIONAL MEDICAL CENTER,181,454,151,266,183.4,-2.4
CA,50129,ST BERNARDINE MEDICAL CENTER,181,353,151,266,183.4,-2.4
CA,50239,GLENDALE ADVENTIST MEDICAL CENTER,182,376,153,266,183.4,-1.4
CA,50320,HIGHLAND HOSPITAL,182,706,153,266,183.4,-1.4
CA,50334,SALINAS VALLEY MEMORIAL HOSPITAL,182,402,153,266,183.4,-1.4
CA,50367,NORTHBAY MEDICAL CENTER,183,453,156,266,183.4,-0.4
CA,50746,ORANGE COUNTY GLOBAL MEDICAL CENTER,183,448,156,266,183.4,-0.4
CA,50047,CALIFORNIA PACIFIC MEDICAL CENTER- VAN NESS CAMPUS,184,356,158,266,183.4,0.6
CA,50022,RIVERSIDE COMMUNITY HOSPITAL,184,360,158,266,183.4,0.6
CA,50290,SAINT JOHN'S HEALTH CENTER,184,346,158,266,183.4,0.6
CA,50590,METHODIST HOSPITAL OF SACRAMENTO,185,367,161,266,183.4,1.6
CA,50382,EMANATE HEALTH INTER-COMMUNITY HOSPITAL,186,369,162,266,183.4,2.6
CA,50684,MENIFEE GLOBAL MEDICAL CENTER,186,366,162,266,183.4,2.6
CA,50280,MERCY MEDICAL CENTER REDDING,187,364,164,266,183.4,3.6
CA,50026,GROSSMONT HOSPITAL,188,340,165,266,183.4,4.6
CA,50701,SOUTHWEST HEALTHCARE RANCHO SPRINGS HOSPITAL,188,384,165,266,183.4,4.6
CA,50108,"SUTTER MEDICAL CENTER, SACRAMENTO",189,371,167,266,183.4,5.6
CA,50295,MERCY HOSPITAL,190,370,168,266,183.4,6.6
CA,50342,PIONEERS MEMORIAL HEALTHCARE DISTRICT,190,423,168,266,183.4,6.6
CA,50054,SAN GORGONIO MEMORIAL HOSPITAL,191,503,170,266,183.4,7.6
CA,50289,AHMC SETON MEDICAL CENTER,192,366,171,266,183.4,8.6
CA,50394,COMMUNITY MEMORIAL HOSPITAL - VENTURA,192,514,171,266,183.4,8.6
CA,50336,ADVENTIST HEALTH LODI MEMORIAL,193,463,173,266,183.4,9.6
CA,50077,SCRIPPS MERCY HOSPITAL,193,346,173,266,183.4,9.6
CA,50133,ADVENTIST HEALTH AND RIDEOUT,194,386,175,266,183.4,10.6
CA,50242,DOMINICAN HOSPITAL,194,368,175,266,183.4,10.6
CA,50503,SCRIPPS MEMORIAL HOSPITAL - ENCINITAS,194,380,175,266,183.4,10.6
CA,50784,ADVENTIST HEALTH TULARE,195,413,178,266,183.4,11.6
CA,50636,PALOMAR MEDICAL CENTER POWAY,195,351,178,266,183.4,11.6
CA,50224,HOAG MEMORIAL HOSPITAL PRESBYTERIAN,196,385,180,266,183.4,12.6
CA,50222,SHARP CHULA VISTA MEDICAL CENTER,196,360,180,266,183.4,12.6
CA,50426,WEST ANAHEIM MEDICAL CENTER,196,358,180,266,183.4,12.6
CA,50231,POMONA VALLEY HOSPITAL MEDICAL CENTER,197,408,183,266,183.4,13.6
CA,50100,SHARP MEMORIAL HOSPITAL,197,342,183,266,183.4,13.6
CA,50055,CALIFORNIA PACIFIC MEDICAL CENTER - MISSION BERNAL,198,330,185,266,183.4,14.6
CA,50603,MEMORIALCARE SADDLEBACK MEDICAL CENTER,199,367,186,266,183.4,15.6
CA,50516,MERCY SAN JUAN MEDICAL CENTER,200,348,187,266,183.4,16.6
CA,50517,VICTOR VALLEY GLOBAL MEDICAL CENTER,200,358,187,266,183.4,16.6
CA,50103,ADVENTIST HEALTH WHITE MEMORIAL,202,395,189,266,183.4,18.6
CA,50739,CENTINELA HOSPITAL MEDICAL CENTER,202,335,189,266,183.4,18.6
CA,50058,GLENDALE MEM HOSPITAL & HLTH CENTER,202,369,189,266,183.4,18.6
CA,50024,PARADISE VALLEY HOSPITAL,202,347,189,266,183.4,18.6
CA,50179,EMANUEL MEDICAL CENTER,205,408,193,266,183.4,21.6
CA,51333,RIDGECREST REGIONAL HOSPITAL,206,1630,194,266,183.4,22.6
CA,50245,ARROWHEAD REGIONAL MEDICAL CENTER,207,417,195,266,183.4,23.6
CA,50488,EDEN MEDICAL CENTER,207,371,195,266,183.4,23.6
CA,50775,TEMECULA VALLEY HOSPITAL,207,379,195,266,183.4,23.6
CA,50305,ALTA BATES SUMMIT MEDICAL CENTER - ALTA BATES CAMP,208,370,198,266,183.4,24.6
CA,50283,STANFORD HEALTH CARE TRI-VALLEY,211,377,199,266,183.4,27.6
CA,50091,COMMUNITY HOSPITAL OF HUNTINGTON PARK,212,306,200,266,183.4,28.6
CA,50235,PROVIDENCE SAINT JOSEPH MEDICAL CTR,213,373,201,266,183.4,29.6
CA,50580,LA PALMA INTERCOMMUNITY HOSPITAL,214,402,202,266,183.4,30.6
CA,50116,NORTHRIDGE HOSPITAL MEDICAL CENTER,214,375,202,266,183.4,30.6
CA,50378,PACIFICA HOSPITAL OF THE VALLEY,216,311,204,266,183.4,32.6
CA,50329,CORONA REGIONAL MEDICAL CENTER,217,381,205,266,183.4,33.6
CA,50390,HEMET GLOBAL MEDICAL CENTER,217,441,205,266,183.4,33.6
CA,50167,SAN JOAQUIN GENERAL HOSPITAL,218,850,207,266,183.4,34.6
CA,50581,UCI HEALTH-LAKEWOOD,218,340,207,266,183.4,34.6
CA,50115,PALOMAR HEALTH DOWNTOWN CAMPUS,221,341,209,266,183.4,37.6
CA,50778,LOMA LINDA UNIVERSITY CHILDREN'S HOSPITAL,222,321,210,266,183.4,38.6
CA,50069,PROVIDENCE ST. JOSEPH HOSPITAL,222,380,210,266,183.4,38.6
CA,50272,REDLANDS COMMUNITY HOSPITAL,222,322,210,266,183.4,38.6
CA,50112,SANTA MONICA - UCLA MED CTR & ORTHOPAEDIC HOSPITAL,222,376,210,266,183.4,38.6
CA,50464,DOCTORS MEDICAL CENTER,223,423,214,266,183.4,39.6
CA,50291,SUTTER SANTA ROSA REGIONAL HOSPITAL,224,368,215,266,183.4,40.6
CA,50036,BAKERSFIELD MEMORIAL HOSPITAL,226,352,216,266,183.4,42.6
CA,50770,LOMA LINDA UNIVERSITY MEDICAL CENTER-MURRIETA,226,371,216,266,183.4,42.6
CA,50084,ST JOSEPH'S MEDICAL CENTER OF STOCKTON,227,361,218,266,183.4,43.6
CA,50444,MERCY MEDICAL CENTER,228,364,219,266,183.4,44.6
CA,50567,PROVIDENCE MISSION HOSPITAL,228,370,219,266,183.4,44.6
CA,50300,PROVIDENCE ST MARY MEDICAL CENTER,228,352,219,266,183.4,44.6
CA,50471,PIH HEALTH GOOD SAMARITAN HOSPITAL,230,215,222,266,183.4,46.6
CA,50169,PIH HEALTH HOSPITAL-WHITTIER,230,180,222,266,183.4,46.6
CA,50060,COMMUNITY REGIONAL MEDICAL CENTER,231,1018,224,266,183.4,47.6
CA,50309,SUTTER ROSEVILLE MEDICAL CENTER,232,375,225,266,183.4,48.6
CA,50043,ALTA BATES SUMMIT MEDICAL CENTER,233,360,226,266,183.4,49.6
CA,50126,VALLEY PRESBYTERIAN HOSPITAL,234,337,227,266,183.4,50.6
CA,50704,MISSION COMMUNITY HOSPITAL,236,309,228,266,183.4,52.6
CA,50551,UCI HEALTH - LOS ALAMITOS,236,341,228,266,183.4,52.6
CA,50030,OROVILLE HOSPITAL,238,276,230,266,183.4,54.6
CA,50393,PIH HEALTH DOWNEY HOSPITAL,240,177,231,266,183.4,56.6
CA,50135,SOUTHERN CALIFORNIA HOSPITAL AT HOLLYWOOD,240,325,231,266,183.4,56.6
CA,50124,USC VERDUGO HILLS HOSPITAL,243,375,233,266,183.4,59.6
CA,50492,CLOVIS COMMUNITY MEDICAL CENTER,244,1094,234,266,183.4,60.6
CA,50093,SAINT AGNES MEDICAL CENTER,244,411,234,266,183.4,60.6
CA,50292,RIVERSIDE UNIVERSITY HEALTH SYSTEM-MEDICAL CENTER,245,345,236,266,183.4,61.6
CA,50128,TRI-CITY MEDICAL CENTER,248,412,237,266,183.4,64.6
CA,50104,SAINT FRANCIS MEDICAL CENTER,250,417,238,266,183.4,66.6
CA,50063,HOLLYWOOD PRESBYTERIAN MEDICAL CENTER,253,313,239,266,183.4,69.6
CA,50149,CALIFORNIA HOSPITAL MEDICAL CENTER LA,254,370,240,266,183.4,70.6
CA,50099,SAN ANTONIO REGIONAL HOSPITAL,256,376,241,266,183.4,72.6
CA,50025,UC SAN DIEGO HEALTH HILLCREST - HILLCREST MED CTR,258,339,242,266,183.4,74.6
CA,50238,USC ARCADIA HOSPITAL,258,372,242,266,183.4,74.6
CA,50573,EISENHOWER MEDICAL CENTER,259,362,244,266,183.4,75.6
CA,50557,MEMORIAL MEDICAL CENTER,265,360,245,266,183.4,81.6
CA,50056,ANTELOPE VALLEY HOSPITAL,266,346,246,266,183.4,82.6
CA,50168,PROVIDENCE ST. JUDE MEDICAL CENTER,270,388,247,266,183.4,86.6
CA,50057,KAWEAH HEALTH MEDICAL CENTER,275,740,248,266,183.4,91.6
CA,50441,STANFORD HEALTH CARE,275,359,248,266,183.4,91.6
CA,50455,ADVENTIST HEALTH BAKERSFIELD,280,394,250,266,183.4,96.6
CA,50454,UCSF MEDICAL CENTER,280,345,250,266,183.4,96.6
CA,50045,EL CENTRO REGIONAL MEDICAL CENTER,282,356,252,266,183.4,98.6
CA,50438,HUNTINGTON HOSPITAL,286,379,253,266,183.4,102.6
CA,50485,MEMORIALCARE LONG BEACH MEDICAL CENTER,287,323,254,266,183.4,103.6
CA,50315,KERN MEDICAL CENTER,293,300,255,266,183.4,109.6
CA,50376,LAC/HARBOR-UCLA MED CENTER,299,334,256,266,183.4,115.6
CA,50353,PROVIDENCE LITTLE COMPANY OF MARY MED CTR TORRANCE,300,354,257,266,183.4,116.6
CA,50262,RONALD REAGAN UCLA MEDICAL CENTER,312,331,258,266,183.4,128.6
CA,50040,LAC/OLIVE VIEW-UCLA MEDICAL CENTER,318,337,259,266,183.4,134.6
CA,50228,ZUCKERBERG SAN FRANCISCO GENERAL HOSP & TRAUMA CTR,319,322,260,266,183.4,135.6
CA,50348,UCI HEALTH-ORANGE,323,372,261,266,183.4,139.6
CA,50373,LOS ANGELES GENERAL MEDICAL CENTER,325,359,262,266,183.4,141.6
CA,50776,COLLEGE MEDICAL CENTER,330,156,263,266,183.4,146.6
CA,50599,UNIVERSITY OF CALIFORNIA DAVIS MEDICAL CENTER,359,336,264,266,183.4,175.6
CA,50625,CEDARS-SINAI MEDICAL CENTER,369,383,265,266,183.4,185.6
CA,50327,LOMA LINDA UNIVERSITY MEDICAL CENTER,464,348,266,266,183.4,280.6
CO,61301,RIO GRANDE HOSPITAL,42,175,1,75,137.9,-95.9
CO,61306,LINCOLN HEALTH HOSPITAL,93,121,2,75,137.9,-44.9
CO,60117,"ANIMAS SURGICAL HOSPITAL, LLC",97,474,3,75,137.9,-40.9
CO,60076,STERLING REGIONAL MEDCENTER,99,377,4,75,137.9,-38.9
CO,61327,SOUTHWEST MEMORIAL HOSPITAL,101,377,5,75,137.9,-36.9
CO,61321,MT SAN RAFAEL HOSPITAL,103,335,6,75,137.9,-34.9
CO,60024,UNIVERSITY OF COLORADO HOSPITAL AUTHORITY,103,384,6,75,137.9,-34.9
CO,61308,SAN LUIS VALLEY HEALTH CONEJOS COUNTY HOSPITAL,104,313,8,75,137.9,-33.9
CO,60022,UCH-MEMORIAL HEALTH SYSTEM,104,372,8,75,137.9,-33.9
CO,60129,UCHEALTH BROOMFIELD HOSPITAL,105,364,10,75,137.9,-32.9
CO,60044,ST ELIZABETH HOSPITAL,106,351,11,75,137.9,-31.9
CO,61309,WRAY COMMUNITY DISTRICT HOSPITAL,106,272,11,75,137.9,-31.9
CO,61317,GRAND RIVER HOSPITAL DISTRICT,107,387,13,75,137.9,-30.9
CO,60130,UCHEALTH GRANDVIEW HOSPITAL,108,385,14,75,137.9,-29.9
CO,61303,EAST MORGAN COUNTY HOSPITAL,111,367,15,75,137.9,-26.9
CO,61316,SPANISH PEAKS REGIONAL HEALTH CENTER,111,367,15,75,137.9,-26.9
CO,60133,ST FRANCIS HOSPITAL - INTERQUEST,112,395,17,75,137.9,-25.9
CO,60126,BANNER FORT COLLINS MEDICAL CENTER,114,378,18,75,137.9,-23.9
CO,60014,HCA HEALTHONE PRESBYTERIAN ST LUKE'S,117,407,19,75,137.9,-20.9
CO,61326,UCHEALTH PIKES PEAK REGIONAL HOSPITAL,117,375,19,75,137.9,-20.9
CO,61314,"MEMORIAL HOSPITAL, THE",119,5614,21,75,137.9,-18.9
CO,60034,HCA-HEALTHONE DBA SWEDISH MEDICAL CENTER,120,417,22,75,137.9,-17.9
CO,61300,WEISBROD MEMORIAL COUNTY HOSPITAL,120,251,22,75,137.9,-17.9
CO,60049,UCHEALTH YAMPA VALLEY MEDICAL CENTER,121,381,24,75,137.9,-16.9
CO,06003F,Evans ACH (FT Carson),122,425,25,75,137.9,-15.9
CO,60010,POUDRE VALLEY HOSPITAL,124,374,26,75,137.9,-13.9
CO,61315,YUMA DISTRICT HOSPITAL,124,272,26,75,137.9,-13.9
CO,60065,HCA HEALTHONE MOUNTAIN RIDGE,125,382,28,75,137.9,-12.9
CO,61313,KIT CARSON COUNTY MEMORIAL HOSPITAL,125,395,28,75,137.9,-12.9
CO,60032,HCA HEALTHONE ROSE,129,406,30,75,137.9,-8.9
CO,60128,LONGS PEAK HOSPITAL,130,418,31,75,137.9,-7.9
CO,61344,ST THOMAS MORE HOSPITAL,131,356,32,75,137.9,-6.9
CO,61304,HAXTUN HOSPITAL DISTRICT,132,353,33,75,137.9,-5.9
CO,61305,MELISSA MEMORIAL HOSPITAL,132,182,33,75,137.9,-5.9
CO,61318,MIDDLE PARK MEDICAL CENTER,132,244,33,75,137.9,-5.9
CO,61310,SEDGWICK COUNTY MEMORIAL HOSPITAL,132,412,33,75,137.9,-5.9
CO,60027,BOULDER COMMUNITY HEALTH,133,346,37,75,137.9,-4.9
CO,61343,KEEFE MEMORIAL HOSPITAL,133,232,37,75,137.9,-4.9
CO,60119,MEDICAL CENTER OF THE ROCKIES,133,381,37,75,137.9,-4.9
CO,61328,PAGOSA SPRINGS MEDICAL CENTER,133,388,37,75,137.9,-4.9
CO,61323,PROWERS MEDICAL CENTER,133,173,37,75,137.9,-4.9
CO,61320,GUNNISON VALLEY HOSPITAL,134,241,42,75,137.9,-3.9
CO,60112,SKY RIDGE MEDICAL CENTER,135,418,43,75,137.9,-2.9
CO,60131,UCHEALTH GREELEY HOSPITAL,139,381,44,75,137.9,1.1
CO,60054,COMMUNITY HOSPITAL,140,357,45,75,137.9,2.1
CO,60100,THE MEDICAL CENTER OF AURORA & SOUTH HOSPITAL,140,400,45,75,137.9,2.1
CO,60003,LONGMONT UNITED HOSPITAL,141,364,47,75,137.9,3.1
CO,60006,MONTROSE REGIONAL HEALTH,141,346,47,75,137.9,3.1
CO,60030,BANNER NORTH CO MEDICAL CENTER - LOVELAND CAMPUS,142,366,49,75,137.9,4.1
CO,60096,VAIL HEALTH HOSPITAL,143,411,50,75,137.9,5.1
CO,60001,BANNER NORTH COLORADO MEDICAL CENTER,145,382,51,75,137.9,7.1
CO,61311,SOUTHEAST COLORADO HOSPITAL DISTRICT,146,222,52,75,137.9,8.1
CO,60071,DELTA COUNTY MEMORIAL HOSPITAL,152,462,53,75,137.9,14.1
CO,60075,VALLEY VIEW HOSPITAL ASSOCIATION,154,361,54,75,137.9,16.1
CO,60104,CENTURA HEALTH-ST ANTHONY NORTH HEALTH CAMPUS,158,386,55,75,137.9,20.1
CO,60118,ST ANTHONY SUMMIT MEDICAL CENTER,158,367,55,75,137.9,20.1
CO,60004,INTERMOUNTAIN HEALTH PLATTE VALLEY HOSPITAL,161,369,57,75,137.9,23.1
CO,60013,MERCY REGIONAL MEDICAL CENTER,161,359,57,75,137.9,23.1
CO,60132,UCHEALTH HIGHLANDS RANCH HOSPITAL,161,374,57,75,137.9,23.1
CO,60114,AdventHealth Parker,164,368,60,75,137.9,26.1
CO,60103,ADVENTHEALTH AVISTA,165,344,61,75,137.9,27.1
CO,60012,ST MARY-CORWIN HOSPITAL,167,373,62,75,137.9,29.1
CO,60125,ADVENTHEALTH CASTLE ROCK,168,367,63,75,137.9,30.1
CO,60008,SAN LUIS VALLEY REGIONAL  MEDICAL CENTER,168,367,63,75,137.9,30.1
CO,60113,AdventHealth Littleton,173,354,65,75,137.9,35.1
CO,60020,"PARKVIEW MEDICAL CENTER, INC",173,356,65,75,137.9,35.1
CO,60116,GOOD SAMARITAN MEDICAL CENTER LLC,175,370,67,75,137.9,37.1
CO,60028,SAINT JOSEPH HOSPITAL,179,351,68,75,137.9,41.1
CO,60009,LUTHERAN MEDICAL CENTER,192,365,69,75,137.9,54.1
CO,60023,INTERMOUNTAIN HEALTH ST. MARY'S REGIONAL HOSPITAL,198,336,70,75,137.9,60.1
CO,60064,AdventHealth Porter,199,347,71,75,137.9,61.1
CO,61325,EASTERN RIO BLANCO COUNTY HEALTH SERVICE DISTRICT,199,57,71,75,137.9,61.1
CO,60015,CENTURA HEALTH-ST ANTHONY HOSPITAL,203,376,73,75,137.9,65.1
CO,60011,DENVER HEALTH & HOSPITAL AUTHORITY,211,355,74,75,137.9,73.1
CO,60031,CENTURA HEALTH-PENROSE ST FRANCIS HEALTH SERVICES,216,372,75,75,137.9,78.1
CT,70007,LAWRENCE & MEMORIAL HOSPITAL,123,361,1,25,196.6,-73.6
CT,70004,SHARON HOSPITAL,127,385,2,25,196.6,-69.6
CT,70010,BRIDGEPORT HOSPITAL,134,360,3,25,196.6,-62.6
CT,70021,WINDHAM COMMUNITY MEMORIAL HOSPITAL,144,322,4,25,196.6,-52.6
CT,70011,CHARLOTTE HUNGERFORD HOSPITAL,150,338,5,25,196.6,-46.6
CT,70035,THE HOSPITAL OF CENTRAL CONNECTICUT,161,333,6,25,196.6,-35.6
CT,70024,WILLIAM W BACKUS HOSPITAL,166,352,7,25,196.6,-30.6
CT,70020,MIDDLESEX HOSPITAL,168,400,8,25,196.6,-28.6
CT,70031,GRIFFIN HOSPITAL,173,383,9,25,196.6,-23.6
CT,70018,GREENWICH HOSPITAL ASSOCIATION -,177,361,10,25,196.6,-19.6
CT,70008,JOHNSON MEMORIAL HOSPITAL,178,366,11,25,196.6,-18.6
CT,70029,BRISTOL HOSPITAL,194,437,12,25,196.6,-2.6
CT,70034,NORWALK HOSPITAL,201,370,13,25,196.6,4.4
CT,70033,DANBURY HOSPITAL,204,366,14,25,196.6,7.4
CT,70022,YALE-NEW HAVEN HOSPITAL,204,348,14,25,196.6,7.4
CT,70006,STAMFORD HOSPITAL,209,411,16,25,196.6,12.4
CT,70017,MIDSTATE MEDICAL CENTER,223,335,17,25,196.6,26.4
CT,70005,WATERBURY HOSPITAL,224,358,18,25,196.6,27.4
CT,70003,DAY KIMBALL HOSPITAL,226,361,19,25,196.6,29.4
CT,70028,ST VINCENT'S MEDICAL CENTER,230,348,20,25,196.6,33.4
CT,70027,MANCHESTER MEMORIAL HOSPITAL,236,356,21,25,196.6,39.4
CT,70036,JOHN DEMPSEY HOSPITAL OF THE UNIVERSITY OF CONNECT,240,384,22,25,196.6,43.4
CT,70016,SAINT MARY'S HOSPITAL,267,375,23,25,196.6,70.4
CT,70002,ST FRANCIS HOSPITAL & MEDICAL CENTER,275,385,24,25,196.6,78.4
CT,70025,HARTFORD HOSPITAL,281,337,25,25,196.6,84.4
DC,90003,HOWARD UNIVERSITY HOSPITAL CORP,232,461,1,6,330.0,-98.0
DC,90008,UNITED MEDICAL CENTER,277,163,2,6,330.0,-53.0
DC,90005,SIBLEY MEMORIAL HOSPITAL,320,372,3,6,330.0,-10.0
DC,90004,MEDSTAR GEORGETOWN UNIVERSITY HOSPITAL,371,381,4,6,330.0,41.0
DC,90001,GEORGE WASHINGTON UNIV HOSPITAL,380,372,5,6,330.0,50.0
DC,90011,MEDSTAR WASHINGTON HOSPITAL CENTER,400,352,6,6,330.0,70.0
DE,80006,"TIDALHEALTH NANTICOKE, INC.",167,355,1,6,219.7,-52.7
DE,80007,BEEBE MEDICAL CENTER,174,341,2,6,219.7,-45.7
DE,80003,ST FRANCIS HOSPITAL,194,399,3,6,219.7,-25.7
DE,80009,"BAYHEALTH HOSPITAL, SUSSEX CAMPUS",252,359,4,6,219.7,32.3
DE,80001,CHRISTIANA HOSPITAL,253,335,5,6,219.7,33.3
DE,80004,"BAYHEALTH MEDICAL CENTER, KENT CAMPUS",278,342,6,6,219.7,58.3
FL,101303,LAKE BUTLER HOSPITAL,86,293,1,176,154.0,-68.0
FL,10021F,96th Medical Group (Eglin AFB),87,393,2,176,154.0,-67.0
FL,100260,ST LUCIE MEDICAL CENTER,95,414,3,176,154.0,-59.0
FL,100206,HCA FLORIDA SOUTH TAMPA HOSPITAL,97,399,4,176,154.0,-57.0
FL,100126,HCA FLORIDA PASADENA HOSPITAL A PART OF HCA FLORID,98,362,5,176,154.0,-56.0
FL,100204,HCA FLORIDA NORTH FLORIDA HOSPITAL,99,429,6,176,154.0,-55.0
FL,100226,HCA FLORIDA ORANGE PARK HOSPITAL,101,407,7,176,154.0,-53.0
FL,100329,OVIEDO MEDICAL CENTER,102,398,8,176,154.0,-52.0
FL,100243,HCA FLORIDA BRANDON HOSPITAL,103,422,9,176,154.0,-51.0
FL,100236,HCA FLORIDA FAWCETT HOSPITAL,105,415,10,176,154.0,-49.0
FL,100166,HCA FLORIDA SARASOTA DOCTORS HOSPITAL,106,408,11,176,154.0,-48.0
FL,100313,ASCENSION SACRED HEART GULF,107,306,12,176,154.0,-47.0
FL,100212,MARION COMMUNTIY HOSPITAL,108,435,13,176,154.0,-46.0
FL,100054,HCA FLORIDA TWIN CITIES HOSPITAL,111,377,14,176,154.0,-43.0
FL,100179,HCA FLORIDA MEMORIAL HOSPITAL,112,399,15,176,154.0,-42.0
FL,100252,HCA FLORIDA RAULERSON HOSPITAL,112,397,15,176,154.0,-42.0
FL,100320,HCA FLORIDA POINCIANA HOSPITAL,113,426,17,176,154.0,-41.0
FL,101300,ADVENTHEALTH WAUCHULA,114,384,18,176,154.0,-40.0
FL,100287,GOOD SAMARITAN MEDICAL CENTER,114,445,18,176,154.0,-40.0
FL,100248,HCA FLORIDA LARGO HOSPITAL,114,374,18,176,154.0,-40.0
FL,100231,HCA FLORIDA WEST HOSPITAL,115,406,21,176,154.0,-39.0
FL,101312,FISHERMEN'S COMMUNITY HOSPITAL,116,334,22,176,154.0,-38.0
FL,101304,CALHOUN-LIBERTY HOSPITAL,117,181,23,176,154.0,-37.0
FL,100124,SANTA ROSA MEDICAL CENTER,117,417,23,176,154.0,-37.0
FL,101314,DOCTORS MEMORIAL HOSPITAL INC,118,283,25,176,154.0,-36.0
FL,100191,HCA FLORIDA TRINITY HOSPITAL,118,405,25,176,154.0,-36.0
FL,101313,MARINERS HOSPITAL,118,340,25,176,154.0,-36.0
FL,100232,HCA FLORIDA PUTNAM HOSPITAL,119,397,28,176,154.0,-35.0
FL,100156,HCA FLORIDA LAKE CITY HOSPITAL,120,408,29,176,154.0,-34.0
FL,100110,HCA FLORIDA OSCEOLA HOSPITAL,120,424,29,176,154.0,-34.0
FL,100254,HCA FLORIDA CAPITAL HOSPITAL,121,425,31,176,154.0,-33.0
FL,10013F,NH Jacksonville,121,433,31,176,154.0,-33.0
FL,100361,ASCENSION ST VINCENT'S ST JOHNS COUNTY,122,291,33,176,154.0,-32.0
FL,100122,NORTH OKALOOSA MEDICAL CENTER,122,407,33,176,154.0,-32.0
FL,100228,WESTSIDE REGIONAL MEDICAL CENTER,122,419,33,176,154.0,-32.0
FL,100307,ASCENSION ST VINCENT'S SOUTHSIDE,123,292,36,176,154.0,-31.0
FL,100161,CENTRAL FLORIDA LAKE MONROE HOSPITAL,123,397,36,176,154.0,-31.0
FL,101307,DOCTORS MEMORIAL HOSPITAL,123,1168,36,176,154.0,-31.0
FL,100137,ADVENTHEALTH HEART OF FLORIDA,124,372,39,176,154.0,-30.0
FL,100107,HCA FLORIDA LEHIGH HOSPITAL,124,314,39,176,154.0,-30.0
FL,100360,HCA FLORIDA UNIVERSITY HOSPITAL,124,403,39,176,154.0,-30.0
FL,100224,UNIVERSITY HOSPITAL AND MEDICAL CENTER,124,394,39,176,154.0,-30.0
FL,100049,HCA FLORIDA HIGHLANDS HOSPITAL,125,399,43,176,154.0,-29.0
FL,100209,HCA FLORIDA KENDALL HOSPITAL,127,420,44,176,154.0,-27.0
FL,100246,HCA FLORIDA LAWNWOOD HOSPITAL,127,417,44,176,154.0,-27.0
FL,100269,HCA FLORIDA PALMS WEST HOSPITAL,127,414,44,176,154.0,-27.0
FL,100121,BARTOW REGIONAL MEDICAL CENTER,128,625,47,176,154.0,-26.0
FL,100242,HCA FLORIDA GULF COAST HOSPITAL,128,434,47,176,154.0,-26.0
FL,100053,HIALEAH HOSPITAL,128,372,47,176,154.0,-26.0
FL,100291,ORLANDO HEALTH MELBOURNE HOSPITAL,128,396,47,176,154.0,-26.0
FL,100299,LAKEWOOD RANCH MEDICAL CENTER,129,390,51,176,154.0,-25.0
FL,100230,MEMORIAL HOSPITAL PEMBROKE,129,362,51,176,154.0,-25.0
FL,100099,ADVENTHEALTH LAKE WALES,130,383,53,176,154.0,-24.0
FL,100077,Adventhealth Port Charlotte,130,380,53,176,154.0,-24.0
FL,100223,HCA FLORIDA FORT WALTON-DESTIN HOSPITAL,130,393,53,176,154.0,-24.0
FL,100180,HCA FLORIDA ST PETERSBURG HOSPITAL,132,403,56,176,154.0,-22.0
FL,100055,ADVENTHEALTH NORTH PINELLAS,133,407,57,176,154.0,-21.0
FL,100131,HCA FLORIDA AVENTURA HOSPITAL,133,410,57,176,154.0,-21.0
FL,101315,JAY HOSPITAL,133,383,57,176,154.0,-21.0
FL,100069,AdventHealth Carrollwood,134,417,60,176,154.0,-20.0
FL,100183,CORAL GABLES HOSPITAL,134,370,60,176,154.0,-20.0
FL,100213,HCA FLORIDA BLAKE HOSPITAL,134,411,60,176,154.0,-20.0
FL,100051,ORLANDO HEALTH SOUTH LAKE HOSPITAL,134,1861,60,176,154.0,-20.0
FL,100167,HCA FLORIDA MERCY HOSPITAL,135,413,64,176,154.0,-19.0
FL,100150,LOWER KEYS MEDICAL CENTER,135,387,64,176,154.0,-19.0
FL,100032,ORLANDO HEALTH BAYFRONT HOSPITAL,135,405,64,176,154.0,-19.0
FL,100200,BROWARD HEALTH IMPERIAL POINT,136,344,67,176,154.0,-18.0
FL,100080,HCA FLORIDA JFK HOSPITAL,137,398,68,176,154.0,-17.0
FL,100249,TAMPA GENERAL HOSPITAL CRYSTAL RIVER,137,372,68,176,154.0,-17.0
FL,100268,WEST BOCA MEDICAL CENTER,138,432,70,176,154.0,-16.0
FL,101311,MADISON COUNTY MEMORIAL HOSPITAL,139,290,71,176,154.0,-15.0
FL,101309,HENDRY REGIONAL MEDICAL CENTER,141,1227,72,176,154.0,-13.0
FL,100142,JACKSON HOSPITAL,141,1356,72,176,154.0,-13.0
FL,100350,UCF LAKE NONA HOSPITAL,141,370,72,176,154.0,-13.0
FL,100072,ADVENTHEALTH FISH MEMORIAL,143,423,75,176,154.0,-11.0
FL,100109,ADVENTHEALTH SEBRING,143,416,75,176,154.0,-11.0
FL,100025,SACRED HEART HOSPITAL,143,298,75,176,154.0,-11.0
FL,100330,HALIFAX HEALTH /UF HEALTH MEDICAL CENTER OF DELTON,144,804,78,176,154.0,-10.0
FL,100176,PALM BEACH GARDENS MEDICAL CENTER,144,454,78,176,154.0,-10.0
FL,100014,ADVENTHEALTH NEW SMYRNA BEACH,145,420,80,176,154.0,-9.0
FL,100175,DESOTO MEMORIAL HOSPITAL,145,373,80,176,154.0,-9.0
FL,100302,ORLANDO HEALTH ST CLOUD HOSPITAL,145,401,80,176,154.0,-9.0
FL,100211,ADVENTHEALTH DADE CITY,146,466,83,176,154.0,-8.0
FL,100189,HCA FLORIDA NORTHWEST HOSPITAL,146,407,83,176,154.0,-8.0
FL,100259,HCA FLORIDA SOUTH SHORE HOSPITAL,146,394,83,176,154.0,-8.0
FL,100035,MANATEE MEMORIAL HOSPITAL,146,366,83,176,154.0,-8.0
FL,100068,ADVENTHEALTH DAYTONA BEACH,147,413,87,176,154.0,-7.0
FL,100130,LAKESIDE MEDICAL CENTER,147,357,87,176,154.0,-7.0
FL,100267,HCA FLORIDA ENGLEWOOD HOSPITAL,148,382,89,176,154.0,-6.0
FL,100181,LARKIN COMMUNITY HOSPITAL,148,1066,89,176,154.0,-6.0
FL,100043,MEASE DUNEDIN HOSPITAL,148,477,89,176,154.0,-6.0
FL,100030,ORLANDO HEALTH-HEALTH CENTRAL HOSPITAL,148,2187,89,176,154.0,-6.0
FL,100062,ADVENTHEALTH OCALA,149,378,93,176,154.0,-5.0
FL,100258,DELRAY MEDICAL CENTER,151,419,94,176,154.0,-3.0
FL,100134,ED FRASER MEMORIAL HOSPITAL,152,366,95,176,154.0,-2.0
FL,100319,ADVENTHEALTH WESLEY CHAPEL,153,393,96,176,154.0,-1.0
FL,100362,BAYCARE HOSPITAL WESLEY CHAPEL,153,710,96,176,154.0,-1.0
FL,100238,HCA FLORIDA NORTHSIDE HOSPITAL,153,371,96,176,154.0,-1.0
FL,100173,ADVENTHEALTH TAMPA,154,408,99,176,154.0,-0.0
FL,100046,Adventhealth Zephyrhills,156,452,100,176,154.0,2.0
FL,100118,AdventHealth Palm Coast,157,415,101,176,154.0,3.0
FL,100045,ADVENTHEALTH DELAND,159,403,102,176,154.0,5.0
FL,100038,MEMORIAL REGIONAL HOSPITAL,159,727,102,176,154.0,5.0
FL,100288,ST MARY'S MEDICAL CENTER,159,425,102,176,154.0,5.0
FL,100264,HCA FLORIDA OAK HILL HOSPITAL,160,414,105,176,154.0,6.0
FL,100290,"VILLAGES REGIONAL HOSPITAL, THE",160,404,105,176,154.0,6.0
FL,100040,ASCENSION ST VINCENT'S RIVERSIDE,161,287,107,176,154.0,7.0
FL,100023,HCA FLORIDA CITRUS HOSPITAL,161,437,107,176,154.0,7.0
FL,100073,HOLY CROSS HOSPITAL,161,392,107,176,154.0,7.0
FL,100071,TAMPA GENERAL HOSPITAL BROOKSVILLE,161,370,107,176,154.0,7.0
FL,100007,ADVENTHEALTH ORLANDO,162,655,111,176,154.0,8.0
FL,100090,FLAGLER HOSPITAL,162,423,111,176,154.0,8.0
FL,100157,LAKELAND REGIONAL MEDICAL CENTER,162,415,111,176,154.0,8.0
FL,100285,MEMORIAL HOSPITAL MIRAMAR,162,347,111,176,154.0,8.0
FL,100296,DOCTORS HOSPITAL,163,365,115,176,154.0,9.0
FL,100286,PHYSICIANS REGIONAL MEDICAL CENTER - PINE RIDGE,163,398,115,176,154.0,9.0
FL,100275,WELLINGTON REGIONAL MEDICAL CENTER,164,389,117,176,154.0,10.0
FL,100363,ADVENTHEALTH PALM COAST PARKWAY,165,415,118,176,154.0,11.0
FL,100256,HCA FLORIDA BAYONET POINT HOSPITAL,168,406,119,176,154.0,14.0
FL,100217,ORLANDO HEALTH SEBASTIAN RIVER HOSPITAL,168,355,119,176,154.0,14.0
FL,100084,UF HEALTH LEESBURG HOSPITAL,168,390,119,176,154.0,14.0
FL,100140,BAPTIST MEDICAL CENTER - NASSAU,169,447,122,176,154.0,15.0
FL,100088,BAPTIST HEALTH MEDICAL CENTER - JACKSONVILLE,170,467,123,176,154.0,16.0
FL,100034,"MOUNT SINAI MEDICAL CENTER OF FLORIDA, INC",172,334,124,176,154.0,18.0
FL,100177,CAPE CANAVERAL HOSPITAL,173,395,125,176,154.0,19.0
FL,100018,NAPLES COMMUNITY HOSPITAL,173,823,125,176,154.0,19.0
FL,100266,GULF BREEZE HOSPITAL,174,395,127,176,154.0,20.0
FL,100006,ORLANDO HEALTH,175,5062,128,176,154.0,21.0
FL,100029,NORTH SHORE MEDICAL CENTER,176,365,129,176,154.0,22.0
FL,100017,HALIFAX HEALTH MEDICAL CENTER,177,333,130,176,154.0,23.0
FL,100026,ASCENSION SACRED HEART BAY,178,294,131,176,154.0,24.0
FL,100276,BROWARD HEALTH CORAL SPRINGS,180,359,132,176,154.0,26.0
FL,100292,SACRED HEART HOSPITAL ON THE EMERALD COAST,181,298,133,176,154.0,27.0
FL,100044,CLEVELAND CLINIC MARTIN NORTH HOSPITAL,183,375,134,176,154.0,29.0
FL,100127,MORTON PLANT HOSPITAL,183,1002,134,176,154.0,29.0
FL,100050,LARKIN COMMUNITY HOSPITAL PALM SPRINGS CAMPUS,184,239,136,176,154.0,30.0
FL,100052,WINTER HAVEN HOSPITAL,184,777,136,176,154.0,30.0
FL,100364,ADVENTHEALTH RIVERVIEW,185,202,138,176,154.0,31.0
FL,100001,SHANDS JACKSONVILLE,186,376,139,176,154.0,32.0
FL,100075,ST JOSEPHS HOSPITAL,186,2419,139,176,154.0,32.0
FL,100314,WEST KENDALL BAPTIST HOSPITAL,186,370,139,176,154.0,32.0
FL,100086,BROWARD HEALTH NORTH,187,363,142,176,154.0,33.0
FL,100168,BOCA RATON REGIONAL HOSPITAL,188,348,143,176,154.0,34.0
FL,100253,JUPITER MEDICAL CENTER,188,415,143,176,154.0,34.0
FL,100321,ASCENSION ST VINCENT'S CLAY COUNTY,192,289,145,176,154.0,38.0
FL,100117,BAPTIST MEDICAL CENTER  BEACHES,193,479,146,176,154.0,39.0
FL,100063,MORTON PLANT NORTH BAY HOSPITAL,193,561,146,176,154.0,39.0
FL,100187,PALMETTO GENERAL HOSPITAL,194,347,148,176,154.0,40.0
FL,100315,VIERA HOSPITAL,194,393,148,176,154.0,40.0
FL,100002,BETHESDA HOSPITAL EAST,195,374,150,176,154.0,41.0
FL,100154,SOUTH MIAMI HOSPITAL,195,427,150,176,154.0,41.0
FL,100039,BROWARD HEALTH MEDICAL CENTER,196,360,152,176,154.0,42.0
FL,100265,MEASE COUNTRYSIDE HOSPITAL,198,676,153,176,154.0,44.0
FL,100132,SOUTH FLORIDA BAPTIST HOSPITAL,199,436,154,176,154.0,45.0
FL,100067,ST ANTHONYS HOSPITAL,200,571,155,176,154.0,46.0
FL,100022,JACKSON HEALTH SYSTEM,204,2084,156,176,154.0,50.0
FL,100316,PALM BAY HOSPITAL,204,382,156,176,154.0,50.0
FL,100087,SARASOTA MEMORIAL HOSPITAL,204,730,156,176,154.0,50.0
FL,100135,TALLAHASSEE MEMORIAL HEALTHCARE,204,410,156,176,154.0,50.0
FL,100057,ADVENTHEALTH WATERMAN,206,411,160,176,154.0,52.0
FL,100151,MAYO CLINIC,206,394,160,176,154.0,52.0
FL,100093,BAPTIST HOSPITAL,207,363,162,176,154.0,53.0
FL,100284,KERALTY HOSPITAL,207,532,162,176,154.0,53.0
FL,100281,MEMORIAL HOSPITAL WEST,207,357,162,176,154.0,53.0
FL,100289,CLEVELAND CLINIC HOSPITAL,214,389,165,176,154.0,60.0
FL,100105,CLEVELAND CLINIC INDIAN RIVER HOSPITAL,217,378,166,176,154.0,63.0
FL,100244,CAPE CORAL HOSPITAL,219,405,167,176,154.0,65.0
FL,100012,LEE MEMORIAL HOSPITAL,220,400,168,176,154.0,66.0
FL,100028,PARRISH MEDICAL CENTER,220,460,168,176,154.0,66.0
FL,100019,HOLMES REGIONAL MEDICAL CENTER,222,378,170,176,154.0,68.0
FL,100359,SARASOTA MEMORIAL HOSPITAL - VENICE,223,357,171,176,154.0,69.0
FL,100113,UF HEALTH SHANDS HOSPITAL,231,379,172,176,154.0,77.0
FL,100125,HOMESTEAD HOSPITAL,232,456,173,176,154.0,78.0
FL,100128,TAMPA GENERAL HOSPITAL,232,1219,173,176,154.0,78.0
FL,100008,BAPTIST HOSPITAL OF MIAMI,235,370,175,176,154.0,81.0
FL,100220,GULF COAST MEDICAL CENTER LEE HEALTH,274,411,176,176,154.0,120.0
GA,111323,OPTIM MEDICAL CENTER - TATTNALL,68,402,1,123,168.9,-100.9
GA,111332,ARCHBOLD BROOKS,78,423,2,123,168.9,-90.9
GA,111316,WARM SPRINGS MEDICAL CENTER,79,405,3,123,168.9,-89.9
GA,111305,MILLER COUNTY HOSPITAL,80,446,4,123,168.9,-88.9
GA,110234,SGMC BERRIEN CAMPUS,83,467,5,123,168.9,-85.9
GA,111326,SGMC HEALTH LANIER,83,480,5,123,168.9,-85.9
GA,111303,JASPER MEMORIAL HOSPITAL,86,351,7,123,168.9,-82.9
GA,111312,OPTIM MEDICAL CENTER - SCREVEN,87,397,8,123,168.9,-81.9
GA,110100,JEFFERSON HOSPITAL,92,400,9,123,168.9,-76.9
GA,111308,CLINCH MEMORIAL HOSPITAL,93,392,10,123,168.9,-75.9
GA,111330,ATRIUM HEALTH FLOYD POLK MEDICAL CENTER,95,397,11,123,168.9,-73.9
GA,111311,JENKINS COUNTY MEDICAL CENTER,95,485,11,123,168.9,-73.9
GA,111304,MORGAN MEDICAL CENTER,97,421,13,123,168.9,-71.9
GA,111314,LIFEBRITE COMMUNITY HOSPITAL OF EARLY,102,422,14,123,168.9,-66.9
GA,110027,"TY COBB REGIONAL MEDICAL CENTER, LLC",102,392,14,123,168.9,-66.9
GA,11033F,Dwight Eisenhower AMC (FT Gordon),104,428,16,123,168.9,-64.9
GA,111336,MOUNTAIN LAKES MEDICAL CENTER,107,425,17,123,168.9,-61.9
GA,111328,PHOEBE WORTH MEDICAL CENTER,107,451,17,123,168.9,-61.9
GA,111325,WILLS MEMORIAL HOSPITAL,108,398,19,123,168.9,-60.9
GA,111319,WELLSTAR SYLVAN GROVE MEDICAL CENTER,110,358,20,123,168.9,-58.9
GA,111333,JEFF DAVIS HOSPITAL,111,1012,21,123,168.9,-57.9
GA,111331,ARCHBOLD MITCHELL,112,417,22,123,168.9,-56.9
GA,111334,CANDLER COUNTY HOSPITAL,113,398,23,123,168.9,-55.9
GA,110236,CHI MEMORIAL HOSPITAL- GEORGIA,118,352,24,123,168.9,-50.9
GA,110071,APPLING HEALTHCARE,119,407,25,123,168.9,-49.9
GA,111337,ELBERT MEMORIAL HOSPITAL,120,562,26,123,168.9,-48.9
GA,111329,ST MARYS GOOD SAMARITAN HOSPITAL,124,399,27,123,168.9,-44.9
GA,110032,STEPHENS COUNTY HOSPITAL,124,450,27,123,168.9,-44.9
GA,110086,WASHINGTON COUNTY REGIONAL MEDICAL CENTER,124,411,27,123,168.9,-44.9
GA,111302,BLECKLEY MEMORIAL HOSPITAL,125,380,30,123,168.9,-43.9
GA,111313,PUTNAM GENERAL HOSPITAL,125,409,30,123,168.9,-43.9
GA,111320,HIGGINS GENERAL HOSPITAL,127,361,32,123,168.9,-41.9
GA,110113,BURKE MEDICAL CENTER,130,444,33,123,168.9,-38.9
GA,110128,MEMORIAL HEALTH MEADOWS HOSPITAL,130,415,33,123,168.9,-38.9
GA,110125,FAIRVIEW PARK HOSPITAL,132,417,35,123,168.9,-36.9
GA,110045,"NGMC BARROW, LLC",132,454,35,123,168.9,-36.9
GA,110003,Memorial Satilla Health,133,419,37,123,168.9,-35.9
GA,110006,ST MARY'S HOSPITAL,133,399,37,123,168.9,-35.9
GA,110046,PIEDMONT WALTON HOSPITAL,137,393,39,123,168.9,-31.9
GA,110075,EAST GEORGIA REGIONAL MEDICAL CENTER,139,404,40,123,168.9,-29.9
GA,110142,EVANS MEMORIAL HOSPITAL,139,416,40,123,168.9,-29.9
GA,110111,UNIVERSITY MCDUFFIE COUNTY REGIONAL MEDICAL CENTER,141,369,42,123,168.9,-27.9
GA,110050,ADVENTHEALTH MURRAY,143,465,43,123,168.9,-25.9
GA,111306,EFFINGHAM HEALTH SYSTEM,144,448,44,123,168.9,-24.9
GA,110121,GRADY GENERAL HOSPITAL,144,409,44,123,168.9,-24.9
GA,110015,TANNER MEDICAL CENTER VILLA RICA,146,378,46,123,168.9,-22.9
GA,11032F,Martin ACH (FT Benning),147,423,47,123,168.9,-21.9
GA,110073,DORMINY MEDICAL CENTER,150,376,48,123,168.9,-18.9
GA,111318,MONROE COUNTY HOSPITAL,150,435,48,123,168.9,-18.9
GA,110016,WELLSTAR WEST GEORGIA MEDICAL CENTER,150,363,48,123,168.9,-18.9
GA,111324,CHATUGE REGIONAL HOSPITAL,151,405,51,123,168.9,-17.9
GA,110225,PIEDMONT MOUNTAINSIDE HOSPITAL INC,152,400,52,123,168.9,-16.9
GA,110054,ATRIUM HEALTH FLOYD MEDICAL CENTER,154,392,53,123,168.9,-14.9
GA,110146,SOUTHEAST GEORGIA HEALTH SYSTEM -- CAMDEN CAMPUS,154,402,53,123,168.9,-14.9
GA,111327,BACON COUNTY HOSPITAL,156,510,55,123,168.9,-12.9
GA,110036,SAVANNAH HEALTH SERVICES LLC DBA MEMORIAL HEALTH UNIVERSITY MEDICAL CENTER,156,464,55,123,168.9,-12.9
GA,11035F,Winn ACH (FT Stewart),156,382,55,123,168.9,-12.9
GA,110041,NORTHEAST GEORGIA MEDICAL CENTER HABERSHAM,157,442,58,123,168.9,-11.9
GA,110002,UPSON REGIONAL MEDICAL CENTER,160,403,59,123,168.9,-8.9
GA,110064,PIEDMONT COLUMBUS REGIONAL MIDTOWN,161,409,60,123,168.9,-7.9
GA,110237,NORTHEAST GEORGIA MEDICAL CENTER LUMPKIN,162,430,61,123,168.9,-6.9
GA,110105,COLQUITT REGIONAL MEDICAL CENTER,164,384,62,123,168.9,-4.9
GA,110092,DODGE COUNTY HOSPITAL,165,377,63,123,168.9,-3.9
GA,110109,EMANUEL MEDICAL CENTER,165,472,63,123,168.9,-3.9
GA,110132,MEMORIAL HOSPITAL AND MANOR,168,380,65,123,168.9,-0.9
GA,110030,PIEDMONT CARTERSVILLE MEDICAL CENTER,168,410,65,123,168.9,-0.9
GA,110168,ADVENTHEALTH REDMOND,170,397,67,123,168.9,1.1
GA,110025,SOUTHEAST GEORGIA HEALTH SYSTEM- BRUNSWICK CAMPUS,170,383,67,123,168.9,1.1
GA,110177,DOCTORS HOSPITAL,171,412,69,123,168.9,2.1
GA,110005,NORTHSIDE HOSPITAL FORSYTH,171,900,69,123,168.9,2.1
GA,110051,UNION GENERAL HOSPITAL,171,397,69,123,168.9,2.1
GA,111335,LIBERTY REGIONAL MEDICAL CENTER,173,395,72,123,168.9,4.1
GA,110192,PIEDMONT EASTSIDE MEDICAL CENTER,176,389,73,123,168.9,7.1
GA,111310,ATRIUM HEALTH NAVICENT PEACH,177,356,74,123,168.9,8.1
GA,110023,ADVENTHEALTH GORDON,178,486,75,123,168.9,9.1
GA,110198,WELLSTAR NORTH FULTON MEDICAL CENTER,178,352,75,123,168.9,9.1
GA,110104,CRISP REGIONAL HOSPITAL,180,345,77,123,168.9,11.1
GA,110194,DONALSONVILLE HOSPITAL INC,180,416,77,123,168.9,11.1
GA,110124,WAYNE MEMORIAL HOSPITAL,181,392,79,123,168.9,12.1
GA,110074,PIEDMONT ATHENS REGIONAL MEDICAL CENTER,183,399,80,123,168.9,14.1
GA,110107,ATRIUM HEALTH NAVICENT THE MEDICAL CENTER,184,365,81,123,168.9,15.1
GA,110184,WELLSTAR DOUGLAS MEDICAL CENTER,186,359,82,123,168.9,17.1
GA,110001,HAMILTON MEDICAL CENTER,187,420,83,123,168.9,18.1
GA,110201,PIEDMONT MACON NORTH HOSPITAL,188,404,84,123,168.9,19.1
GA,110024,CANDLER HOSPITAL,191,363,85,123,168.9,22.1
GA,110011,TANNER MEDICAL CENTER - CARROLLTON,191,389,85,123,168.9,22.1
GA,110031,WELLSTAR SPALDING MEDICAL CENTER,192,344,87,123,168.9,23.1
GA,110150,NAVICENT HEALTH BALDWIN,197,353,88,123,168.9,28.1
GA,110200,PIEDMONT COLUMBUS REGIONAL NORTHSIDE,200,414,89,123,168.9,31.1
GA,110042,WELLSTAR PAULDING MEDICAL CENTER,200,356,89,123,168.9,31.1
GA,110229,"PIEDMONT NEWNAN HOSPITAL, INC",202,403,91,123,168.9,33.1
GA,110122,SGMC HEALTH,204,452,92,123,168.9,35.1
GA,110008,NORTHSIDE HOSPITAL CHEROKEE,205,896,93,123,168.9,36.1
GA,110043,ST JOSEPH'S HOSPITAL - SAVANNAH,206,367,94,123,168.9,37.1
GA,110252,NORTHSIDE HOSPITAL DULUTH,209,879,95,123,168.9,40.1
GA,110230,EMORY JOHNS CREEK HOSPITAL,210,385,96,123,168.9,41.1
GA,110028,PIEDMONT AUGUSTA HOSPITAL,212,390,97,123,168.9,43.1
GA,110089,"COFFEE REGIONAL MEDICAL CENTER, INC",213,377,98,123,168.9,44.1
GA,110018,PIEDMONT NEWTON HOSPITAL,214,387,99,123,168.9,45.1
GA,110226,EMORY HILLANDALE HOSPITAL,216,382,100,123,168.9,47.1
GA,110044,PHOEBE SUMTER MEDICAL CENTER,216,443,100,123,168.9,47.1
GA,110091,PIEDMONT ROCKDALE HOSPITAL,220,385,102,123,168.9,51.1
GA,110129,ST FRANCIS HOSPITAL- EMORY HEALTHCARE,221,394,103,123,168.9,52.1
GA,110038,ARCHBOLD MEMORIAL HOSPITAL,226,469,104,123,168.9,57.1
GA,110029,"NORTHEAST GEORGIA MEDICAL CENTER, INC",226,468,104,123,168.9,57.1
GA,110164,"COLISEUM MEDICAL CENTERS, LLC, DBA",229,377,106,123,168.9,60.1
GA,110161,NORTHSIDE HOSPITAL,236,871,107,123,168.9,67.1
GA,110191,PIEDMONT HENRY HOSPITAL,244,361,108,123,168.9,75.1
GA,110076,EMORY DECATUR HOSPITAL,246,361,109,123,168.9,77.1
GA,110095,TIFT REGIONAL MEDICAL CENTER,252,456,110,123,168.9,83.1
GA,110083,"PIEDMONT HOSPITAL, INC",255,402,111,123,168.9,86.1
GA,110143,WELLSTAR COBB MEDICAL CENTER,256,339,112,123,168.9,87.1
GA,110069,EMORY HOUSTON HOSPITAL WARNER ROBINS,258,552,113,123,168.9,89.1
GA,110082,"SAINT JOSEPH'S HOSPITAL OF ATLANTA, INC",259,388,114,123,168.9,90.1
GA,110165,SOUTHERN REGIONAL MEDICAL CENTER,260,387,115,123,168.9,91.1
GA,110035,WELLSTAR KENNESTONE REGIONAL MEDICAL CENTER,263,355,116,123,168.9,94.1
GA,110087,NORTHSIDE HOSPITAL GWINNETT,264,848,117,123,168.9,95.1
GA,110034,"WELLSTAR MCG HEALTH, AFFILIATED WITH MED COL",269,325,118,123,168.9,100.1
GA,110215,PIEDMONT FAYETTE HOSPITAL,281,391,119,123,168.9,112.1
GA,110007,PHOEBE PUTNEY MEMORIAL HOSPITAL,287,442,120,123,168.9,118.1
GA,110010,EMORY UNIVERSITY HOSPITAL,305,375,121,123,168.9,136.1
GA,110079,GRADY MEMORIAL HOSPITAL,324,332,122,123,168.9,155.1
GA,110078,EMORY UNIVERSITY HOSPITAL MIDTOWN,345,364,123,123,168.9,176.1
GU,650001,GUAM MEMORIAL  HOSPITAL AUTHORITY,154,308,1,1,154.0,0.0
HI,121308,KULA HOSPITAL,59,283,1,20,119.0,-60.0
HI,121306,SAMUEL MAHELONA MEMORIAL HOSPITAL,59,412,1,20,119.0,-60.0
HI,121307,HONOKA'A HOSPITAL AND SKILLED NURSING,65,262,3,20,119.0,-54.0
HI,121305,LANAI COMMUNITY HOSPITAL,78,254,4,20,119.0,-41.0
HI,121300,KAUAI VETERANS MEMORIAL HOSPITAL,79,420,5,20,119.0,-40.0
HI,121304,KAHUKU MEDICAL CENTER,81,417,6,20,119.0,-38.0
HI,121302,KOHALA HOSPITAL,82,238,7,20,119.0,-37.0
HI,121301,KAU HOSPITAL,83,353,8,20,119.0,-36.0
HI,121303,MOLOKAI GENERAL HOSPITAL,84,336,9,20,119.0,-35.0
HI,120022,STRAUB CLINIC AND HOSPITAL,116,356,10,20,119.0,-3.0
HI,120028,"NORTH HAWAII COMMUNITY HOSPITAL, INC",135,368,11,20,119.0,16.0
HI,120002,MAUI MEMORIAL MEDICAL CENTER,144,378,12,20,119.0,25.0
HI,120005,HILO BENIOFF MEDICAL CENTER,150,479,13,20,119.0,31.0
HI,120007,KUAKINI MEDICAL CENTER,150,378,13,20,119.0,31.0
HI,120014,WILCOX MEMORIAL HOSPITAL,150,364,13,20,119.0,31.0
HI,120006,ADVENTIST HEALTH CASTLE,159,403,16,20,119.0,40.0
HI,120026,PALI MOMI MEDICAL CENTER,160,372,17,20,119.0,41.0
HI,120019,KONA COMMUNITY HOSPITAL,169,380,18,20,119.0,50.0
HI,120001,THE QUEENS MEDICAL CENTER,178,339,19,20,119.0,59.0
HI,12001F,Tripler AMC (FT Shafter),198,361,20,20,119.0,79.0
IA,161317,COMPASS MEMORIAL HEALTHCARE,58,472,1,111,127.1,-69.1
IA,161374,MYRTUE MEDICAL CENTER,59,369,2,111,127.1,-68.1
IA,161349,VIRGINIA GAY HOSPITAL,74,241,3,111,127.1,-53.1
IA,161329,JACKSON COUNTY REGIONAL HEALTH CENTER,80,383,4,111,127.1,-47.1
IA,161303,GRUNDY COUNTY MEMORIAL HOSPITAL,81,426,5,111,127.1,-46.1
IA,161301,IOWA SPECIALTY HOSPITAL - BELMOND,85,281,6,111,127.1,-42.1
IA,161323,MITCHELL COUNTY REGIONAL HEALTH,86,186,7,111,127.1,-41.1
IA,161376,CASS COUNTY MEMORIAL HOSPITAL,87,354,8,111,127.1,-40.1
IA,161344,WASHINGTON COUNTY HOSPITAL AND CLINICS,87,174,8,111,127.1,-40.1
IA,161330,AUDUBON COUNTY MEMORIAL HOSPITAL,88,280,10,111,127.1,-39.1
IA,161335,BUCHANAN COUNTY HEALTH CENTER,88,357,10,111,127.1,-39.1
IA,161316,GUNDERSEN PALMER LUTHERAN HOSPITAL AND CLINICS,88,317,10,111,127.1,-39.1
IA,161328,REGIONAL HEALTH SERVICES OF HOWARD COUNTY,88,2832,10,111,127.1,-39.1
IA,161356,HENRY COUNTY HEALTH CENTER,93,383,14,111,127.1,-34.1
IA,161318,VETERANS MEMORIAL HOSPITAL,93,347,14,111,127.1,-34.1
IA,161353,KOSSUTH REGIONAL HEALTH CENTER,94,384,16,111,127.1,-33.1
IA,161334,HUMBOLDT COUNTY MEMORIAL HOSPITAL,96,173,17,111,127.1,-31.1
IA,161365,GREATER REGIONAL MEDICAL CENTER,98,360,18,111,127.1,-29.1
IA,161312,GUTTENBERG MUNICIPAL HOSPITAL,98,182,18,111,127.1,-29.1
IA,161336,HEGG MEMORIAL HEALTH CENTER,99,1437,20,111,127.1,-28.1
IA,160040,"SARTORI MEMORIAL HOSPITAL, INC",99,375,20,111,127.1,-28.1
IA,161302,IOWA SPECIALTY HOSPITAL - CLARION,100,404,22,111,127.1,-27.1
IA,161327,DAVIS COUNTY HOSPITAL,101,403,23,111,127.1,-26.1
IA,161309,CHI HEALTH MISSOURI VALLEY,102,336,24,111,127.1,-25.1
IA,161340,DECATUR COUNTY HOSPITAL,102,285,24,111,127.1,-25.1
IA,161380,HANSEN FAMILY HOSPITAL,102,410,24,111,127.1,-25.1
IA,161319,MERCYONE ELKADER MEDICAL CENTER,102,314,24,111,127.1,-25.1
IA,161313,GENESIS MEDICAL CENTER-DEWITT,103,401,28,111,127.1,-24.1
IA,161354,HORN MEMORIAL HOSPITAL,103,260,28,111,127.1,-24.1
IA,161378,MERCYONE DYERSVILLE MEDICAL CENTER,103,291,28,111,127.1,-24.1
IA,161333,STORY COUNTY HOSPITAL,103,393,28,111,127.1,-24.1
IA,161348,CLARKE COUNTY HOSPITAL,104,361,32,111,127.1,-23.1
IA,160147,GRINNELL REGIONAL MEDICAL CENTER,104,337,32,111,127.1,-23.1
IA,161332,MANNING REGIONAL HEALTHCARE CENTER,104,169,32,111,127.1,-23.1
IA,161361,VAN DIEST MEDICAL CENTER,104,395,32,111,127.1,-23.1
IA,161370,LORING HOSPITAL,105,237,36,111,127.1,-22.1
IA,161357,PALO ALTO COUNTY HOSPITAL,105,283,36,111,127.1,-22.1
IA,161321,AVERA MERRILL PIONEER HOSPITAL,106,706,38,111,127.1,-21.1
IA,161341,LUCAS COUNTY HEALTH CENTER,108,281,39,111,127.1,-19.1
IA,161324,GEORGE C GRAPE COMMUNITY HOSPITAL,109,165,40,111,127.1,-18.1
IA,161325,GREENE COUNTY MEDICAL CENTER,109,257,40,111,127.1,-18.1
IA,161331,MERCY MEDICAL CENTER-NEW HAMPTON,109,236,40,111,127.1,-18.1
IA,161322,DALLAS COUNTY HOSPITAL,110,419,43,111,127.1,-17.1
IA,161351,AVERA HOLY FAMILY HOSPITAL,112,2863,44,111,127.1,-15.1
IA,161369,CRAWFORD COUNTY MEMORIAL HOSPITAL,112,390,44,111,127.1,-15.1
IA,161307,HANCOCK COUNTY HEALTH SYSTEM,112,408,44,111,127.1,-15.1
IA,161363,MONTGOMERY COUNTY MEMORIAL HOSPITAL,112,318,44,111,127.1,-15.1
IA,161306,JONES REGIONAL MEDICAL CENTER,113,317,48,111,127.1,-14.1
IA,161326,MADISON COUNTY HEALTH CARE SYSTEM,113,305,48,111,127.1,-14.1
IA,160117,FINLEY HOSPITAL,114,352,50,111,127.1,-13.1
IA,161366,SHENANDOAH MEDICAL CENTER,114,710,50,111,127.1,-13.1
IA,161381,SANFORD SHELDON MEDICAL CENTER,115,365,52,111,127.1,-12.1
IA,161364,JEFFERSON COUNTY HEALTH CENTER,117,349,53,111,127.1,-10.1
IA,161320,COMMUNITY MEMORIAL HOSPITAL MEDICAL CENTER,118,55,54,111,127.1,-9.1
IA,161314,GUTHRIE COUNTY HOSPITAL,118,308,54,111,127.1,-9.1
IA,161345,OSCEOLA COMMUNITY HOSPITAL,118,881,54,111,127.1,-9.1
IA,160112,SPENCER MUNICIPAL HOSPITAL,118,344,54,111,127.1,-9.1
IA,161372,BOONE COUNTY HOSPITAL,120,378,58,111,127.1,-7.1
IA,161360,ORANGE CITY AREA HEALTH SYSTEM,120,58,58,111,127.1,-7.1
IA,160080,MERCYONE CLINTON MEDICAL CENTER,121,372,60,111,127.1,-6.1
IA,161305,POCAHONTAS COMMUNITY HOSPITAL,121,166,60,111,127.1,-6.1
IA,161346,SIOUX CENTER HEALTH,122,3183,62,111,127.1,-5.1
IA,161371,WINNMED,124,321,63,111,127.1,-3.1
IA,160124,LAKES REGIONAL HEALTHCARE,125,6666,64,111,127.1,-2.1
IA,161342,MONROE COUNTY HOSPITAL,126,358,65,111,127.1,-1.1
IA,161308,FRANKLIN GENERAL HOSPITAL,129,275,66,111,127.1,1.9
IA,161377,MERCYONE CENTERVILLE MEDICAL CENTER,129,368,66,111,127.1,1.9
IA,161350,STEWART MEMORIAL COMMUNITY HOSPITAL,129,239,66,111,127.1,1.9
IA,161304,CHI HEALTH - MERCY CORNING,131,249,69,111,127.1,3.9
IA,161362,CHEROKEE REGIONAL MEDICAL CENTER,132,331,70,111,127.1,4.9
IA,161382,ST ANTHONY REGIONAL HOSPITAL & NURSING HOME,132,418,70,111,127.1,4.9
IA,160057,SOUTHEAST IOWA REGIONAL MEDICAL CENTER,135,414,72,111,127.1,7.9
IA,160013,TRINITY MUSCATINE,135,331,72,111,127.1,7.9
IA,160079,MERCY MEDICAL CENTER - CEDAR RAPIDS,136,390,74,111,127.1,8.9
IA,161373,RINGGOLD COUNTY HOSPITAL,140,213,75,111,127.1,12.9
IA,161379,MAHASKA  HEALTH PARTNERSHIP,141,334,76,111,127.1,13.9
IA,161310,ADAIR COUNTY MEMORIAL HOSPITAL,142,146,77,111,127.1,14.9
IA,161337,VAN BUREN COUNTY HOSPITAL,142,239,77,111,127.1,14.9
IA,161338,MERCYONE OELWEIN MEDICAL CENTER,144,52,79,111,127.1,16.9
IA,161359,BURGESS HEALTH CENTER,145,181,80,111,127.1,17.9
IA,161355,KNOXVILLE HOSPITAL & CLINICS,145,382,80,111,127.1,17.9
IA,160030,MARY GREELEY MEDICAL CENTER,145,389,80,111,127.1,17.9
IA,161343,REGIONAL MEDICAL CENTER,147,400,83,111,127.1,19.9
IA,160047,METHODIST JENNIE EDMUNDSON,149,370,84,111,127.1,21.9
IA,161358,WAYNE COUNTY HOSPITAL,149,60,84,111,127.1,21.9
IA,161375,BUENA VISTA REGIONAL MEDICAL CENTER,151,370,86,111,127.1,23.9
IA,161352,CLARINDA REGIONAL HEALTH CENTER,152,2303,87,111,127.1,24.9
IA,161347,FLOYD COUNTY MEDICAL CENTER,153,364,88,111,127.1,25.9
IA,161367,PELLA REGIONAL HEALTH CENTER,154,479,89,111,127.1,26.9
IA,160001,UNITYPOINT HEALTH - MARSHALLTOWN,154,349,89,111,127.1,26.9
IA,161339,WAVERLY HEALTH CENTER,155,303,91,111,127.1,27.9
IA,160029,UNIVERSITY OF IOWA HEALTH CARE MEDICAL CENTER DOWN,157,390,92,111,127.1,29.9
IA,161311,HAWARDEN REGIONAL HEALTHCARE,158,204,93,111,127.1,30.9
IA,160032,MERCYONE NEWTON MEDICAL CENTER,158,419,93,111,127.1,30.9
IA,160110,ALLEN HOSPITAL,159,367,95,111,127.1,31.9
IA,161368,FLOYD VALLEY HEALTHCARE,168,4456,96,111,127.1,40.9
IA,160045,ST LUKES HOSPITAL,168,356,96,111,127.1,40.9
IA,160016,TRINITY REGIONAL MEDICAL CENTER,168,366,96,111,127.1,40.9
IA,160028,CHI HEALTH MERCY COUNCIL BLUFFS,169,347,99,111,127.1,41.9
IA,160089,OTTUMWA REGIONAL HEALTH CENTER,169,370,99,111,127.1,41.9
IA,160033,GENESIS MEDICAL CENTER-DAVENPORT,171,386,101,111,127.1,43.9
IA,160146,ST LUKES REGIONAL MEDICAL CENTER,180,368,102,111,127.1,52.9
IA,160064,MERCYONE NORTH IOWA MEDICAL CENTER,188,467,103,111,127.1,60.9
IA,160082,UNITYPOINT HEALTH - DES MOINES IOWA METHODIST MEDI,188,368,103,111,127.1,60.9
IA,160153,MERCYONE SIOUXLAND MEDICAL CENTER,198,363,105,111,127.1,70.9
IA,160101,BROADLAWNS MEDICAL CENTER,208,379,106,111,127.1,80.9
IA,160104,TRINITY - BETTENDORF,210,346,107,111,127.1,82.9
IA,160058,UNIVERSITY OF IOWA HOSPITAL & CLINICS,210,369,107,111,127.1,82.9
IA,160069,MERCYONE DUBUQUE MEDICAL CENTER,212,491,109,111,127.1,84.9
IA,160067,MERCYONE WATERLOO MEDICAL CENTER,226,364,110,111,127.1,98.9
IA,160083,MERCYONE DES MOINES MEDICAL CENTER,250,437,111,111,127.1,122.9
ID,131304,POWER COUNTY HOSPITAL DISTRICT,86,325,1,38,131.1,-45.1
ID,131307,WEISER MEMORIAL HOSPITAL,95,312,2,38,131.1,-36.1
ID,131316,BEAR LAKE MEMORIAL HOSPITAL,96,264,3,38,131.1,-35.1
ID,131324,LOST RIVERS MEDICAL CENTER,99,241,4,38,131.1,-32.1
ID,131310,ST LUKE'S JEROME,101,1447,5,38,131.1,-30.1
ID,131301,BOUNDARY COMMUNITY HOSPITAL,102,344,6,38,131.1,-29.1
ID,131315,SYRINGA GENERAL HOSPITAL,102,314,6,38,131.1,-29.1
ID,131318,VALOR HEALTH,102,349,6,38,131.1,-29.1
ID,131313,TETON VALLEY HOSPITAL,106,249,9,38,131.1,-25.1
ID,131309,CARIBOU MEDICAL CENTER,108,240,10,38,131.1,-23.1
ID,131319,MINIDOKA MEMORIAL HOSPITAL,110,521,11,38,131.1,-21.1
ID,131302,NORTH CANYON MEDICAL CENTER,111,273,12,38,131.1,-20.1
ID,131311,ST LUKE'S ELMORE MEDICAL CENTER,113,3674,13,38,131.1,-18.1
ID,131317,BENEWAH COMMUNITY HOSPITAL,115,2986,14,38,131.1,-16.1
ID,130065,MOUNTAIN VIEW HOSPITAL,115,847,14,38,131.1,-16.1
ID,131303,NELL J REDFIELD MEMORIAL HOSPITAL,115,317,14,38,131.1,-16.1
ID,131314,SHOSHONE MEDICAL CENTER,115,400,14,38,131.1,-16.1
ID,131326,CASSIA REGIONAL HOSPITAL,125,464,18,38,131.1,-6.1
ID,131327,GRITMAN MEDICAL CENTER,128,386,19,38,131.1,-3.1
ID,130013,SAINT ALPHONSUS MEDICAL CENTER - NAMPA,130,407,20,38,131.1,-1.1
ID,130014,WEST VALLEY MEDICAL CENTER,131,386,21,38,131.1,-0.1
ID,130018,EASTERN IDAHO REGIONAL MEDICAL CENTER,132,408,22,38,131.1,0.9
ID,130025,MADISON MEMORIAL HOSPITAL,132,401,22,38,131.1,0.9
ID,130003,ST JOSEPH REGIONAL MEDICAL CENTER,135,363,24,38,131.1,3.9
ID,131321,ST MARY'S HOSPITAL,135,231,24,38,131.1,3.9
ID,130074,"IDAHO FALLS COMMUNITY HOSPITAL, LLC",137,469,26,38,131.1,5.9
ID,131323,ST LUKE'S WOOD RIVER MEDICAL CENTER,141,1454,27,38,131.1,9.9
ID,131320,CLEARWATER VALLEY HOSPITAL & CLINICS,147,347,28,38,131.1,15.9
ID,131312,ST LUKE'S MCCALL,147,1419,28,38,131.1,15.9
ID,131328,BONNER GENERAL HOSPITAL,153,309,30,38,131.1,21.9
ID,130071,ST LUKE'S NAMPA MEDICAL CENTER,157,4229,31,38,131.1,25.9
ID,130007,SAINT ALPHONSUS REGIONAL MEDICAL CENTER,160,390,32,38,131.1,28.9
ID,131325,BINGHAM MEMORIAL HOSPITAL,165,356,33,38,131.1,33.9
ID,130006,ST LUKE'S REGIONAL MEDICAL CENTER,168,9381,34,38,131.1,36.9
ID,130049,KOOTENAI HEALTH,176,394,35,38,131.1,44.9
ID,130002,ST LUKES MAGIC VALLEY MEDICAL CENTER,184,3686,36,38,131.1,52.9
ID,131322,FRANKLIN COUNTY MEDICAL CENTER,188,80,37,38,131.1,56.9
ID,130028,PORTNEUF MEDICAL CENTER,218,388,38,38,131.1,86.9
IL,141307,PINCKNEYVILLE COMMUNITY HOSPITAL,50,200,1,154,175.5,-125.5
IL,141308,WASHINGTON COUNTY HOSPITAL,82,267,2,154,175.5,-93.5
IL,141304,"GENESIS MEDICAL CENTER, ALEDO",84,313,3,154,175.5,-91.5
IL,141351,CLAY COUNTY HOSPITAL,88,246,4,154,175.5,-87.5
IL,141311,FAIRFIELD MEMORIAL HOSPITAL 1,96,624,5,154,175.5,-79.5
IL,141312,ROCHELLE COMMUNITY HOSPITAL,96,352,5,154,175.5,-79.5
IL,141309,CARLE EUREKA  HOSPITAL,98,337,7,154,175.5,-77.5
IL,141313,MASON DISTRICT HOSPITAL,98,365,7,154,175.5,-77.5
IL,141319,HAMMOND HENRY HOSPITAL,105,376,9,154,175.5,-70.5
IL,140120,CARLE HEALTH PEKIN HOSPITAL,106,344,10,154,175.5,-69.5
IL,140137,HSHS HOLY FAMILY HOSPITAL INC,106,333,10,154,175.5,-69.5
IL,141344,LAWRENCE COUNTY MEMORIAL HOSPITAL,106,349,10,154,175.5,-69.5
IL,140308,MERCYHEALTH HOSPITAL & PHYSICIAN CLINIC-CRYSTAL LA,106,378,10,154,175.5,-69.5
IL,141323,MASSAC MEMORIAL HOSPITAL,107,182,14,154,175.5,-68.5
IL,141337,OSF SAINT CLARE MEDICAL CENTER,108,366,15,154,175.5,-67.5
IL,141325,OSF SAINT LUKE MEDICAL CENTER,108,348,15,154,175.5,-67.5
IL,141320,PARIS COMMUNITY HOSPITAL,109,401,17,154,175.5,-66.5
IL,141321,FRANKLIN HOSPITAL,112,232,18,154,175.5,-63.5
IL,141315,ILLINI COMMUNITY HOSPITAL,114,347,19,154,175.5,-61.5
IL,141327,WABASH GENERAL HOSPITAL 1,114,355,19,154,175.5,-61.5
IL,141339,TAYLORVILLE MEMORIAL HOSPITAL,116,325,21,154,175.5,-59.5
IL,141335,MERCY HARVARD HOSPITAL,117,545,22,154,175.5,-58.5
IL,141355,CARLE RICHLAND MEMORIAL HOSPITAL,119,371,23,154,175.5,-56.5
IL,141329,MORRISON COMMUNITY HOSPITAL,119,3553,23,154,175.5,-56.5
IL,141333,SARAH D CULBERTSON MEMORIAL HOSPITAL,120,365,25,154,175.5,-55.5
IL,141348,RED BUD REGIONAL HOSPITAL,121,372,26,154,175.5,-54.5
IL,141326,HAMILTON MEMORIAL HOSPITAL,122,280,27,154,175.5,-53.5
IL,141347,CARLINVILLE AREA HOSPITAL,124,496,28,154,175.5,-51.5
IL,140001,GRAHAM HOSPITAL ASSOCIATION,124,372,28,154,175.5,-51.5
IL,141343,CRAWFORD MEMORIAL HOSPITAL,125,377,30,154,175.5,-50.5
IL,141318,OSF HOLY FAMILY MEDICAL CENTER,125,346,30,154,175.5,-50.5
IL,141334,ST JOSEPH MEMORIAL HOSPITAL,125,419,30,154,175.5,-50.5
IL,140059,JERSEY COMMUNITY HOSPITAL,126,352,33,154,175.5,-49.5
IL,141301,KIRBY MEDICAL CENTER,126,485,33,154,175.5,-49.5
IL,140077,TOUCHETTE REGIONAL HOSPITAL INC,126,337,33,154,175.5,-49.5
IL,141340,VALLEY WEST COMMUNITY HOSPITAL,128,346,36,154,175.5,-47.5
IL,141342,DEACONESS ILLINOIS UNION COUNTY,129,361,37,154,175.5,-46.5
IL,140113,OSF HEART OF MARY MEDICAL CENTER,130,342,38,154,175.5,-45.5
IL,140161,SAINT JAMES HOSPITAL,130,364,38,154,175.5,-45.5
IL,140145,ST JOSEPHS HOSPITAL,130,342,38,154,175.5,-45.5
IL,141330,HOPEDALE HOSPITAL,132,287,41,154,175.5,-43.5
IL,140110,OSF SAINT ELIZABETH MDL CTR,135,345,42,154,175.5,-40.5
IL,140191,INGALLS MEMORIAL HOSPITAL,136,358,43,154,175.5,-39.5
IL,140224,PRESENCE SAINT JOSEPH HOSPITAL - CHICAGO,137,283,44,154,175.5,-38.5
IL,140032,ST ANTHONYS MEMORIAL HOSPITAL,137,350,44,154,175.5,-38.5
IL,141322,ABRAHAM LINCOLN MEMORIAL HOSPITAL,138,5885,46,154,175.5,-37.5
IL,141332,HILLSBORO AREA HOSPITAL,140,402,47,154,175.5,-35.5
IL,140294,DEACONESS ILLINOIS CROSSROADS,141,378,48,154,175.5,-34.5
IL,140125,GATEWAY REGIONAL MEDICAL CENTER,142,364,49,154,175.5,-33.5
IL,140210,HARRISBURG MEDICAL CENTER,142,352,49,154,175.5,-33.5
IL,140217,SAINT JOSEPH HOSPITAL-ELGIN,145,280,51,154,175.5,-30.5
IL,140155,PRESENCE ST MARYS HOSPITAL,146,294,52,154,175.5,-29.5
IL,141305,MEMORIAL HOSPITAL,147,365,53,154,175.5,-28.5
IL,141353,IROQUOIS MEMORIAL HOSPITAL,149,374,54,154,175.5,-26.5
IL,141345,SALEM TOWNSHIP HOSPITAL,149,410,54,154,175.5,-26.5
IL,141341,PANA COMMUNITY HOSPITAL,150,346,56,154,175.5,-25.5
IL,140013,CARLE HEALTH PROCTOR HOSPITAL,151,358,57,154,175.5,-24.5
IL,140089,MC DONOUGH DISTRICT HOSPITAL,152,388,58,154,175.5,-23.5
IL,140166,ST MARYS HOSPITAL,154,327,59,154,175.5,-21.5
IL,140187,HSHS ST ELIZABETH'S HOSPITAL,156,358,60,154,175.5,-19.5
IL,140052,OSF SAINT ANTHONY'S HEALTH CENTER,160,358,61,154,175.5,-15.5
IL,140015,BLESSING HOSPITAL,161,380,62,154,175.5,-14.5
IL,140184,HEARTLAND REGIONAL MEDICAL CENTER,162,382,63,154,175.5,-13.5
IL,140053,ST JOHNS HOSPITAL,162,364,63,154,175.5,-13.5
IL,140065,UCHICAGO MEDICINE ADVENTHEALTH LA GRANGE,163,416,65,154,175.5,-12.5
IL,140231,EDWARD HOSPITAL,166,384,66,154,175.5,-9.5
IL,140158,INSIGHT HOSPITAL AND MEDICAL CENTER CHICAGO,167,349,67,154,175.5,-8.5
IL,140034,SSM HEALTH ST MARY'S HOSPITAL -CENTRALIA,167,348,67,154,175.5,-8.5
IL,140200,ELMHURST MEMORIAL HOSPITAL,168,392,69,154,175.5,-7.5
IL,140164,MEMORIAL HOSPITAL OF CARBONDALE,168,451,69,154,175.5,-7.5
IL,140101,MORRIS HOSPITAL & HEALTHCARE CENTERS,168,384,69,154,175.5,-7.5
IL,140186,RIVERSIDE MEDICAL CENTER,168,393,69,154,175.5,-7.5
IL,140206,HUMBOLDT PARK HEALTH,169,409,73,154,175.5,-6.5
IL,140133,HOLY CROSS HOSPITAL,170,361,74,154,175.5,-5.5
IL,140011,HERRIN HOSPITAL,171,443,75,154,175.5,-4.5
IL,140280,TRINITY ROCK ISLAND,172,328,76,154,175.5,-3.5
IL,140100,"MIDWESTERN REGION MED CENTER, INC",173,264,77,154,175.5,-2.5
IL,140304,UCHICAGO MEDICINE ADVENTHEALTH BOLINGBROOK,174,393,78,154,175.5,-1.5
IL,140292,UCHICAGO MEDICINE ADVENTHEALTH GLENOAKS,174,381,78,154,175.5,-1.5
IL,140012,OSF SAINT KATHARINE MEDICAL CENTER,175,391,80,154,175.5,-0.5
IL,140252,NORTHWEST COMMUNITY HOSPITAL 1,176,380,81,154,175.5,0.5
IL,140115,THOREK MEMORIAL HOSPITAL,177,304,82,154,175.5,1.5
IL,141338,MEMORIAL HOSPITAL,179,496,83,154,175.5,3.5
IL,140197,METHODIST HOSPITAL OF CHICAGO,179,68,83,154,175.5,3.5
IL,140080,SAINT FRANCIS HOSPITAL-EVANSTON,181,261,85,154,175.5,5.5
IL,141352,JACKSONVILLE MEMORIAL HOSPITAL,182,623,86,154,175.5,6.5
IL,140117,AMITA HEALTH RESURRECTION MEDICAL CENTER,184,306,87,154,175.5,8.5
IL,140290,ST ALEXIUS MEDICAL CENTER,184,297,87,154,175.5,8.5
IL,140160,FHN MEMORIAL HOSPITAL,185,463,89,154,175.5,9.5
IL,140064,ST MARY MEDICAL CENTER,186,327,90,154,175.5,10.5
IL,140093,OSF SACRED HEART MEDICAL CENTER,188,337,91,154,175.5,12.5
IL,140288,ADVOCATE GOOD SAMARITAN HOSPITAL,189,377,92,154,175.5,13.5
IL,140180,PRESENCE SAINTS MARY AND ELIZABETH MEDICAL CENTER,189,275,92,154,175.5,13.5
IL,140116,NORTHWESTERN MEDICINE MCHENRY,191,373,94,154,175.5,15.5
IL,140095,SAINT ANTHONY HOSPITAL,191,354,94,154,175.5,15.5
IL,140084,VISTA MEDICAL CENTER EAST,191,352,94,154,175.5,15.5
IL,140029,COPLEY MEMORIAL HOSPITAL,192,626,97,154,175.5,16.5
IL,140291,ADVOCATE GOOD SHEPHERD HOSPITAL,194,386,98,154,175.5,18.5
IL,140030,ADVOCATE SHERMAN HOSPITAL,194,384,98,154,175.5,18.5
IL,140002,ALTON MEMORIAL HOSPITAL,194,380,98,154,175.5,18.5
IL,140275,GENESIS HLTH SYSTEM DBA GENESIS MDL CTR-ILLINI,194,392,98,154,175.5,18.5
IL,140174,PRESENCE MERCY MEDICAL CENTER,194,260,98,154,175.5,18.5
IL,140127,CARLE BROMENN MEDICAL CENTER,196,367,103,154,175.5,20.5
IL,140258,ALEXIAN BROTHERS MEDICAL CENTER 1,197,294,104,154,175.5,21.5
IL,140286,NORTHWESTERN MEDICINE KISHWAUKEE HOSPITAL,197,367,104,154,175.5,21.5
IL,140043,CGH MEDICAL CENTER,198,359,106,154,175.5,22.5
IL,140046,GOOD SAMARITAN REGIONAL HLTH CENTER,198,356,106,154,175.5,22.5
IL,140162,ST JOSEPH MEDICAL CENTER,198,364,106,154,175.5,22.5
IL,140018,MT SINAI HOSPITAL MEDICAL CENTER,200,374,109,154,175.5,24.5
IL,140122,UCHICAGO MEDICINE ADVENTHEALTH HINSDALE,200,403,109,154,175.5,24.5
IL,140007,SAINT JOSEPH MEDICAL CENTER,204,277,111,154,175.5,28.5
IL,140135,DECATUR MEMORIAL HOSPITAL,205,817,112,154,175.5,29.5
IL,140185,MEMORIAL HOSPITAL,205,379,112,154,175.5,29.5
IL,140054,MACNEAL  HOSPITAL,208,355,114,154,175.5,32.5
IL,140008,LOYOLA GOTTLIEB MEMORIAL HOSPITAL,210,367,115,154,175.5,34.5
IL,140189,SARAH BUSH LINCOLN HEALTH CENTER,210,405,115,154,175.5,34.5
IL,140083,LORETTO HOSPITAL,211,400,117,154,175.5,35.5
IL,140211,NORTHWESTERN MEDICINE DELNOR COMMUNITY HOSPITAL,211,384,117,154,175.5,35.5
IL,140228,UW HEALTH,211,361,117,154,175.5,35.5
IL,140082,LOUIS A WEISS MEMORIAL HOSPITAL,212,258,120,154,175.5,36.5
IL,140091,CARLE FOUNDATION HOSPITAL,214,373,121,154,175.5,38.5
IL,140202,ADVOCATE CONDELL MEDICAL CENTER,216,378,122,154,175.5,40.5
IL,140223,ADVOCATE LUTHERAN GENERAL HOSPITAL,220,383,123,154,175.5,44.5
IL,140209,CARLE HEALTH METHODIST HOSPITAL,220,351,123,154,175.5,44.5
IL,140130,NORTHWESTERN LAKE FOREST HOSPITAL,220,384,123,154,175.5,44.5
IL,140300,PROVIDENT HOSPITAL OF CHICAGO,222,371,126,154,175.5,46.5
IL,140289,ANDERSON HOSPITAL,223,361,127,154,175.5,47.5
IL,140233,SAINT ANTHONY MEDICAL CENTER,226,348,128,154,175.5,50.5
IL,140213,SILVER CROSS HOSPITAL  AND MEDICAL CENTERS,229,343,129,154,175.5,53.5
IL,140172,FRANCISCAN HEALTH OLYMPIA & CHICAGO HEIGHTS,230,337,130,154,175.5,54.5
IL,140242,NORTHWESTERN MEDICINE CENTRAL DUPAGE HOSPITAL,230,375,130,154,175.5,54.5
IL,140063,RUSH OAK PARK HOSPITAL,231,363,132,154,175.5,55.5
IL,140103,ST BERNARD HOSPITAL,232,330,133,154,175.5,56.5
IL,140251,COMMUNITY FIRST MEDICAL CENTER,233,311,134,154,175.5,57.5
IL,140181,SOUTH SHORE HOSPITAL,235,299,135,154,175.5,59.5
IL,140182,ADVOCATE ILLINOIS MASONIC MEDICAL CENTER,236,371,136,154,175.5,60.5
IL,140048,ADVOCATE TRINITY HOSPITAL,244,711,137,154,175.5,68.5
IL,140177,JACKSON PARK HOSPITAL,244,338,137,154,175.5,68.5
IL,140068,ROSELAND COMMUNITY HOSPITAL,244,562,137,154,175.5,68.5
IL,140148,MEMORIAL MEDICAL CENTER,246,1088,140,154,175.5,70.5
IL,140208,ADVOCATE CHRIST HOSPITAL & MEDICAL CENTER,252,344,141,154,175.5,76.5
IL,140114,SWEDISH HOSPITAL,252,467,141,154,175.5,76.5
IL,140062,PALOS COMMUNITY HOSPITAL,253,377,143,154,175.5,77.5
IL,140239,JAVON BEA HOSPITAL,258,352,144,154,175.5,82.5
IL,140179,OSF LITTLE COMPANY OF MARY MEDICAL CENTER,259,299,145,154,175.5,83.5
IL,140010,NORTHSHORE UNIVERSITY HEALTHSYSTEM - EVANSTON HOSPITAL,265,385,146,154,175.5,89.5
IL,140049,WEST SUBURBAN MEDICAL CENTER,271,346,147,154,175.5,95.5
IL,140276,LOYOLA UNIVERSITY MEDICAL CENTER,273,357,148,154,175.5,97.5
IL,140067,SAINT FRANCIS MEDICAL CENTER,278,358,149,154,175.5,102.5
IL,140124,JOHN H STROGER JR HOSPITAL,280,389,150,154,175.5,104.5
IL,140088,THE UNIVERSITY OF CHICAGO MEDICAL CENTER,286,311,151,154,175.5,110.5
IL,140150,UNIVERSITY OF ILLINOIS HOSPITAL AND CLINICS,319,359,152,154,175.5,143.5
IL,140281,NORTHWESTERN MEMORIAL HOSPITAL,327,362,153,154,175.5,151.5
IL,140119,RUSH UNIVERSITY MEDICAL CENTER,358,374,154,154,175.5,182.5
IN,151316,INDIANA UNIVERSITY HEALTH FRANKFORT INC,89,368,1,106,149.3,-60.3
IN,151324,"FRANCISCAN HEALTH RENSSELAER, INC",91,397,2,106,149.3,-58.3
IN,151300,COMMUNITY HOSPITAL OF BREMEN INC,94,226,3,106,149.3,-55.3
IN,151325,ASCENSION ST VINCENT WARRICK,95,263,4,106,149.3,-54.3
IN,151304,RUSH MEMORIAL HOSPITAL,100,1072,5,106,149.3,-49.3
IN,151308,ASCENSION ST VINCENT MERCY,102,249,6,106,149.3,-47.3
IN,151319,GIBSON GENERAL HOSPITAL,102,357,6,106,149.3,-47.3
IN,150022,FRANCISCAN HEALTH CRAWFORDSVILLE,103,405,8,106,149.3,-46.3
IN,150183,MONROE HOSPITAL,105,415,9,106,149.3,-44.3
IN,151301,ASCENSION ST VINCENT RANDOLPH,107,281,10,106,149.3,-42.3
IN,151323,PARKVIEW LAGRANGE HOSPITAL,107,353,10,106,149.3,-42.3
IN,150059,RIVERVIEW HEALTH,110,391,12,106,149.3,-39.3
IN,150061,DAVIESS COMMUNITY HOSPITAL,112,382,13,106,149.3,-37.3
IN,151332,DECATUR COUNTY MEMORIAL HOSPITAL,112,430,13,106,149.3,-37.3
IN,150146,PARKVIEW NOBLE HOSPITAL,112,357,13,106,149.3,-37.3
IN,150057,FRANCISCAN HEALTH MOORESVILLE,116,393,16,106,149.3,-33.3
IN,150042,GOOD SAMARITAN HOSPITAL,117,371,17,106,149.3,-32.3
IN,151311,INDIANA UNIVERSITY HEALTH TIPTON HOSPITAL INC,118,417,18,106,149.3,-31.3
IN,150104,WITHAM HEALTH SERVICES,118,428,18,106,149.3,-31.3
IN,151307,ASCENSION ST VINCENT WILLIAMSPORT,120,258,20,106,149.3,-29.3
IN,150075,BLUFFTON REGIONAL MEDICAL CENTER,120,385,20,106,149.3,-29.3
IN,150102,NORTHWEST HEALTH - STARKE,120,377,20,106,149.3,-29.3
IN,150101,PARKVIEW WHITLEY HOSPITAL,120,562,20,106,149.3,-29.3
IN,151326,UNION HOSPITAL CLINTON,120,739,20,106,149.3,-29.3
IN,151306,INDIANA UNIVERSITY HEALTH PAOLI HOSPITAL,122,368,25,106,149.3,-27.3
IN,150045,PARKVIEW DEKALB HOSPITAL,122,350,25,106,149.3,-27.3
IN,151305,PULASKI MEMORIAL HOSPITAL,122,466,25,106,149.3,-27.3
IN,151303,ASCENSION ST VINCENT JENNINGS,123,258,28,106,149.3,-26.3
IN,150195,UCHICAGO MEDICINE NORTHWEST INDIANA,124,183,29,106,149.3,-25.3
IN,151330,ADAMS MEMORIAL HOSPITAL,125,455,30,106,149.3,-24.3
IN,150084,ASCENSION ST VINCENT HOSPITAL,125,294,30,106,149.3,-24.3
IN,150150,DUPONT HOSPITAL LLC,126,402,32,106,149.3,-23.3
IN,150011,MARION GENERAL HOSPITAL,126,364,32,106,149.3,-23.3
IN,151334,NORTON SCOTT HOSPITAL,126,410,32,106,149.3,-23.3
IN,150091,PARKVIEW HUNTINGTON HOSPITAL,126,354,32,106,149.3,-23.3
IN,151310,"PARKVIEW WABASH HOSPITAL, INC",126,354,32,106,149.3,-23.3
IN,151333,PUTNAM COUNTY HOSPITAL,126,335,32,106,149.3,-23.3
IN,151314,ASCENSION ST VINCENT SALEM,127,265,38,106,149.3,-22.3
IN,151312,INDIANA UNIVERSITY HEALTH WHITE MEMORIAL HOSPITAL,127,370,38,106,149.3,-22.3
IN,151318,DUKES MEMORIAL HOSPITAL,128,375,40,106,149.3,-21.3
IN,151317,GREENE COUNTY GENERAL HOSPITAL,128,362,40,106,149.3,-21.3
IN,150149,THE WOMEN'S HOSPITAL,128,419,40,106,149.3,-21.3
IN,150008,ST CATHERINE HOSPITAL INC,130,376,43,106,149.3,-19.3
IN,150047,"ST JOSEPH HEALTH SYSTEM, LLC",131,390,44,106,149.3,-18.3
IN,150181,ASCENSION ST VINCENT FISHERS,132,280,45,106,149.3,-17.3
IN,151320,"INDIANA UNIVERSITY HEALTH JAY, INC.",132,360,45,106,149.3,-17.3
IN,151329,MARGARET MARY COMMUNITY HOSPITAL INC,132,414,45,106,149.3,-17.3
IN,150097,MAJOR HOSPITAL,136,444,48,106,149.3,-13.3
IN,150035,NORTHWEST HEALTH - PORTER,137,393,49,106,149.3,-12.3
IN,150076,SAINT JOSEPH REGIONAL MEDICAL CENTER - PLYMOUTH,138,383,50,106,149.3,-11.3
IN,150046,TERRE HAUTE REGIONAL HOSPITAL,138,384,50,106,149.3,-11.3
IN,150015,FRANCISCAN HEALTH MICHIGAN CITY,140,473,52,106,149.3,-9.3
IN,151322,PERRY COUNTY MEMORIAL HOSPITAL,140,358,52,106,149.3,-9.3
IN,150125,COMMUNITY HOSPITAL,141,394,54,106,149.3,-8.3
IN,151309,ASCENSION ST VINCENT CLAY,143,240,55,106,149.3,-6.3
IN,150001,JOHNSON MEMORIAL HOSPITAL,144,349,56,106,149.3,-5.3
IN,150007,COMMUNITY HOWARD REGIONAL HEALTH INC.,145,329,57,106,149.3,-4.3
IN,150165,FRANCISCAN HEALTH MUNSTER,148,392,58,106,149.3,-1.3
IN,151331,HARRISON COUNTY HOSPITAL,148,435,58,106,149.3,-1.3
IN,150030,HENRY COUNTY MEMORIAL HOSPITAL,148,373,58,106,149.3,-1.3
IN,150086,ST ELIZABETH DEARBORN HOSPITAL,149,367,61,106,149.3,-0.3
IN,150065,SCHNECK MEDICAL CENTER,151,387,62,106,149.3,1.7
IN,150072,MEMORIAL HOSPITAL,152,398,63,106,149.3,2.7
IN,150006,NORTHWEST HEALTH-LA PORTE,152,384,63,106,149.3,2.7
IN,150090,FRANCISCAN HEALTH DYER,153,379,65,106,149.3,3.7
IN,150037,HANCOCK REGIONAL HOSPITAL,154,438,66,106,149.3,4.7
IN,150021,PARKVIEW REGIONAL MEDICAL CENTER,154,389,66,106,149.3,4.7
IN,151327,SULLIVAN COUNTY COMMUNITY HOSPITAL,154,542,66,106,149.3,4.7
IN,150109,FRANCISCAN HEALTH LAFAYETTE,158,427,69,106,149.3,8.7
IN,150002,METHODIST HOSPITALS INC,160,360,70,106,149.3,10.7
IN,150026,GOSHEN HOSPITAL,161,368,71,106,149.3,11.7
IN,150048,REID HEALTH,161,359,71,106,149.3,11.7
IN,150034,ST MARY MEDICAL CENTER INC,162,390,73,106,149.3,12.7
IN,150100,ASCENSION ST VINCENT EVANSVILLE,166,272,74,106,149.3,16.7
IN,151315,CAMERON MEMORIAL COMMUNITY HOSPITAL INC,166,467,74,106,149.3,16.7
IN,150113,COMMUNITY HOSPITAL OF ANDERSON AND MADISON COUNTY,168,343,76,106,149.3,18.7
IN,150005,HENDRICKS REGIONAL HEALTH,168,397,76,106,149.3,18.7
IN,150010,ASCENSION ST VINCENT KOKOMO,172,273,78,106,149.3,22.7
IN,150126,FRANCISCAN HEALTH CROWN POINT,174,350,79,106,149.3,24.7
IN,150133,KOSCIUSKO COMMUNITY HOSPITAL,174,384,79,106,149.3,24.7
IN,150074,COMMUNITY HOSPITAL EAST,176,654,81,106,149.3,26.7
IN,150069,NORTON-KING'S DAUGHTERS' HEALTH,176,458,81,106,149.3,26.7
IN,150112,COLUMBUS REGIONAL HOSPITAL,178,348,83,106,149.3,28.7
IN,150157,ASCENSION ST VINCENT CARMEL,182,279,84,106,149.3,32.7
IN,150044,BAPTIST HEALTH FLOYD,182,425,84,106,149.3,32.7
IN,150153,ST VINCENT HEART CENTER,185,191,86,106,149.3,35.7
IN,150023,UNION HOSPITAL INC,185,788,86,106,149.3,35.7
IN,150012,SAINT JOSEPH REGIONAL MEDICAL CENTER,188,410,88,106,149.3,38.7
IN,150082,DEACONESS HOSPITAL INC,189,387,89,106,149.3,39.7
IN,151328,INDIANA UNIVERSITY HEALTH BEDFORD HOSPITAL,191,345,90,106,149.3,41.7
IN,150115,MEMORIAL HOSPITAL AND HEALTH CARE CENTER,194,365,91,106,149.3,44.7
IN,150018,ELKHART GENERAL HOSPITAL,196,440,92,106,149.3,46.7
IN,150009,NORTON CLARK HOSPITAL,196,477,92,106,149.3,46.7
IN,150058,MEMORIAL HOSPITAL OF SOUTH BEND,198,447,94,106,149.3,48.7
IN,150056,INDIANA UNIVERSITY HEALTH,199,376,95,106,149.3,49.7
IN,150161,INDIANA UNIVERSITY HEALTH NORTH HOSPITAL,203,394,96,106,149.3,53.7
IN,150169,COMMUNITY HOSPITAL NORTH,207,317,97,106,149.3,57.7
IN,150128,"COMMUNITY HOSPITAL SOUTH, INC.",208,344,98,106,149.3,58.7
IN,150051,INDIANA UNIVERSITY HEALTH BLOOMINGTON HOSPITAL,208,356,98,106,149.3,58.7
IN,150173,INDIANA UNIVERSITY HEALTH ARNETT HOSPITAL,212,367,100,106,149.3,62.7
IN,150017,LUTHERAN HOSPITAL OF INDIANA,214,392,101,106,149.3,64.7
IN,150162,FRANCISCAN HEALTH INDIANAPOLIS,215,391,102,106,149.3,65.7
IN,150088,ASCENSION ST VINCENT ANDERSON,224,269,103,106,149.3,74.7
IN,150024,ESKENAZI HEALTH,235,369,104,106,149.3,85.7
IN,150089,INDIANA UNIVERSITY HEALTH BALL MEMORIAL HOSPITAL,247,359,105,106,149.3,97.7
IN,150158,IU HEALTH WEST HOSPITAL,259,365,106,106,149.3,109.7
KS,171318,SEDAN CITY HOSPITAL,72,222,1,116,122.6,-50.6
KS,171334,MEDICINE LODGE MEMORIAL HOSPITAL,75,272,2,116,122.6,-47.6
KS,171350,RUSSELL REGIONAL HOSPITAL,75,233,2,116,122.6,-47.6
KS,171331,KIOWA DISTRICT HOSPITAL,76,274,4,116,122.6,-46.6
KS,171388,BOB WILSON MEMORIAL HOSPITAL,80,237,5,116,122.6,-42.6
KS,171312,COMANCHE COUNTY HOSPITAL,80,238,5,116,122.6,-42.6
KS,171367,GOVE COUNTY MEDICAL CENTER,86,265,7,116,122.6,-36.6
KS,171308,MERCY HOSPITAL COLUMBUS,86,276,7,116,122.6,-36.6
KS,171311,ROOKS COUNTY HEALTH CENTER,86,230,7,116,122.6,-36.6
KS,170074,"STORMONT VAIL HEALTH FLINT HILLS, LLC",88,364,10,116,122.6,-34.6
KS,171385,COFFEY COUNTY HOSPITAL,89,381,11,116,122.6,-33.6
KS,171303,LANE COUNTY HOSPITAL,89,269,11,116,122.6,-33.6
KS,171316,ANDERSON COUNTY HOSPITAL,90,268,13,116,122.6,-32.6
KS,171317,EDWARDS COUNTY MEDICAL CENTER,90,206,13,116,122.6,-32.6
KS,171309,JEWELL COUNTY HOSPITAL,90,282,13,116,122.6,-32.6
KS,171341,HIAWATHA COMMUNITY HOSPITAL,92,290,16,116,122.6,-30.6
KS,170014,ADVENTHEALTH OTTAWA,94,378,17,116,122.6,-28.6
KS,171330,HOSPITAL DISTRICT #1 OF RICE COUNTY,94,175,17,116,122.6,-28.6
KS,171345,PAWNEE VALLEY COMMUNITY HOSPITAL,94,248,17,116,122.6,-28.6
KS,171365,HANOVER HOSPITAL,95,216,20,116,122.6,-27.6
KS,171351,WASHINGTON COUNTY HOSPITAL,96,251,21,116,122.6,-26.6
KS,171378,KINGMAN HEALTHCARE CENTER,98,358,22,116,122.6,-24.6
KS,170017,SUSAN B ALLEN MEMORIAL HOSPITAL,98,433,22,116,122.6,-24.6
KS,171346,HOSPITAL DISTRICT #6 PATTERSON HEALTH CENTER,99,257,24,116,122.6,-23.6
KS,170027,PRATT REGIONAL MEDICAL CENTER,99,769,24,116,122.6,-23.6
KS,171300,GRISELL MEMORIAL HOSPITAL,100,125,26,116,122.6,-22.6
KS,171336,NESS COUNTY HOSPITAL DISTRICT #2,101,318,27,116,122.6,-21.6
KS,171344,WILSON MEDICAL CENTER,101,267,27,116,122.6,-21.6
KS,171322,HAMILTON COUNTY HOSPITAL,102,109,29,116,122.6,-20.6
KS,170185,SAINT LUKE'S SOUTH HOSPITAL,105,415,30,116,122.6,-17.6
KS,171324,"SATANTA DISTRICT HOSPITAL, CLINICS, & LTCU",105,293,30,116,122.6,-17.6
KS,171363,"COMMUNITY MEMORIAL HEALTHCARE, INC.",106,218,32,116,122.6,-16.6
KS,171369,HODGEMAN COUNTY HEALTH CENTER,106,526,32,116,122.6,-16.6
KS,171364,OSBORNE COUNTY MEMORIAL HOSPITAL,106,264,32,116,122.6,-16.6
KS,171361,REPUBLIC COUNTY HOSPITAL,106,292,32,116,122.6,-16.6
KS,170204,"ROCK REGIONAL HOSPITAL, LLC",106,407,32,116,122.6,-16.6
KS,171377,SMITH COUNTY MEMORIAL HOSPITAL,106,282,32,116,122.6,-16.6
KS,171372,SCOTT COUNTY HOSPITAL,107,281,38,116,122.6,-15.6
KS,170191,UNIVERSITY  OF KS HLTH SYSTEM GREAT BEND CAMPUS,107,352,38,116,122.6,-15.6
KS,171357,HILLSBORO COMMUNITY HOSPITAL,108,226,40,116,122.6,-14.6
KS,171326,LOGAN COUNTY HOSPITAL,109,217,41,116,122.6,-13.6
KS,171358,LINDSBORG COMMUNITY HOSPITAL,110,248,42,116,122.6,-12.6
KS,170105,MCPHERSON HOSPITAL,110,422,42,116,122.6,-12.6
KS,171328,OTTAWA COUNTY HEALTH CENTER,110,289,42,116,122.6,-12.6
KS,171310,CHEYENNE COUNTY HOSPITAL,111,266,45,116,122.6,-11.6
KS,171337,WAMEGO HEALTH CENTER,111,317,45,116,122.6,-11.6
KS,171382,AMBERWELL ATCHISON ASSOCIATION,112,217,47,116,122.6,-10.6
KS,171315,NEMAHA VALLEY COMMUNITY HOSPITAL,112,261,47,116,122.6,-10.6
KS,171353,PHILLIPS COUNTY HOSPITAL,112,269,47,116,122.6,-10.6
KS,171373,ALLEN COUNTY REGIONAL HOSPITAL,114,373,50,116,122.6,-8.6
KS,171349,CLOUD COUNTY HEALTH CENTER,114,250,50,116,122.6,-8.6
KS,170013,HAYS MEDICAL CENTER,114,382,50,116,122.6,-8.6
KS,171348,NORTON COUNTY HOSPITAL,114,254,50,116,122.6,-8.6
KS,171352,DECATUR HEALTH,117,192,54,116,122.6,-5.6
KS,171323,STAFFORD COUNTY HOSPITAL,117,269,54,116,122.6,-5.6
KS,170120,LABETTE HEALTH,118,474,56,116,122.6,-4.6
KS,171304,ASHLAND HEALTH CENTER,119,271,57,116,122.6,-3.6
KS,170175,CENTURA ST. CATHERINE-DODGE CITY,119,377,57,116,122.6,-3.6
KS,171370,GOODLAND REGIONAL MEDICAL CENTER,119,181,57,116,122.6,-3.6
KS,171329,CALDWELL REGIONAL MEDICAL CENTER,120,240,60,116,122.6,-2.6
KS,171327,ELLSWORTH COUNTY MEDICAL CENTER,120,279,60,116,122.6,-2.6
KS,171379,MORRIS COUNTY HOSPITAL,120,288,60,116,122.6,-2.6
KS,171356,ST LUKE HOSPITAL & LIVING CENTER,120,250,60,116,122.6,-2.6
KS,171355,TREGO COUNTY LEMKE MEMORIAL HOSPITAL,120,269,60,116,122.6,-2.6
KS,170208,"ADVENTHEALTH SOUTH OVERLAND PARK, INC",121,400,65,116,122.6,-1.6
KS,171381,MEMORIAL HOSPITAL,121,359,65,116,122.6,-1.6
KS,171376,GIRARD MEDICAL CENTER,122,297,67,116,122.6,-0.6
KS,171380,NEOSHO MEMORIAL REGIONAL MEDICAL CENTER,122,392,67,116,122.6,-0.6
KS,171332,KIOWA COUNTY MEMORIAL HOSPITAL,123,269,69,116,122.6,0.4
KS,170146,PROVIDENCE MEDICAL CENTER,123,427,69,116,122.6,0.4
KS,170009,SAINT JOHN HOSPITAL,124,381,71,116,122.6,1.4
KS,170123,WESLEY MEDICAL CENTER,124,353,71,116,122.6,1.4
KS,171339,GREENWOOD COUNTY HOSPITAL,125,134,73,116,122.6,2.4
KS,171368,MINNEOLA DISTRICT HOSPITAL,126,287,74,116,122.6,3.4
KS,171374,FREDONIA REGIONAL HOSPITAL,127,268,75,116,122.6,4.4
KS,170023,ST. CATHERINE HOSPITAL - GARDEN CITY,128,375,76,116,122.6,5.4
KS,171386,MORTON COUNTY HOSPITAL,129,181,77,116,122.6,6.4
KS,171306,WICHITA COUNTY HEALTH CENTER,130,282,78,116,122.6,7.4
KS,171347,SHERIDAN COUNTY HOSPITAL,131,238,79,116,122.6,8.4
KS,171371,CLAY COUNTY MEDICAL CENTER,132,377,80,116,122.6,9.4
KS,171301,ELLINWOOD DISTRICT HOSPITAL,133,287,81,116,122.6,10.4
KS,171313,KEARNY COUNTY HOSPITAL,133,307,81,116,122.6,10.4
KS,170006,"MERCY HOSPITAL PITTSBURG, INC",133,255,81,116,122.6,10.4
KS,171343,STANTON COUNTY HOSPITAL,133,231,81,116,122.6,10.4
KS,171338,GREAT PLAINS OF SABETHA,134,282,85,116,122.6,11.4
KS,171384,NEWMAN REGIONAL HEALTH,134,352,85,116,122.6,11.4
KS,171307,RAWLINS COUNTY HEALTH CENTER,134,163,85,116,122.6,11.4
KS,170104,ADVENTHEALTH SHAWNEE MISSION,135,391,88,116,122.6,12.4
KS,170176,OVERLAND PARK REG MED CTR,135,410,88,116,122.6,12.4
KS,171354,"COMMUNITY HOSPITAL, ONAGA AND ST MARYS CAMPUS",138,282,90,116,122.6,15.4
KS,171359,GREELEY COUNTY HEALTH SERVICES,138,141,90,116,122.6,15.4
KS,170012,SALINA REGIONAL HEALTH CENTER,138,379,90,116,122.6,15.4
KS,17002F,Irwin ACH (FT Riley),139,414,93,116,122.6,16.4
KS,171375,MITCHELL COUNTY HOSPITAL HEALTH SYSTEMS,139,291,93,116,122.6,16.4
KS,171383,WILLIAM NEWTON HOSPITAL,139,333,93,116,122.6,16.4
KS,170142,"ASCENSION VIA CHRISTI HOSPITAL MANHATTAN, INC",141,257,96,116,122.6,18.4
KS,171333,CLARA BARTON HOSPITAL,142,332,97,116,122.6,19.4
KS,171325,GRAHAM COUNTY HOSPITAL,142,246,97,116,122.6,19.4
KS,171319,HOLTON COMMUNITY HOSPITAL,142,381,97,116,122.6,19.4
KS,170122,"ASCENSION VIA CHRISTI HOSPITALS WICHITA, INC.",143,258,100,116,122.6,20.4
KS,171321,MEADE DISTRICT HOSPITAL,143,222,100,116,122.6,20.4
KS,170109,MIAMI COUNTY MEDICAL CENTER,143,355,100,116,122.6,20.4
KS,170103,NMC HEALTH,143,11420,100,116,122.6,20.4
KS,170200,"VIA CHRISTI HOSPITAL WICHITA ST TERESA, INC",145,281,104,116,122.6,22.4
KS,171335,STEVENS COUNTY HOSPITAL,151,245,105,116,122.6,28.4
KS,170068,SOUTHWEST MEDICAL CENTER,152,354,106,116,122.6,29.4
KS,170182,MENORAH MEDICAL CENTER,154,408,107,116,122.6,31.4
KS,170197,KANSAS MEDICAL CENTER LLC,169,457,108,116,122.6,46.4
KS,171362,CITIZENS MEDICAL CENTER,173,235,109,116,122.6,50.4
KS,170020,HUTCHINSON REGIONAL MEDICAL CENTER INC,176,389,110,116,122.6,53.4
KS,171314,F W HUSTON MEDICAL CENTER,183,207,111,116,122.6,60.4
KS,170086,STORMONT VAIL HOSPITAL,215,390,112,116,122.6,92.4
KS,170137,LMH,216,403,113,116,122.6,93.4
KS,170016,UNIVERSITY OF KANSAS HEALTH SYSTEM - ST FRANCIS CAMPUS,224,366,114,116,122.6,101.4
KS,170049,UNIVERSITY OF KANSAS HEALTH SYSTEM OLATHE HOSPITAL,232,375,115,116,122.6,109.4
KS,170040,UNIVERSITY OF KANSAS HOSPITAL,307,369,116,116,122.6,184.4
KY,181305,ARH OUR LADY OF THE WAY,84,445,1,82,147.2,-63.2
KY,181331,MCDOWELL ARH HOSPITAL,90,349,2,82,147.2,-57.2
KY,181317,CUMBERLAND COUNTY HOSPITAL,93,406,3,82,147.2,-54.2
KY,181308,BLUEGRASS COMMUNITY HOSPITAL,94,362,4,82,147.2,-53.2
KY,181327,MARSHALL COUNTY HOSPITAL,94,284,4,82,147.2,-53.2
KY,181319,BRECKINRIDGE MEMORIAL HOSPITAL,96,408,6,82,147.2,-51.2
KY,181309,CASEY COUNTY HOSPITAL,100,323,7,82,147.2,-47.2
KY,181302,THE JAMES B. HAGGIN MEMORIAL HOSPITAL,100,618,7,82,147.2,-47.2
KY,181316,MARY BRECKINRIDGE ARH HOSPITAL,101,331,9,82,147.2,-46.2
KY,181311,ST ELIZABETH GRANT,102,362,10,82,147.2,-45.2
KY,181315,EPHRAIM MCDOWELL FORT LOGAN HOSPITAL,103,630,11,82,147.2,-44.2
KY,181320,"LIVINGSTON HOSPITAL AND HEALTHCARE SERVICES, INC",103,283,11,82,147.2,-44.2
KY,180046,BOURBON COMMUNITY HOSPITAL,108,358,13,82,147.2,-39.2
KY,181306,METHODIST HOSPITAL UNION COUNTY,108,369,13,82,147.2,-39.2
KY,181323,OHIO COUNTY HOSPITAL,110,285,15,82,147.2,-37.2
KY,180149,TJ HEALTH COLUMBIA,111,431,16,82,147.2,-36.2
KY,181310,CARROLL COUNTY MEMORIAL HOSPITAL,112,185,17,82,147.2,-35.2
KY,180070,OWENSBORO HEALTH TWIN LAKES MEDICAL CENTER,116,389,18,82,147.2,-31.2
KY,180016,UOFL HEALTH - SHELBYVILLE HOSPITAL,121,1025,19,82,147.2,-26.2
KY,180105,MONROE COUNTY MEDICAL CENTER,122,591,20,82,147.2,-25.2
KY,180154,"PINEVILLE COMMUNITY HEALTH CENTER, INC",122,309,20,82,147.2,-25.2
KY,181334,KENTUCKY RIVER MEDICAL CENTER,123,375,22,82,147.2,-24.2
KY,181329,CHI SAINT JOSEPH BEREA NF,126,375,23,82,147.2,-21.2
KY,180056,DEACONESS HENDERSON HOSPITAL,127,364,24,82,147.2,-20.2
KY,180116,JACKSON PURCHASE MEDICAL CENTER,127,395,24,82,147.2,-20.2
KY,181301,MARCUM AND WALLACE MEMORIAL HOSPITAL,129,366,26,82,147.2,-18.2
KY,180064,SAINT JOSEPH MOUNT STERLING,129,371,26,82,147.2,-18.2
KY,181307,MORGAN COUNTY ARH HOSPITAL,130,409,28,82,147.2,-17.2
KY,180066,The Medical Center at Russellville,131,277,29,82,147.2,-16.2
KY,180043,AdventHealthManchester,132,389,30,82,147.2,-15.2
KY,180035,ST ELIZABETH EDGEWOOD,132,795,30,82,147.2,-15.2
KY,180101,GEORGETOWN COMMUNITY HOSPITAL,133,467,32,82,147.2,-14.2
KY,180010,SAINT JOSEPH HOSPITAL,135,398,33,82,147.2,-12.2
KY,180143,SAINT JOSEPH EAST,136,369,34,82,147.2,-11.2
KY,181328,KNOX COUNTY HOSPITAL,137,436,35,82,147.2,-10.2
KY,180087,TAYLOR REGIONAL HOSPITAL,137,401,35,82,147.2,-10.2
KY,181304,TRIGG COUNTY HOSPITAL,137,173,35,82,147.2,-10.2
KY,180048,EPHRAIM MCDOWELL REGIONAL MEDICAL CENTER,139,637,38,82,147.2,-8.2
KY,180138,BAPTIST HEALTH LAGRANGE,140,378,39,82,147.2,-7.2
KY,181325,JANE TODD CRAWFORD HOSPITAL,142,313,40,82,147.2,-5.2
KY,180115,"ROCKCASTLE COUNTY HOSPITAL, INC.",142,437,40,82,147.2,-5.2
KY,180025,CHI SAINT JOSEPH FLAGET MEMORIAL HOSPITAL,144,366,42,82,147.2,-3.2
KY,180040,UOFL HEALTH - JEWISH HOSPITAL and Mary & Elizabeth Hospital,145,1013,43,82,147.2,-2.2
KY,180019,MEADOWVIEW REGIONAL MEDICAL CENTER,147,387,44,82,147.2,-0.2
KY,180004,OWENSBORO HEALTH MUHLENBERG COMMUNITY HOSPITAL,148,363,45,82,147.2,0.8
KY,180001,ST ELIZABETH FT THOMAS,148,383,45,82,147.2,0.8
KY,180049,BAPTIST HEALTH RICHMOND,150,373,47,82,147.2,2.8
KY,180045,ST ELIZABETH FLORENCE,152,378,48,82,147.2,4.8
KY,180124,TRISTAR GREENVIEW REGIONAL HOSPITAL,152,393,48,82,147.2,4.8
KY,18003F,Blanchfield ACH (FT Campbell),156,404,50,82,147.2,8.8
KY,180051,JENNIE STUART MEDICAL CENTER,156,610,50,82,147.2,8.8
KY,180027,MURRAY-CALLOWAY COUNTY HOSPITAL,156,400,50,82,147.2,8.8
KY,180024,SPRING VIEW HOSPITAL,158,381,53,82,147.2,10.8
KY,180127,FRANKFORT REGIONAL MEDICAL CENTER,160,397,54,82,147.2,12.8
KY,180002,WHITESBURG ARH HOSPITAL,160,435,54,82,147.2,12.8
KY,180079,HARRISON MEMORIAL HOSPITAL,162,376,56,82,147.2,14.8
KY,180128,THREE RIVERS MEDICAL CENTER,163,395,57,82,147.2,15.8
KY,180078,PAINTSVILLE ARH HOSPITAL,166,441,58,82,147.2,18.8
KY,180132,LAKE CUMBERLAND REGIONAL HOSPITAL,169,424,59,82,147.2,21.8
KY,180102,MERCY HEALTH - LOURDES HOSPITAL,171,371,60,82,147.2,23.8
KY,180029,HAZARD ARH REGIONAL MEDICAL CENTER,173,397,61,82,147.2,25.8
KY,180020,MIDDLESBORO ARH HOSPITAL,176,422,62,82,147.2,28.8
KY,180069,TUG VALLEY ARH REGIONAL MEDICAL CENTER,176,425,62,82,147.2,28.8
KY,180092,CLARK REGIONAL MEDICAL CENTER,177,384,64,82,147.2,29.8
KY,180103,BAPTIST HEALTH LEXINGTON,181,5074,65,82,147.2,33.8
KY,180104,BAPTIST HEALTH PADUCAH,181,384,65,82,147.2,33.8
KY,180018,ST CLAIRE REGIONAL MEDICAL CENTER,181,385,65,82,147.2,33.8
KY,180017,T J SAMSON COMMUNITY HOSPITAL,184,427,68,82,147.2,36.8
KY,180093,BAPTIST HEALTH DEACONESS MADISONVILLE,187,376,69,82,147.2,39.8
KY,180130,BAPTIST HEALTH LOUISVILLE,190,369,70,82,147.2,42.8
KY,180050,HARLAN ARH HOSPITAL,193,402,71,82,147.2,45.8
KY,180005,HIGHLANDS ARH REGIONAL MEDICAL CENTER,193,439,71,82,147.2,45.8
KY,180011,SAINT JOSEPH LONDON,194,360,73,82,147.2,46.8
KY,180088,"NORTON HOSPITALS, INC",197,641,74,82,147.2,49.8
KY,180012,BAPTIST HEALTH HARDIN,198,369,75,82,147.2,50.8
KY,180141,UNIVERSITY OF LOUISVILLE HOSPITAL,198,842,75,82,147.2,50.8
KY,180080,BAPTIST HEALTH CORBIN,204,357,77,82,147.2,56.8
KY,180038,OWENSBORO HEALTH REGIONAL HOSPITAL,208,384,78,82,147.2,60.8
KY,180009,KING'S DAUGHTERS' MEDICAL CENTER,210,365,79,82,147.2,62.8
KY,180013,THE MEDICAL CENTER (BOWLING GREEN),216,1437,80,82,147.2,68.8
KY,180067,UNIVERSITY OF KENTUCKY HOSPITAL,217,381,81,82,147.2,69.8
KY,180044,PIKEVILLE MEDICAL CENTER,220,652,82,82,147.2,72.8
LA,190151,RICHARDSON MEDICAL CENTER,57,360,1,89,135.2,-78.2
LA,191325,LADY OF THE SEA GENERAL HOSPITAL,61,374,2,89,135.2,-74.2
LA,191300,ST HELENA PARISH HOSPITAL,73,381,3,89,135.2,-62.2
LA,190099,AVOYELLES HOSPITAL,79,385,4,89,135.2,-56.2
LA,191310,BAYOU BEND HEALTH SYSTEM,79,314,4,89,135.2,-56.2
LA,191311,BUNKIE GENERAL HOSPITAL,81,80,6,89,135.2,-54.2
LA,191309,HOOD MEMORIAL HOSPITAL,81,354,6,89,135.2,-54.2
LA,190014,OCHSNER ST MARY,81,373,6,89,135.2,-54.2
LA,190208,EAST CARROLL PARISH HOSPITAL,85,409,9,89,135.2,-50.2
LA,191322,ABROM KAPLAN MEMORIAL HOSPITAL,87,364,10,89,135.2,-48.2
LA,191315,HARDTNER MEDICAL CENTER,91,401,11,89,135.2,-44.2
LA,191306,WEST FELICIANA PARISH HOSPITAL,94,350,12,89,135.2,-41.2
LA,19050F,Bayne-Jones ACH (Ft Johnson),95,336,13,89,135.2,-40.2
LA,191301,UNION GENERAL HOSPITAL,98,337,14,89,135.2,-37.2
LA,191320,BIENVILLE MEDICAL CENTER,99,147,15,89,135.2,-36.2
LA,191307,DEQUINCY MEMORIAL HOSPITAL,99,239,15,89,135.2,-36.2
LA,190088,SPRINGHILL MEDICAL CENTER,99,445,15,89,135.2,-36.2
LA,191305,ST JAMES PARISH HOSPITAL,100,422,18,89,135.2,-35.2
LA,190090,WINN PARISH MEDICAL CENTER,100,343,18,89,135.2,-35.2
LA,191302,OCHSNER ST MARTIN HOSPITAL,102,377,20,89,135.2,-33.2
LA,190053,OCHSNER AMERICAN LEGION HOSPITAL,104,366,21,89,135.2,-31.2
LA,190133,ALLEN PARISH HOSPITAL,106,432,22,89,135.2,-29.2
LA,191321,LALLIE KEMP MEDICAL CENTER,106,372,22,89,135.2,-29.2
LA,190118,DESOTO REGIONAL HEALTH SYSTEM,107,331,24,89,135.2,-28.2
LA,190044,ACADIA GENERAL HOSPITAL,108,364,25,89,135.2,-27.2
LA,190025,SAVOY MEDICAL CENTER,108,286,25,89,135.2,-27.2
LA,190114,CLAIBORNE MEMORIAL MEDICAL CENTER,111,642,27,89,135.2,-24.2
LA,190116,MOREHOUSE GENERAL HOSPITAL,111,344,27,89,135.2,-24.2
LA,190106,OAKDALE COMMUNITY HOSPITAL,112,330,29,89,135.2,-23.2
LA,190318,ACADIAN MEDICAL CENTER,113,383,30,89,135.2,-22.2
LA,190144,MINDEN MEDICAL CENTER,117,327,31,89,135.2,-18.2
LA,190079,ST CHARLES PARISH HOSPITAL,117,373,31,89,135.2,-18.2
LA,191304,NORTH CADDO MEDICAL CENTER,118,360,33,89,135.2,-17.2
LA,190034,ABBEVILLE GENERAL HOSPITAL,119,397,34,89,135.2,-16.2
LA,191324,OCHSNER ST ANNE GENERAL HOSPITAL,119,353,34,89,135.2,-16.2
LA,191313,RIVERSIDE MEDICAL CENTER,119,358,34,89,135.2,-16.2
LA,191314,MADISON PARISH HOSPITAL,121,3358,37,89,135.2,-14.2
LA,191326,REEVES MEMORIAL MEDICAL CENTER,121,703,37,89,135.2,-14.2
LA,190013,WEST CALCASIEU CAMERON HOSPITAL,122,587,39,89,135.2,-13.2
LA,190164,BYRD REGIONAL HOSPITAL,123,293,40,89,135.2,-12.2
LA,190184,CITIZENS MEDICAL CENTER,123,810,40,89,135.2,-12.2
LA,190054,IBERIA MEDICAL CENTER,123,733,40,89,135.2,-12.2
LA,191316,POINTE COUPEE GENERAL HOSPITAL,124,383,43,89,135.2,-11.2
LA,190183,LEONARD J CHABERT MEDICAL CENTER,128,379,44,89,135.2,-7.2
LA,190017,OPELOUSAS GENERAL HEALTH SYSTEM,128,413,44,89,135.2,-7.2
LA,190218,SABINE MEDICAL CENTER,128,344,44,89,135.2,-7.2
LA,190086,NORTHERN LOUISIANA MEDICAL CENTER,130,386,47,89,135.2,-5.2
LA,190201,CHRISTUS OCHSNER LAKE AREA HOSPITAL,132,390,48,89,135.2,-3.2
LA,190006,OCHSNER UNIVERSITY HOSPITAL AND CLINICS,132,336,48,89,135.2,-3.2
LA,191317,JACKSON PARISH HOSPITAL,133,371,50,89,135.2,-2.2
LA,190312,OUR LADY OF THE ANGELS HOSPITAL,133,365,50,89,135.2,-2.2
LA,190026,RAPIDES REGIONAL MEDICAL CENTER,134,406,52,89,135.2,-1.2
LA,190145,LASALLE GENERAL HOSPITAL,137,385,53,89,135.2,1.8
LA,190313,NEW ORLEANS EAST HOSPITAL,137,374,53,89,135.2,1.8
LA,190167,MERCY REGIONAL MEDICAL CENTER,138,356,55,89,135.2,2.8
LA,190027,CHRISTUS OCHSNER ST PATRICK HOSPITAL,145,364,56,89,135.2,9.8
LA,191327,WEST CARROLL MEMORIAL HOSPITAL,145,327,56,89,135.2,9.8
LA,190128,WOMANS HOSPITAL,147,498,58,89,135.2,11.8
LA,190140,FRANKLIN MEDICAL CENTER,148,370,59,89,135.2,12.8
LA,190102,"OUR LADY OF LOURDES REGIONAL MEDICAL CENTER, INC",148,398,59,89,135.2,12.8
LA,190008,TERREBONNE GENERAL MEDICAL CENTER - PARISH,148,361,59,89,135.2,12.8
LA,190274,OCHSNER MEDICAL CENTER-KENNER,149,377,62,89,135.2,13.8
LA,190160,GLENWOOD REGIONAL MEDICAL CENTER,152,365,63,89,135.2,16.8
LA,190039,WEST JEFFERSON MEDICAL CENTER,154,389,64,89,135.2,18.8
LA,190011,OCHSNER LSU HEALTH MONROE,155,364,65,89,135.2,19.8
LA,191323,RICHLAND PARISH HOSPITAL-DELHI,156,319,66,89,135.2,20.8
LA,190041,CHRISTUS SHREVEPORT-BOSSIER HEALTH SYSTEM,157,386,67,89,135.2,21.8
LA,190046,TOURO INFIRMARY,158,372,68,89,135.2,22.8
LA,190007,NATCHITOCHES REGIONAL MEDICAL CENTER,160,348,69,89,135.2,24.8
LA,190176,EAST JEFFERSON GENERAL HOSPITAL,162,794,70,89,135.2,26.8
LA,190064,OUR LADY OF THE LAKE REGIONAL MEDICAL CENTER,164,381,71,89,135.2,28.8
LA,190036,OCHSNER MEDICAL CENTER ACUTE,168,390,72,89,135.2,32.8
LA,190004,THIBODAUX REGIONAL MEDICAL CENTER,170,449,73,89,135.2,34.8
LA,190002,OCHSNER LAFAYETTE GENERAL MEDICAL CENTER,171,374,74,89,135.2,35.8
LA,190045,ST TAMMANY PARISH HOSPITAL,171,383,74,89,135.2,35.8
LA,190316,THE GENERAL,174,272,76,89,135.2,38.8
LA,190202,OCHSNER MEDICAL CENTER - BATON ROUGE,179,375,77,89,135.2,43.8
LA,190015,NORTH OAKS MEDICAL CENTER,180,344,78,89,135.2,44.8
LA,190111,WILLIS KNIGHTON MEDICAL CENTER,180,1726,78,89,135.2,44.8
LA,190308,ST BERNARD PARISH HOSPITAL,181,349,80,89,135.2,45.8
LA,190050,BEAUREGARD MEMORIAL HOSPITAL,184,415,81,89,135.2,48.8
LA,190020,LANE REGIONAL MEDICAL CENTER,184,441,81,89,135.2,48.8
LA,190040,SLIDELL MEMORIAL HOSPITAL,203,371,83,89,135.2,67.8
LA,190065,BATON ROUGE GENERAL MEDICAL CENTER,207,340,84,89,135.2,71.8
LA,190019,CHRISTUS ST FRANCES CABRINI HOSPITAL,211,366,85,89,135.2,75.8
LA,190060,LAKE CHARLES MEMORIAL HOSPITAL,217,345,86,89,135.2,81.8
LA,190125,ST FRANCIS MEDICAL CENTER,226,345,87,89,135.2,90.8
LA,190098,OCHSNER LSU HEALTH SHREVEPORT,247,282,88,89,135.2,111.8
LA,190005,UNIVERSITY MEDICAL CENTER NEW ORLEANS,353,368,89,89,135.2,217.8
MA,221302,FAIRVIEW HOSPITAL,114,372,1,54,221.9,-107.9
MA,220177,NANTUCKET COTTAGE HOSPITAL,116,372,2,54,221.9,-105.9
MA,220036,BOSTON MEDICAL CENTER-BRIGHTON,148,353,3,54,221.9,-73.9
MA,221304,NORTH ADAMS REGIONAL HOSPITAL CORPORATION,153,261,4,54,221.9,-68.9
MA,221300,MARTHA'S VINEYARD HOSPITAL INC,157,373,5,54,221.9,-64.9
MA,220135,FALMOUTH HOSPITAL,160,367,6,54,221.9,-61.9
MA,220011,CAMBRIDGE HEALTH ALLIANCE,164,367,7,54,221.9,-57.9
MA,220075,MASSACHUSETTS EYE AND EAR INFIRMARY -,168,396,8,54,221.9,-53.9
MA,221303,ATHOL MEMORIAL HOSPITAL,176,306,9,54,221.9,-45.9
MA,220020,SAINT ANNE'S HOSPITAL,190,336,10,54,221.9,-31.9
MA,220029,ANNA JAQUES HOSPITAL,192,454,11,54,221.9,-29.9
MA,220016,BAYSTATE FRANKLIN MEDICAL CENTER,192,366,11,54,221.9,-29.9
MA,220095,HEYWOOD HOSPITAL -,194,340,13,54,221.9,-27.9
MA,220033,NORTHEAST HOSPITAL CORPORATION,194,358,13,54,221.9,-27.9
MA,220008,STURDY MEMORIAL HOSPITAL,197,385,15,54,221.9,-24.9
MA,220083,BETH ISRAEL DEACONESS HOSPITAL - NEEDHAM,198,332,16,54,221.9,-23.9
MA,220070,MELROSEWAKEFIELD HEALTHCARE,199,347,17,54,221.9,-22.9
MA,220074,SOUTHCOAST HOSPITALS GROUP,201,424,18,54,221.9,-20.9
MA,220012,CAPE COD HOSPITAL,202,372,19,54,221.9,-19.9
MA,220030,BAYSTATE WING HOSPITAL,209,353,20,54,221.9,-12.9
MA,220084,EMERSON HOSPITAL -,210,350,21,54,221.9,-11.9
MA,220052,SIGNATURE HEALTHCARE BROCKTON HOSPITAL,210,359,21,54,221.9,-11.9
MA,220116,TUFTS MEDICAL CENTER,211,352,23,54,221.9,-10.9
MA,220002,MOUNT AUBURN HOSPITAL,212,371,24,54,221.9,-9.9
MA,220073,BROWN UNIVERSITY HEALTH MORTON HOSPITAL,213,332,25,54,221.9,-8.9
MA,220019,UMASS MEMORIAL HEALTH - HARRINGTON HOSPITAL,215,343,26,54,221.9,-6.9
MA,220065,BAYSTATE NOBLE HOSPITAL,216,331,27,54,221.9,-5.9
MA,220176,ST VINCENT HOSPITAL,220,526,28,54,221.9,-1.9
MA,220100,SOUTH SHORE HOSPITAL,225,357,29,54,221.9,3.1
MA,220171,"LAHEY HOSPITAL & MEDICAL CENTER, BURLINGTON",226,374,30,54,221.9,4.1
MA,220175,METROWEST MEDICAL CENTER,227,457,31,54,221.9,5.1
MA,220105,WINCHESTER HOSPITAL,229,373,32,54,221.9,7.1
MA,220080,HOLY FAMILY HOSPITAL,233,403,33,54,221.9,11.1
MA,220049,UMASS MEMORIAL HEALTHCARE-MARLBOROUGH HOSPITAL,236,350,34,54,221.9,14.1
MA,220108,BETH ISRAEL DEACONESS HOSPITAL - MILTON,239,366,35,54,221.9,17.1
MA,220031,BOSTON MEDICAL CENTER,241,416,36,54,221.9,19.1
MA,220060,BETH ISRAEL DEACONESS HOSPITAL PLYMOUTH,242,343,37,54,221.9,20.1
MA,220010,MERRIMACK HEALTH LAWRENCE HOSPITAL,245,416,38,54,221.9,23.1
MA,220046,BERKSHIRE MEDICAL CENTER,248,363,39,54,221.9,26.1
MA,220015,"COOLEY DICKINSON HOSPITAL INC,THE",252,370,40,54,221.9,30.1
MA,220001,UMASS MEMORIAL HEALTHALLIANCE HOSPITALS,253,335,41,54,221.9,31.1
MA,220119,BRIGHAM AND WOMEN FAULKNER HOSPITAL,255,324,42,54,221.9,33.1
MA,220063,LOWELL GENERAL HOSPITAL,262,362,43,54,221.9,40.1
MA,220101,NEWTON-WELLESLEY HOSPITAL,263,351,44,54,221.9,41.1
MA,220111,GOOD SAMARITAN MEDICAL CENTER,264,321,45,54,221.9,42.1
MA,220024,HOLYOKE MEDICAL CENTER,267,422,46,54,221.9,45.1
MA,220090,MILFORD REGIONAL MEDICAL CENTER,274,423,47,54,221.9,52.1
MA,220035,NORTH SHORE MEDICAL CENTER -,276,368,48,54,221.9,54.1
MA,220066,MERCY MEDICAL CTR,278,372,49,54,221.9,56.1
MA,220077,BAYSTATE MEDICAL CENTER,282,344,50,54,221.9,60.1
MA,220071,MASSACHUSETTS GENERAL HOSPITAL,283,346,51,54,221.9,61.1
MA,220163,UMASS MEMORIAL MEDICAL CENTER/UNIVERSITY CAMPUS,296,366,52,54,221.9,74.1
MA,220110,BRIGHAM AND WOMEN'S HOSPITAL,309,352,53,54,221.9,87.1
MA,220086,BETH ISRAEL DEACONESS MEDICAL CENTER,348,353,54,54,221.9,126.1
MD,210017,GARRETT REGIONAL MEDICAL CENTER,129,353,1,40,245.0,-116.0
MD,210061,ATLANTIC GENERAL HOSPITAL,146,388,2,40,245.0,-99.0
MD,210030,UNIVERSITY OF MD SHORE MEDICAL CTR AT CHESTERTOWN,174,333,3,40,245.0,-71.0
MD,210019,"TIDALHEALTH PENINSULA REGIONAL, INC",176,339,4,40,245.0,-69.0
MD,210037,UNIVERSITY OF MD SHORE MEDICAL CENTER AT EASTON,179,371,5,40,245.0,-66.0
MD,21007F,Walter Reed National Military Med Cen,187,344,6,40,245.0,-58.0
MD,210057,ADVENTIST HEALTHCARE SHADY GROVE MEDICAL CENTER,200,496,7,40,245.0,-45.0
MD,210039,CALVERTHEALTH MEDICAL CENTER,200,1992,7,40,245.0,-45.0
MD,210034,MEDSTAR HARBOR HOSPITAL,208,368,9,40,245.0,-37.0
MD,210060,ADVENTIST HEALTHCARE FORT WASHINGTON MEDICAL CTR,214,463,10,40,245.0,-31.0
MD,210033,CARROLL HOSPITAL CENTER,215,2600,11,40,245.0,-30.0
MD,210024,MEDSTAR UNION MEMORIAL HOSPITAL,216,380,12,40,245.0,-29.0
MD,210022,SUBURBAN HOSPITAL,224,381,13,40,245.0,-21.0
MD,210005,FREDERICK HEALTH HOSPITAL,230,361,14,40,245.0,-15.0
MD,210044,GREATER BALTIMORE MEDICAL CENTER,231,45930,15,40,245.0,-14.0
MD,210032,UNION HOSPITAL OF CECIL COUNTY,232,353,16,40,245.0,-13.0
MD,210056,MEDSTAR GOOD SAMARITAN HOSPITAL,234,369,17,40,245.0,-11.0
MD,210027,WESTERN MARYLAND REGIONAL MEDICAL CENTER,239,1063,18,40,245.0,-6.0
MD,210049,UMD UPPER CHESAPEAKE MEDICAL CENTER,240,396,19,40,245.0,-5.0
MD,210008,MERCY MEDICAL CENTER INC,242,375,20,40,245.0,-3.0
MD,210065,HOLY CROSS GERMANTOWN HOSPITAL,244,384,21,40,245.0,-1.0
MD,210023,"LUMINIS HEALTH ANNE ARUNDEL MEDICAL CENTER, INC",245,76055,22,40,245.0,-0.0
MD,210038,UNIVERSITY OF MD MEDICAL CENTER MIDTOWN CAMPUS,246,301,23,40,245.0,1.0
MD,210040,NORTHWEST HOSPITAL CENTER,248,452,24,40,245.0,3.0
MD,210001,MERITUS MEDICAL CENTER,250,34376,25,40,245.0,5.0
MD,210018,MEDSTAR MONTGOMERY MEDICAL CENTER,254,370,26,40,245.0,9.0
MD,210028,MEDSTAR SAINT MARY'S HOSPITAL,254,374,26,40,245.0,9.0
MD,210012,SINAI HOSPITAL OF BALTIMORE,254,1811,26,40,245.0,9.0
MD,210048,JOHNS HOPKINS HOWARD COUNTY MEDICAL CENTER,258,364,29,40,245.0,13.0
MD,210003,UNIVERSITY OF MD CAPITAL REGION MEDICAL CENTER,258,359,29,40,245.0,13.0
MD,210051,"LUMINIS HEALTH DOCTORS COMMUNITY MEDICAL CTR, INC",272,35289,31,40,245.0,27.0
MD,210035,UNIVERSITY OF MD CHARLES REGIONAL  MEDICAL CENTER,278,364,32,40,245.0,33.0
MD,210063,UNIVERSITY OF MD ST JOSEPH MEDICAL CENTER,281,369,33,40,245.0,36.0
MD,210009,"JOHNS HOPKINS HOSPITAL, THE",290,340,34,40,245.0,45.0
MD,210016,ADVENTIST HEALTHCARE WHITE OAK MEDICAL CENTER,309,483,35,40,245.0,64.0
MD,210004,HOLY CROSS HOSPITAL,314,394,36,40,245.0,69.0
MD,210029,JOHNS HOPKINS BAYVIEW MEDICAL CENTER,330,290,37,40,245.0,85.0
MD,210002,UNIVERSITY OF MARYLAND MEDICAL CENTER,330,329,37,40,245.0,85.0
MD,210015,MEDSTAR FRANKLIN SQUARE MEDICAL CENTER,384,328,39,40,245.0,139.0
MD,210062,MEDSTAR SOUTHERN MARYLAND HOSPITAL CENTER,386,333,40,40,245.0,141.0
ME,201301,NORTHERN LIGHT C A DEAN HOSPITAL,90,343,1,30,163.2,-73.2
ME,201306,RUMFORD  HOSPITAL,106,276,2,30,163.2,-57.2
ME,201310,BRIDGTON HOSPITAL,118,282,3,30,163.2,-45.2
ME,201300,NORTHERN LIGHT BLUE HILL MEMORIAL HOSPITAL,121,449,4,30,163.2,-42.2
ME,201315,MAINEHEALTH STEPHENS HOSPITAL,122,394,5,30,163.2,-41.2
ME,201303,PENOBSCOT VALLEY HOSPITAL,122,348,5,30,163.2,-41.2
ME,201304,MOUNT DESERT ISLAND HOSPITAL,130,412,7,30,163.2,-33.2
ME,201314,REDINGTON FAIRVIEW GENERAL HOSPITAL,135,371,8,30,163.2,-28.2
ME,200031,CARY MEDICAL CENTER,136,403,9,30,163.2,-27.2
ME,201302,LINCOLNHEALTH,137,369,10,30,163.2,-26.2
ME,200034,ST MARY'S REGIONAL MEDICAL CENTER,142,357,11,30,163.2,-21.2
ME,201309,NORTHERN LIGHT MAYO HOSPITAL,143,397,12,30,163.2,-20.2
ME,201312,MAINEHEALTH WALDO HOSPITAL,146,382,13,30,163.2,-17.2
ME,201317,NORTHERN MAINE MEDICAL CENTER,147,399,14,30,163.2,-16.2
ME,201305,CALAIS COMMUNITY HOSPITAL,160,384,15,30,163.2,-3.2
ME,201316,MAINEHEALTH FRANKLIN HOSPITAL,168,380,16,30,163.2,4.8
ME,200063,MAINEHEALTH PEN BAY HOSPITAL,170,378,17,30,163.2,6.8
ME,200020,YORK HOSPITAL,172,432,18,30,163.2,8.8
ME,201313,NORTHERN LIGHT SEBASTICOOK VALLEY HOSPITAL,178,460,19,30,163.2,14.8
ME,200001,ST JOSEPH HOSPITAL,188,381,20,30,163.2,24.8
ME,201311,DOWN EAST COMMUNITY HOSPITAL,189,387,21,30,163.2,25.8
ME,201308,HOULTON REGIONAL HOSPITAL,192,362,22,30,163.2,28.8
ME,200039,MAINE GENERAL MEDICAL CENTER,196,361,23,30,163.2,32.8
ME,200021,MAINEHEALTH MID COAST HOSPITAL,198,377,24,30,163.2,34.8
ME,200018,NORTHERN LIGHT  A R GOULD HOSPITAL,202,401,25,30,163.2,38.8
ME,200050,NORTHERN LIGHT MAINE COAST HOSPITAL,204,447,26,30,163.2,40.8
ME,200008,NORTHERN LIGHT MERCY HOSPITAL,210,364,27,30,163.2,46.8
ME,200009,MAINEHEALTH MAINE MEDICAL CENTER,218,409,28,30,163.2,54.8
ME,200033,NORTHERN LIGHT EASTERN MAINE MEDICAL CENTER,218,378,28,30,163.2,54.8
ME,200024,CENTRAL MAINE MEDICAL CENTER,239,286,30,30,163.2,75.8
MI,231312,SHERIDAN COMMUNITY HOSPITAL,61,383,1,118,160.5,-99.5
MI,231329,MCLAREN CARO REGION,70,355,2,118,160.5,-90.5
MI,231315,ASCENSION BORGESS LEE HOSPITAL,74,260,3,118,160.5,-86.5
MI,230174,TRINITY HEALTH GRAND HAVEN HOSPITAL,76,301,4,118,160.5,-84.5
MI,231311,DECKERVILLE COMMUNITY HOSPITAL,86,206,5,118,160.5,-74.5
MI,231328,ASCENSION BORGESS ALLEGAN HOSPITAL,91,259,6,118,160.5,-69.5
MI,231316,HILLS & DALES GENERAL HOSPITAL,94,339,7,118,160.5,-66.5
MI,231313,HARBOR BEACH COMMUNITY HOSPITAL,95,286,8,118,160.5,-65.5
MI,230208,UNIVERSITY OF MICHIGAN HEALTH-SPARROW CARSON,95,371,8,118,160.5,-65.5
MI,231319,ASPIRUS KEWEENAW HOSPITAL AND CLINICS,96,376,10,118,160.5,-64.5
MI,230078,COREWELL HEALTH WATERVLIET HOSPITAL,101,388,11,118,160.5,-59.5
MI,231320,MERCY HEALTH LAKESHORE CAMPUS,103,374,12,118,160.5,-57.5
MI,231310,SCHEURER HOSPITAL,104,316,13,118,160.5,-56.5
MI,231323,COREWELL HEALTH REED CITY HOSPITAL,105,389,14,118,160.5,-55.5
MI,231305,SAINT MARY'S STANDISH COMMUNITY HOSPITAL,105,294,14,118,160.5,-55.5
MI,230207,MCLAREN OAKLAND,106,396,16,118,160.5,-54.5
MI,231300,PAUL OLIVER MEMORIAL HOSPITAL,106,327,16,118,160.5,-54.5
MI,231330,MARLETTE REGIONAL HOSPITAL,107,376,18,118,160.5,-53.5
MI,230244,GARDEN CITY HOSPITAL,108,411,19,118,160.5,-52.5
MI,231301,KALKASKA MEMORIAL HEALTH CENTER,108,433,19,118,160.5,-52.5
MI,231308,MUNISING MEMORIAL HOSPITAL,113,264,21,118,160.5,-47.5
MI,231304,HELEN NEWBERRY JOY HOSPITAL,114,330,22,118,160.5,-46.5
MI,231318,"ASPIRUS IRON RIVER HOSPITAL & CLINICS, INC",117,359,23,118,160.5,-43.5
MI,231340,MCLAREN THUMB REGION,118,334,24,118,160.5,-42.5
MI,231324,EATON RAPIDS MEDICAL CENTER,120,420,25,118,160.5,-40.5
MI,231306,MACKINAC STRAITS HOSPITAL AND HEALTH CENTER,121,367,26,118,160.5,-39.5
MI,230303,MUNSON HEALTHCARE MANISTEE HOSPITAL,122,358,27,118,160.5,-38.5
MI,230241,ASCENSION RIVER DISTRICT HOSPITAL,123,235,28,118,160.5,-37.5
MI,230100,TAWAS ST JOSEPH HOSPITAL,124,271,29,118,160.5,-36.5
MI,230239,CHIPPEWA COUNTY WAR MEMORIAL HOSPITAL,128,394,30,118,160.5,-32.5
MI,231337,OSF ST FRANCIS HOSPITAL AND MEDICAL GROUP,129,337,31,118,160.5,-31.5
MI,231339,COREWELL HEALTH PENNOCK HOSPITAL,130,406,32,118,160.5,-30.5
MI,231307,BARAGA COUNTY MEMORIAL HOSPITAL,131,310,33,118,160.5,-29.5
MI,231321,BELL HOSPITAL,132,372,34,118,160.5,-28.5
MI,230080,MCLAREN CENTRAL MICHIGAN,132,360,34,118,160.5,-28.5
MI,231333,ASPIRUS IRONWOOD HOSPITAL,133,355,36,118,160.5,-27.5
MI,230110,COREWELL HEALTH LUDINGTON HOSPITAL,134,396,37,118,160.5,-26.5
MI,231314,MCKENZIE HEALTH SYSTEM,134,338,37,118,160.5,-26.5
MI,231322,CHARLEVOIX AREA HOSPITAL,135,363,39,118,160.5,-25.5
MI,231325,MYMICHIGAN MEDICAL CENTER GLADWIN,136,388,40,118,160.5,-24.5
MI,230035,SPECTRUM HEALTH UNITED HOSPITAL,136,406,40,118,160.5,-24.5
MI,230085,BRONSON SOUTH HAVEN HOSPITAL,138,363,42,118,160.5,-22.5
MI,230059,MERCY HEALTH SAINT MARY'S,138,400,42,118,160.5,-22.5
MI,230093,COREWELL HEALTH BIG RAPIDS HOSPITAL,140,396,44,118,160.5,-20.5
MI,230003,COREWELL HEALTH ZEELAND HOSPITAL,140,416,44,118,160.5,-20.5
MI,231338,COREWELL HEALTH GERBER HOSPITAL,142,404,46,118,160.5,-18.5
MI,230022,INSIGHT HOSPITAL AND MEDICAL CENTER COLDWATER,142,370,46,118,160.5,-18.5
MI,230108,UP HEALTH SYSTEM PORTAGE,142,342,46,118,160.5,-18.5
MI,230273,DETROIT RECEIVING HOSPITAL,143,355,49,118,160.5,-17.5
MI,230024,SINAI-GRACE HOSPITAL,143,384,49,118,160.5,-17.5
MI,230277,HURON VALLEY-SINAI HOSPITAL,150,420,51,118,160.5,-10.5
MI,230105,MCLAREN NORTHERN MICHIGAN,150,421,51,118,160.5,-10.5
MI,230015,THREE RIVERS HEALTH,150,656,51,118,160.5,-10.5
MI,231332,BRONSON LAKEVIEW HOSPITAL,151,374,54,118,160.5,-9.5
MI,230142,COREWELL HEALTH WAYNE HOSPITAL,151,378,54,118,160.5,-9.5
MI,230180,MYMICHIGAN MEDICAL CENTER CLARE,152,400,56,118,160.5,-8.5
MI,230222,MYMICHIGAN MEDICAL CENTER MIDLAND,152,414,56,118,160.5,-8.5
MI,231327,UNIVERSITY OF MICHIGAN HEALTH - SPARROW EATON,152,461,56,118,160.5,-8.5
MI,230104,HARPER UNIVERSITY HOSPITAL,155,414,59,118,160.5,-5.5
MI,231303,SCHOOLCRAFT MEMORIAL HOSPITAL,155,388,59,118,160.5,-5.5
MI,230038,SPECTRUM HEALTH,156,418,61,118,160.5,-4.5
MI,230021,"LAKELAND HOSPITAL, ST JOSEPH",157,374,62,118,160.5,-3.5
MI,230081,MUNSON HEALTHCARE CADILLAC HOSPITAL,157,345,62,118,160.5,-3.5
MI,230217,OAKLAWN HOSPITAL,158,400,64,118,160.5,-2.5
MI,231331,SPARROW IONIA HOSPITAL,158,464,64,118,160.5,-2.5
MI,230072,HOLLAND COMMUNITY HOSPITAL,159,402,66,118,160.5,-1.5
MI,230069,TRINITY HEALTH LIVINGSTON HOSPITAL,161,392,67,118,160.5,0.5
MI,230099,PROMEDICA MONROE REGIONAL HOSPITAL,162,356,68,118,160.5,1.5
MI,230089,BEAUMONT HOSPITAL - GROSSE POINTE,163,409,69,118,160.5,2.5
MI,230146,WYANDOTTE HOSPITAL AND MEDICAL CENTER,167,350,70,118,160.5,6.5
MI,230055,DICKINSON COUNTY MEMORIAL HOSPITAL,168,404,71,118,160.5,7.5
MI,230227,MCLAREN MACOMB,168,435,71,118,160.5,7.5
MI,230005,PROMEDICA CHARLES AND VIRGINIA HICKMAN HOSPITAL,168,358,71,118,160.5,7.5
MI,230132,HURLEY MEDICAL CENTER,169,276,74,118,160.5,8.5
MI,230031,LAKE HURON MEDICAL CENTER,169,419,74,118,160.5,8.5
MI,230165,HENRY FORD HEALTH ST JOHN HOSPITAL,170,275,76,118,160.5,9.5
MI,230041,MCLAREN BAY REGION,170,314,76,118,160.5,9.5
MI,230151,BEAUMONT HOSPITAL - FARMINGTON HILLS,171,386,78,118,160.5,10.5
MI,230077,MYMICHIGAN MEDICAL CENTER SAGINAW,176,297,79,118,160.5,15.5
MI,231326,UNIVERSITY OF MICHIGAN HEALTH- SPARROW CLINTON,183,477,80,118,160.5,22.5
MI,230058,MUNSON HEALTHCARE GRAYLING HOSPITAL,184,348,81,118,160.5,23.5
MI,230236,UNIVERSITY OF MICHIGAN HEALTH - WEST,184,403,81,118,160.5,23.5
MI,230270,BEAUMONT HOSPITAL - TAYLOR,186,371,83,118,160.5,25.5
MI,230141,MCLAREN FLINT,186,414,83,118,160.5,25.5
MI,230193,MCLAREN LAPEER REGION,186,351,83,118,160.5,25.5
MI,230037,HILLSDALE HOSPITAL,188,1869,86,118,160.5,27.5
MI,230133,MUNSON HEALTHCARE OTSEGO MEMORIAL HOSPITAL,188,351,86,118,160.5,27.5
MI,230121,MEMORIAL HEALTHCARE,189,369,88,118,160.5,28.5
MI,230019,"ASCENSION PROVIDENCE HOSPITAL, SOUTHFIELD AND NOVI",192,571,89,118,160.5,31.5
MI,230075,BRONSON BATTLE CREEK HOSPITAL,192,362,89,118,160.5,31.5
MI,230095,MYMICHIGAN MEDICAL CENTER WEST BRANCH,193,379,91,118,160.5,32.5
MI,230054,UPHS MARQUETTE DLP HOSPITAL,194,371,92,118,160.5,33.5
MI,230254,ASCENSION PROVIDENCE ROCHESTER HOSPITAL,195,289,93,118,160.5,34.5
MI,230029,TRINITY HEALTH OAKLAND HOSPITAL,195,371,93,118,160.5,34.5
MI,230259,CHELSEA HOSPITAL,197,412,95,118,160.5,36.5
MI,230020,BEAUMONT HOSPITAL - DEARBORN,198,380,96,118,160.5,37.5
MI,230176,COREWELL HEALTH TRENTON HOSPITAL,198,399,96,118,160.5,37.5
MI,230092,HENRY FORD ALLEGIANCE HEALTH,198,374,96,118,160.5,37.5
MI,230195,Henry Ford Health Warren Hospital,203,261,99,118,160.5,42.5
MI,230030,MYMICHIGAN MEDICAL CENTER ALMA,204,369,100,118,160.5,43.5
MI,230269,"BEAUMONT HOSPITAL, TROY",206,392,101,118,160.5,45.5
MI,230117,BORGESS MEDICAL CENTER,206,266,101,118,160.5,45.5
MI,230070,COVENANT MEDICAL CENTER,208,324,103,118,160.5,47.5
MI,230066,TRINITY HEALTH MUSKEGON HOSPITAL,208,396,103,118,160.5,47.5
MI,230053,HENRY FORD HEALTH HOSPITAL,214,359,105,118,160.5,53.5
MI,230017,BRONSON METHODIST HOSPITAL,230,457,106,118,160.5,69.5
MI,230197,ASCENSION GENESYS HOSPITAL,231,324,107,118,160.5,70.5
MI,230036,MYMICHIGAN MEDICAL CENTER ALPENA,232,390,108,118,160.5,71.5
MI,230156,TRINITY HEALTH ANN ARBOR HOSPITAL,234,381,109,118,160.5,73.5
MI,230216,MCLAREN PORT HURON,238,343,110,118,160.5,77.5
MI,230302,HENRY FORD HEALTH WEST BLOOMFIELD HOSPITAL,242,382,111,118,160.5,81.5
MI,230002,ST JOE MERCY HOSPITAL SYSTEM LIVONIA,242,360,111,118,160.5,81.5
MI,230167,MCLAREN GREATER LANSING,259,430,113,118,160.5,98.5
MI,230130,BEAUMONT HOSPITAL ROYAL OAK,268,377,114,118,160.5,107.5
MI,230097,MUNSON MEDICAL CENTER,272,442,115,118,160.5,111.5
MI,230047,HENRY FORD MACOMB HOSPITAL,292,355,116,118,160.5,131.5
MI,230230,EDWARD W SPARROW HOSPITAL,301,683,117,118,160.5,140.5
MI,230046,UNIVERSITY OF MICHIGAN HEALTH SYSTEM,358,359,118,118,160.5,197.5
MN,241356,MILLE LACS HEALTH SYSTEM,42,417,1,120,133.9,-91.9
MN,241358,CASS LAKE INDIAN HEALTH SERVICES HOSPITAL,65,339,2,120,133.9,-68.9
MN,241320,RIVERVIEW HOSPITAL,77,356,3,120,133.9,-56.9
MN,240206,RED LAKE HOSPITAL,80,323,4,120,133.9,-53.9
MN,241346,MAYO CLINIC HEALTH SYSTEM - CANNON FALLS,86,362,5,120,133.9,-47.9
MN,241357,ESSENTIA HEALTH FOSSTON,87,209,6,120,133.9,-46.9
MN,241378,NEW ULM MEDICAL CENTER,92,373,7,120,133.9,-41.9
MN,241335,ST ELIZABETH MEDICAL CENTER,92,302,7,120,133.9,-41.9
MN,241360,ESSENTIA HEALTH DEER RIVER,94,324,9,120,133.9,-39.9
MN,241345,MAYO CLINIC HEALTH SYSTEM - WASECA,94,378,9,120,133.9,-39.9
MN,240166,MAYO CLINIC HEALTH SYSTEM - FAIRMONT,95,371,11,120,133.9,-38.9
MN,241313,ESSENTIA HEALTH ADA,98,208,12,120,133.9,-35.9
MN,241347,SANFORD CANBY MEDICAL CENTER,98,227,12,120,133.9,-35.9
MN,241333,MAYO CLINIC HEALTH SYSTEM ST. JAMES,99,331,14,120,133.9,-34.9
MN,241353,CUYUNA REGIONAL MEDICAL CENTER,100,408,15,120,133.9,-33.9
MN,241343,AVERA GRANITE FALLS,102,2186,16,120,133.9,-31.9
MN,241318,ELY - BLOOMENSON COMMUNITY HOSPITAL,103,283,17,120,133.9,-30.9
MN,241305,RIVERWOOD HEALTHCARE CENTER,103,367,17,120,133.9,-30.9
MN,241304,SANFORD WHEATON MEDICAL CENTER,103,165,17,120,133.9,-30.9
MN,241312,COOK HOSPITAL,107,245,20,120,133.9,-26.9
MN,241372,MADISON HOSPITAL,108,218,21,120,133.9,-25.9
MN,241381,SANFORD THIEF RIVER FALLS MEDICAL CENTER,108,363,21,120,133.9,-25.9
MN,241327,SLEEPY EYE MEDICAL CENTER,108,1370,21,120,133.9,-25.9
MN,241332,WINDOM AREA HEALTH,108,282,21,120,133.9,-25.9
MN,241348,AVERA TYLER HOSPITAL,109,596,25,120,133.9,-24.9
MN,241365,CENTRACARE - BENSON,110,233,26,120,133.9,-23.9
MN,241309,ESSENTIA HEALTH SANDSTONE,110,308,26,120,133.9,-23.9
MN,241339,HENDRICKS COMMUNITY HOSPITAL,111,183,28,120,133.9,-22.9
MN,241336,KITTSON HEALTHCARE,111,137,28,120,133.9,-22.9
MN,241302,SANFORD WESTBROOK MEDICAL CENTER,111,244,28,120,133.9,-22.9
MN,241375,MINNESOTA VALLEY HEALTH CENTER  INC,112,212,31,120,133.9,-21.9
MN,241377,ST FRANCIS MEDICAL CENTER,112,330,31,120,133.9,-21.9
MN,241368,CENTRACARE HEALTH SYSTEM - SAUK CENTRE,113,349,33,120,133.9,-20.9
MN,241338,MAYO CLINIC HEALTH SYSTEM - LAKE CITY,113,359,33,120,133.9,-20.9
MN,241340,ESSENTIA HEALTH NORTHERN PINES MEDICAL CENTER,114,303,35,120,133.9,-19.9
MN,241311,RIDGEVIEW SIBLEY MEDICAL CENTER,114,230,35,120,133.9,-19.9
MN,240022,SANFORD WORTHINGTON MEDICAL CENTER,114,372,35,120,133.9,-19.9
MN,241361,MAYO CLINIC HEALTH SYSTEM NEW PRAGUE,116,372,38,120,133.9,-17.9
MN,241342,ORTONVILLE AREA HEALTH SERVICES,116,224,38,120,133.9,-17.9
MN,241303,SANFORD TRACY MEDICAL CENTER,116,256,38,120,133.9,-17.9
MN,241325,CHIPPEWA COUNTY HOSPITAL,117,344,41,120,133.9,-16.9
MN,241337,NORTH VALLEY HEALTH CENTER,117,261,41,120,133.9,-16.9
MN,241371,SANFORD LUVERNE MEDICAL CENTER,117,344,41,120,133.9,-16.9
MN,241350,ESSENTIA HEALTH MOOSE LAKE,118,307,44,120,133.9,-15.9
MN,241319,MURRAY COUNTY MEMORIAL HOSPITAL,118,247,44,120,133.9,-15.9
MN,241344,LIFECARE MEDICAL CENTER,119,346,46,120,133.9,-14.9
MN,240069,OWATONNA HOSPITAL,119,371,46,120,133.9,-14.9
MN,240075,ESSENTIA HEALTH ST JOSEPH'S MEDICAL CENTER,120,336,48,120,133.9,-13.9
MN,241301,LAKEWOOD HEALTH CENTER,121,243,49,120,133.9,-12.9
MN,241359,AVERA MARSHALL REGIONAL MEDICAL CTR,122,357,50,120,133.9,-11.9
MN,241315,SANFORD JACKSON MEDICAL CENTER,122,221,50,120,133.9,-11.9
MN,241366,MEEKER MEMORIAL HOSPITAL,123,345,52,120,133.9,-10.9
MN,241349,CENTRACARE - PAYNESVILLE HOSPITAL,124,368,53,120,133.9,-9.9
MN,241321,ESSENTIA HEALTH HOLY TRINITY HOSPITAL,124,174,53,120,133.9,-9.9
MN,241316,BIGFORK VALLEY HOSPITAL,125,111,55,120,133.9,-8.9
MN,241351,CENTRACARE - REDWOOD,126,353,56,120,133.9,-7.9
MN,241329,LAKEWOOD HEALTH SYSTEM,127,416,57,120,133.9,-6.9
MN,240043,MAYO CLINIC HEALTH SYSTEM - ALBERT LEA AND AUSTIN,127,369,57,120,133.9,-6.9
MN,241364,COMMUNITY MEMORIAL HOSPITAL,128,351,59,120,133.9,-5.9
MN,241323,MADELIA HEALTH,129,267,60,120,133.9,-4.9
MN,241317,NORTH SHORE HEALTH,129,288,60,120,133.9,-4.9
MN,240006,OLMSTED MEDICAL CENTER,129,12996,60,120,133.9,-4.9
MN,241334,RIVER'S EDGE HOSPITAL & CLINIC,129,420,60,120,133.9,-4.9
MN,241369,UNITED HOSPITAL DISTRICT,129,681,60,120,133.9,-4.9
MN,241362,CENTRACARE HEALTH - MONTICELLO,130,344,65,120,133.9,-3.9
MN,241314,JOHNSON MEMORIAL HOSPITAL,130,146,65,120,133.9,-3.9
MN,241306,OLIVIA HOSPITAL & CLINIC,130,289,65,120,133.9,-3.9
MN,241322,RAINY LAKE MEDICAL CENTER,130,336,65,120,133.9,-3.9
MN,241326,CENTRACARE HEALTH SYSTEM - LONG PRAIRIE,131,353,69,120,133.9,-2.9
MN,241373,PERHAM HEALTH,131,352,69,120,133.9,-2.9
MN,241341,APPLETON AREA HEALTH,132,865,71,120,133.9,-1.9
MN,240101,ESSENTIA HEALTH ST MARYS - DETROIT LAKES,132,328,71,120,133.9,-1.9
MN,241374,PIPESTONE COUNTY  MEDICAL CENTER,132,2337,71,120,133.9,-1.9
MN,241308,LAKE VIEW MEMORIAL HOSPITAL,133,252,74,120,133.9,-0.9
MN,240030,ALOMERE HEALTH,134,642,75,120,133.9,0.1
MN,241354,ASTERA HEALTH,134,755,75,120,133.9,0.1
MN,241379,PRAIRIE RIDGE HOSPITAL AND HEALTH SERVICES,134,204,75,120,133.9,0.1
MN,240071,ALLINA HEALTH FARIBAULT MEDICAL CENTER,136,370,78,120,133.9,2.1
MN,240076,BUFFALO HOSPITAL,136,371,78,120,133.9,2.1
MN,240056,RIDGEVIEW MEDICAL CENTER,136,371,78,120,133.9,2.1
MN,240084,ESSENTIA HEALTH VIRGINIA,137,328,81,120,133.9,3.1
MN,240141,FAIRVIEW NORTHLAND REGIONAL HOSPITAL,137,383,81,120,133.9,3.1
MN,240088,CENTRACARE- RICE MEMORIAL HOSPITAL,138,360,83,120,133.9,4.1
MN,241367,WELIA HEALTH,138,413,83,120,133.9,4.1
MN,241370,ST GABRIELS HOSPITAL,139,357,85,120,133.9,5.1
MN,240187,HUTCHINSON HEALTH,140,354,86,120,133.9,6.1
MN,241376,GLACIAL RIDGE HOSPITAL,142,343,87,120,133.9,8.1
MN,241328,SANFORD BAGLEY MEDICAL CENTER,142,34,87,120,133.9,8.1
MN,240020,CAMBRIDGE MEDICAL CENTER,144,376,89,120,133.9,10.1
MN,240014,NORTHFIELD HOSPITAL,144,462,89,120,133.9,10.1
MN,241330,CENTRACARE HEALTH SYSTEM - MELROSE HOSPITAL,145,361,91,120,133.9,11.1
MN,240052,LAKE REGION HEALTHCARE CORPORATION,147,534,92,120,133.9,13.1
MN,240044,WINONA HEALTH SERVICES,149,328,93,120,133.9,15.1
MN,240104,ST FRANCIS REGIONAL MEDICAL CENTER,152,375,94,120,133.9,18.1
MN,241380,ST JOSEPHS AREA  HEALTH SERVICES,153,353,95,120,133.9,19.1
MN,240064,GRAND ITASCA CLINIC AND HOSPITAL,154,363,96,120,133.9,20.1
MN,240066,LAKEVIEW MEMORIAL HOSPITAL,158,366,97,120,133.9,24.1
MN,240018,MAYO CLINIC HEALTH SYSTEM IN RED WING,160,370,98,120,133.9,26.1
MN,241355,GLENCOE REGIONAL HEALTH,164,349,99,120,133.9,30.1
MN,240213,M HEALTH FAIRVIEW WOODWINDS HOSPITAL,170,381,100,120,133.9,36.1
MN,240115,MERCY HOSPITAL,170,379,100,120,133.9,36.1
MN,240080,M HEALTH FAIRVIEW UNIVERSITY OF MN MEDICAL CENTER,171,357,102,120,133.9,37.1
MN,240040,RANGE REGIONAL HEALTH SERVICES,171,345,102,120,133.9,37.1
MN,240038,ALLINA UNITED HOSPITAL,176,379,104,120,133.9,42.1
MN,240100,SANFORD BEMIDJI MEDICAL CENTER,178,362,105,120,133.9,44.1
MN,240050,FAIRVIEW LAKES HEALTH SERVICES,182,374,106,120,133.9,48.1
MN,240214,MAPLE GROVE HOSPITAL,184,386,107,120,133.9,50.1
MN,240057,ABBOTT NORTHWESTERN HOSPITAL,187,380,108,120,133.9,53.1
MN,240210,M HEALTH FAIRVIEW ST JOHN'S HOSPITAL,188,384,109,120,133.9,54.1
MN,240093,MAYO CLINIC HEALTH SYSTEM - MANKATO,192,368,110,120,133.9,58.1
MN,240207,M HEALTH FAIRVIEW RIDGES HOSPITAL,193,388,111,120,133.9,59.1
MN,240002,ESSENTIA HEALTH ST MARY'S MEDICAL CENTER,196,316,112,120,133.9,62.1
MN,240078,M HEALTH FAIRVIEW SOUTHDALE HOSPITAL,197,355,113,120,133.9,63.1
MN,240001,NORTH MEMORIAL HEALTH HOSPITAL,199,399,114,120,133.9,65.1
MN,240036,ST CLOUD HOSPITAL,211,364,115,120,133.9,77.1
MN,240047,ST LUKES HOSPITAL,218,408,116,120,133.9,84.1
MN,240106,REGIONS HOSPITAL,226,354,117,120,133.9,92.1
MN,240010,MAYO CLINIC HOSPITAL ROCHESTER,245,609,118,120,133.9,111.1
MN,240053,PARK NICOLLET METHODIST HOSPITAL,252,398,119,120,133.9,118.1
MN,240004,HENNEPIN COUNTY MEDICAL CENTER,254,356,120,120,133.9,120.1
MO,261328,MOSAIC MEDICAL CENTER ALBANY,73,245,1,98,159.6,-86.6
MO,260142,FITZGIBBON HOSPITAL,84,386,2,98,159.6,-75.6
MO,261302,MADISON MEDICAL CENTER,84,501,2,98,159.6,-75.6
MO,261307,PERSHING MEMORIAL HOSPITAL,84,368,2,98,159.6,-75.6
MO,261338,MERCY HOSPITAL CARTHAGE,85,389,5,98,159.6,-74.6
MO,261325,COX BARTON COUNTY HOSPITAL,86,372,6,98,159.6,-73.6
MO,261314,HERMANN AREA DISTRICT HOSPITAL,86,261,6,98,159.6,-73.6
MO,260027,RESEARCH MEDICAL CENTER,89,385,8,98,159.6,-70.6
MO,260034,BATES COUNTY MEMORIAL HOSPITAL,93,399,9,98,159.6,-66.6
MO,261317,MERCY HOSPITAL - CASSVILLE,93,369,9,98,159.6,-66.6
MO,261303,COMMUNITY HOSPITAL ASSOCIATION,94,226,11,98,159.6,-65.6
MO,261322,EXCELSIOR SPRINGS HOSPITAL,94,400,11,98,159.6,-65.6
MO,260214,BELTON REGIONAL MEDICAL CENTER,98,394,13,98,159.6,-61.6
MO,261332,CARROLL COUNTY MEMORIAL HOSPITAL,104,481,14,98,159.6,-55.6
MO,260061,NEVADA REGIONAL MEDICAL CENTER,104,385,14,98,159.6,-55.6
MO,260057,CAMERON REGIONAL MEDICAL CENTER,106,513,16,98,159.6,-53.6
MO,261320,LAFAYETTE REGIONAL HEALTH CENTER,107,347,17,98,159.6,-52.6
MO,261323,CEDAR COUNTY MEMORIAL HOSPITAL,108,261,18,98,159.6,-51.6
MO,261301,ELLETT MEMORIAL HOSPITAL,108,208,18,98,159.6,-51.6
MO,261312,HARRISON COUNTY COMMUNITY HOSPITAL,109,293,20,98,159.6,-50.6
MO,261335,MERCY ST FRANCIS HOSPITAL,109,370,20,98,159.6,-50.6
MO,261310,SCOTLAND COUNTY  HOSPITAL,109,127,20,98,159.6,-50.6
MO,261330,STE GENEVIEVE COUNTY MEMORIAL HOSPITAL,111,410,23,98,159.6,-48.6
MO,261340,MOSAIC MEDICAL CENTER - MARYVILLE,112,324,24,98,159.6,-47.6
MO,261327,RAY COUNTY MEMORIAL HOSPITAL,112,48,24,98,159.6,-47.6
MO,261305,PUTNAM COUNTY MEMORIAL HOSPITAL,118,286,26,98,159.6,-41.6
MO,261306,SULLIVAN COUNTY MEMORIAL HOSPITAL,120,284,27,98,159.6,-39.6
MO,261324,CASS REGIONAL MEDICAL CENTER,123,338,28,98,159.6,-36.6
MO,260074,MOBERLY REGIONAL MEDICAL CENTER,126,396,29,98,159.6,-33.6
MO,260085,ST JOSEPH MEDICAL CENTER,126,409,29,98,159.6,-33.6
MO,260024,TEXAS COUNTY MEMORIAL HOSPITAL,126,424,29,98,159.6,-33.6
MO,261321,HEDRICK MEDICAL CENTER,127,383,32,98,159.6,-32.6
MO,261316,MERCY HOSPITAL AURORA,129,361,33,98,159.6,-30.6
MO,261333,PIKE COUNTY MEMORIAL HOSPITAL,129,365,33,98,159.6,-30.6
MO,260176,ST LUKES DES PERES HOSPITAL,133,393,35,98,159.6,-26.6
MO,26002F,General Leonard Wood ACH (FT Leonard Wood),134,400,36,98,159.6,-25.6
MO,261318,SALEM MEMORIAL DISTRICT HOSPITAL,135,330,37,98,159.6,-24.6
MO,261309,WRIGHT MEMORIAL HOSPITAL,136,371,38,98,159.6,-23.6
MO,261311,MERCY HOSPITAL PERRY,140,356,39,98,159.6,-19.6
MO,260025,HANNIBAL REGIONAL HOSPITAL,141,340,40,98,159.6,-18.6
MO,261308,WASHINGTON COUNTY MEMORIAL HOSPITAL,142,413,41,98,159.6,-17.6
MO,260102,UNIVERSITY HEALTH LAKEWOOD MEDICAL CENTER,145,292,42,98,159.6,-14.6
MO,261319,MERCY HOSPITAL LINCOLN,146,359,43,98,159.6,-13.6
MO,260022,NORTHEAST REGIONAL MEDICAL CENTER,147,381,44,98,159.6,-12.6
MO,260097,WESTERN MISSOURI MEDICAL CENTER,147,397,44,98,159.6,-12.6
MO,260059,MERCY HOSPITAL LEBANON,148,378,46,98,159.6,-11.6
MO,260070,PEMISCOT COUNTY MEMORIAL HOSPITAL,148,842,46,98,159.6,-11.6
MO,261331,FREEMAN NEOSHO HOSPITAL,150,328,48,98,159.6,-9.6
MO,261329,COX MONETT HOSPITAL,152,366,49,98,159.6,-7.6
MO,261336,IRON COUNTY MEDICAL CENTER,152,333,49,98,159.6,-7.6
MO,260175,GOLDEN VALLEY MEMORIAL HOSPITAL,156,316,51,98,159.6,-3.6
MO,260052,MERCY HOSPITAL WASHINGTON,159,425,52,98,159.6,-0.6
MO,260095,CENTERPOINT MEDICAL CENTER,160,377,53,98,159.6,0.4
MO,260190,LEE'S SUMMIT MEDICAL CENTER,160,407,53,98,159.6,0.4
MO,260110,MERCY HOSPITAL SOUTHEAST,160,400,53,98,159.6,0.4
MO,260005,SSM ST JOSEPH HEALTH CENTER,160,359,53,98,159.6,0.4
MO,260193,ST MARY'S MEDICAL CENTER,162,418,57,98,159.6,2.4
MO,260186,LAKE REGIONAL HEALTH SYSTEM,164,353,58,98,159.6,4.4
MO,260006,MOSAIC LIFE CARE AT ST JOSEPH,164,358,58,98,159.6,4.4
MO,260011,SSM HEALTH ST. MARY'S HOSPITAL - JEFFERSON CITY,170,374,60,98,159.6,10.4
MO,261337,MISSOURI BAPTIST SULLIVAN HOSPITAL,171,365,61,98,159.6,11.4
MO,260062,SAINT LUKES NORTH HOSPITAL,171,394,61,98,159.6,11.4
MO,260091,SSM HEALTH ST MARY'S HOSPITAL - ST LOUIS,174,373,63,98,159.6,14.4
MO,260068,BOONE HOSPITAL CENTER,176,444,64,98,159.6,16.4
MO,260160,MERCY HOSPITAL STODDARD,176,310,64,98,159.6,16.4
MO,260096,NKC HEALTH,179,489,66,98,159.6,19.4
MO,260119,POPLAR BLUFF REGIONAL MEDICAL CENTER,181,384,67,98,159.6,21.4
MO,260078,OZARKS HEALTHCARE,182,366,68,98,159.6,22.4
MO,260195,CITIZENS MEMORIAL HOSPITAL,185,749,69,98,159.6,25.4
MO,260048,TRUMAN MEDICAL CENTER HOSPITAL HILL,191,318,70,98,159.6,31.4
MO,260177,LIBERTY HOSPITAL,192,358,71,98,159.6,32.4
MO,260009,BOTHWELL REGIONAL HEALTH CENTER,195,394,72,98,159.6,35.4
MO,260113,MISSOURI DELTA MEDICAL CENTER,197,385,73,98,159.6,37.4
MO,260219,PROGRESS WEST HOSPITAL,198,392,74,98,159.6,38.4
MO,260081,SSM ST CLARE HEALTH CENTER,198,379,74,98,159.6,38.4
MO,260023,MERCY HOSPITAL JEFFERSON,199,415,76,98,159.6,39.4
MO,260163,PARKLAND HEALTH CENTER,201,366,77,98,159.6,41.4
MO,260104,SSM HEALTH DEPAUL HOSPITAL ST LOUIS,204,323,78,98,159.6,44.4
MO,260094,COX MEDICAL CENTER BRANSON,209,366,79,98,159.6,49.4
MO,260162,BARNES-JEWISH WEST COUNTY HOSPITAL,212,377,80,98,159.6,52.4
MO,260017,PHELPS COUNTY REGIONAL MEDICAL CENTER,212,344,80,98,159.6,52.4
MO,260179,ST LUKES HOSPITAL,212,504,80,98,159.6,52.4
MO,260020,MERCY HOSPITAL ST LOUIS,217,413,83,98,159.6,57.4
MO,260141,UNIVERSITY OF MISSOURI HEALTH CARE,220,413,84,98,159.6,60.4
MO,260200,SSM ST JOSEPH HOSPITAL WEST,221,360,85,98,159.6,61.4
MO,260138,ST LUKES HOSPITAL OF KANSAS CITY,222,388,86,98,159.6,62.4
MO,260180,CHRISTIAN HOSPITAL NORTHEAST,223,385,87,98,159.6,63.4
MO,260040,COX MEDICAL CENTERS,223,363,87,98,159.6,63.4
MO,260001,MERCY HOSPITAL JOPLIN,228,422,89,98,159.6,68.4
MO,260137,FREEMAN HEALTH SYSTEM - FREEMAN WEST,242,326,90,98,159.6,82.4
MO,260191,BARNES-JEWISH ST PETERS HOSPITAL,245,377,91,98,159.6,85.4
MO,260077,MERCY HOSPITAL SOUTH,246,409,92,98,159.6,86.4
MO,260183,SAINT FRANCIS MEDICAL CENTER,246,391,92,98,159.6,86.4
MO,260216,SAINT LUKE'S EAST  HOSPITAL,246,407,92,98,159.6,86.4
MO,260108,MISSOURI BAPTIST MEDICAL CENTER,252,393,95,98,159.6,92.4
MO,260032,BARNES JEWISH HOSPITAL,284,374,96,98,159.6,124.4
MO,260065,MERCY HOSPITAL SPRINGFIELD,293,414,97,98,159.6,133.4
MO,260105,SSM HEALTH SAINT LOUIS UNIVERSITY HOSPITAL,336,264,98,98,159.6,176.4
MS,251325,COVINGTON COUNTY HOSPITAL CAH,72,176,1,69,133.5,-61.5
MS,251336,BAPTIST MEDICAL CENTER ATTALA,73,367,2,69,133.5,-60.5
MS,251337,TIPPAH COUNTY HOSPITAL,78,452,3,69,133.5,-55.5
MS,251323,OCHSNER SCOTT REGIONAL,79,368,4,69,133.5,-54.5
MS,250124,MAGEE GENERAL HOSPITAL,80,430,5,69,133.5,-53.5
MS,251331,BMH-CALHOUN,85,331,6,69,133.5,-48.5
MS,251316,OCHSNER WATKINS HOSPITAL,85,365,6,69,133.5,-48.5
MS,251313,BAPTIST MEDICAL CENTER-YAZOO,86,401,8,69,133.5,-47.5
MS,251308,PONTOTOC HEALTH SERVICE INC CAH,88,394,9,69,133.5,-45.5
MS,250020,WEBSTER GENERAL HOSPITAL/ SWING BED,88,412,9,69,133.5,-45.5
MS,251335,OCHSNER STENNIS MEMORIAL HOSPITAL,91,354,11,69,133.5,-42.5
MS,251330,FRANKLIN COUNTY MEMORIAL HOSPITAL,93,155,12,69,133.5,-40.5
MS,251315,BAPTIST MEDICAL CENTER-LEAKE,94,353,13,69,133.5,-39.5
MS,250043,NESHOBA COUNTY GENERAL HOSPITAL,95,417,14,69,133.5,-38.5
MS,250127,CHOCTAW HEALTH CENTER,96,419,15,69,133.5,-37.5
MS,250096,CROSSGATES RIVER OAKS HOSPITAL,96,410,15,69,133.5,-37.5
MS,251317,SIMPSON GENERAL HOSPITAL CAH,96,239,15,69,133.5,-37.5
MS,250072,MERIT HEALTH CENTRAL,98,398,18,69,133.5,-35.5
MS,251304,TALLAHATCHIE GENERAL HOSPITAL-CAH,99,2201,19,69,133.5,-34.5
MS,251322,OCHSNER LAIRD HOSPITAL,101,365,20,69,133.5,-32.5
MS,251319,HOLMES COUNTY HOSPITAL AND CLINICS,102,346,21,69,133.5,-31.5
MS,250002,TISHOMINGO HEALTH SERVICES INC,102,410,21,69,133.5,-31.5
MS,251312,TYLER HOLMES MEMORIAL HOSPITAL CAH,102,402,21,69,133.5,-31.5
MS,250044,BAPTIST MEMORIAL HOSPITAL BOONEVILLE,106,404,24,69,133.5,-27.5
MS,250067,CLAY COUNTY MEDICAL CORPORATION,108,411,25,69,133.5,-25.5
MS,251300,S E LACKEY MEMORIAL HOSPITAL,108,351,25,69,133.5,-25.5
MS,250027,WINSTON MEDICAL CENTER,109,622,27,69,133.5,-24.5
MS,251334,CHOCTAW REGIONAL MEDICAL CENTER,110,241,28,69,133.5,-23.5
MS,250168,UNIVERSITY OF MISSISSIPPI MEDICAL CENTER- GRENADA,112,370,29,69,133.5,-21.5
MS,25039F,81st Medical Group (Keesler AFB),114,390,30,69,133.5,-19.5
MS,250031,MERIT HEALTH RIVER REGION,122,401,31,69,133.5,-11.5
MS,251309,FIELD HEALTH SYSTEM,124,352,32,69,133.5,-9.5
MS,250097,SOUTHWEST MS REGIONAL MEDICAL CENTER,124,552,32,69,133.5,-9.5
MS,250117,HIGHLAND COMMUNITY  HOSPITAL,125,370,34,69,133.5,-8.5
MS,250172,HIGHLAND HILLS MEDICAL CENTER,126,344,35,69,133.5,-7.5
MS,250038,MERIT HEALTH MADISON,127,391,36,69,133.5,-6.5
MS,250093,BOLIVAR MEDICAL CENTER,128,401,37,69,133.5,-5.5
MS,250036,GEORGE REGIONAL HEALTH SYSTEM,128,391,37,69,133.5,-5.5
MS,250058,SOUTH CENTRAL REG MED CTR,129,425,39,69,133.5,-4.5
MS,250085,MARION GENERAL HOSPITAL,130,362,40,69,133.5,-3.5
MS,250077,WAYNE GENERAL HOSPITAL,133,387,41,69,133.5,-0.5
MS,250138,MERIT HEALTH RIVER OAKS,134,411,42,69,133.5,0.5
MS,250057,KING'S DAUGHTERS MEDICAL CENTER-BROOKHAVEN,136,385,43,69,133.5,2.5
MS,250050,BAPTIST MEMORIAL HOSPITAL-OKTIBBEHA COUNTY,137,397,44,69,133.5,3.5
MS,250100,BMH-GOLDEN TRIANGLE,141,533,45,69,133.5,7.5
MS,250009,MAGNOLIA REGIONAL HEALTH CENTER,143,391,46,69,133.5,9.5
MS,250006,BAPTIST MEMORIAL HOSPITAL UNION COUNTY,144,526,47,69,133.5,10.5
MS,250162,OCHSNER MEDICAL CENTER-HANCOCK,149,372,48,69,133.5,15.5
MS,250094,MERIT HEALTH WESLEY,151,420,49,69,133.5,17.5
MS,250034,BAPTIST MEMORIAL HOSPITAL NORTH MS,153,529,50,69,133.5,19.5
MS,250007,Memorial Hospital Biloxi,154,462,51,69,133.5,20.5
MS,250025,NORTH MISSISSIPPI MEDICAL CENTER-GILMORE AMORY,155,375,52,69,133.5,21.5
MS,250019,MEMORIAL HOSPITAL AT GULFPORT,157,476,53,69,133.5,23.5
MS,250123,SINGING RIVER GULFPORT,163,502,54,69,133.5,29.5
MS,250040,SINGING RIVER HEALTH SYSTEM,166,398,55,69,133.5,32.5
MS,250042,NORTHWEST MISSISSISSIPPI REGIONAL MEDICAL CENTER,170,343,56,69,133.5,36.5
MS,250069,OCHSNER RUSH HOSPITAL,171,420,57,69,133.5,37.5
MS,250095,SOUTH SUNFLOWER COUNTY HOSPITAL,171,259,57,69,133.5,37.5
MS,250099,GREENWOOD LEFLORE HOSPITAL,177,423,59,69,133.5,43.5
MS,250001,UNIVERSITY OF MISSISSIPPI MED CENTER,180,348,60,69,133.5,46.5
MS,250084,MERIT HEALTH NATCHEZ,182,393,61,69,133.5,48.5
MS,250104,ANDERSON REGIONAL MEDICAL CENTER,186,395,62,69,133.5,52.5
MS,250004,NORTH MISSISSIPPI MEDICAL CENTER,205,400,63,69,133.5,71.5
MS,250102,MISSISSIPPI BAPTIST MEDICAL CENTER,213,487,64,69,133.5,79.5
MS,250167,METHODIST HEALTHCARE - OLIVE BRANCH HOSPITAL,219,421,65,69,133.5,85.5
MS,250078,FORREST GENERAL HOSPITAL,222,514,66,69,133.5,88.5
MS,250048,ST DOMINIC-JACKSON MEMORIAL HOSPITAL,254,1804,67,69,133.5,120.5
MS,250141,BAPTIST MEMORIAL HOSPITAL DESOTO,255,402,68,69,133.5,121.5
MS,250082,DELTA HEALTH SYSTEM - THE MEDICAL CENTER,283,167,69,69,133.5,149.5
MT,271305,MCCONE COUNTY HEALTH CENTER,65,291,1,56,120.4,-55.4
MT,271311,BIG SANDY MEDICAL CENTER,72,250,2,56,120.4,-48.4
MT,271337,NORTHERN ROCKIES MEDICAL CENTER,76,262,3,56,120.4,-44.4
MT,271312,PHILLIPS COUNTY HOSPITAL - CAH,77,1112,4,56,120.4,-43.4
MT,271333,BILLINGS CLINIC BROADWATER,81,214,5,56,120.4,-39.4
MT,271331,MINERAL COMMUNITY HOSPITAL,84,273,6,56,120.4,-36.4
MT,271309,PRAIRIE COMMUNITY CAH,86,254,7,56,120.4,-34.4
MT,271307,BENEFIS TETON MEDICAL CENTER,92,213,8,56,120.4,-28.4
MT,271301,FALLON MEDICAL COMPLEX HOSPITAL,92,126,8,56,120.4,-28.4
MT,271308,ROOSEVELT MEDICAL CENTER,94,224,10,56,120.4,-26.4
MT,271313,PIONEER MEDICAL CENTER,95,139,11,56,120.4,-25.4
MT,271324,PONDERA MEDICAL CENTER,95,701,11,56,120.4,-25.4
MT,271346,ROUNDUP MEMORIAL HEALTHCARE,97,238,13,56,120.4,-23.4
MT,271335,COMMUNITY HOSPITAL OF ANACONDA,98,261,14,56,120.4,-22.4
MT,271326,BEARTOOTH BILLINGS CLINIC,101,266,15,56,120.4,-19.4
MT,271306,MOUNTAINVIEW MEDICAL CENTER,102,534,16,56,120.4,-18.4
MT,271321,WHEATLAND MEMORIAL HOSPITAL,102,49,16,56,120.4,-18.4
MT,271327,ROSEBUD HEALTH CARE CENTER,105,265,18,56,120.4,-15.4
MT,271389,BOZEMAN HEALTH BIG SKY MEDICAL CENTER,106,346,19,56,120.4,-14.4
MT,271342,DANIELS MEMORIAL HOSPITAL,106,384,19,56,120.4,-14.4
MT,271328,LOGAN HEALTH - SHELBY,106,747,19,56,120.4,-14.4
MT,271330,STILLWATER BILLINGS CLINIC,106,224,19,56,120.4,-14.4
MT,271345,CENTRAL MONTANA MEDICAL CENTER,107,431,23,56,120.4,-13.4
MT,271304,MISSOURI RIVER MEDICAL CENTER,107,224,23,56,120.4,-13.4
MT,271343,PROVIDENCE ST JOSEPH MEDICAL CENTER,110,318,25,56,120.4,-10.4
MT,271325,ST LUKE COMMUNITY HOSPITAL,110,4664,25,56,120.4,-10.4
MT,271300,POPLAR COMMUNITY HOSPITAL,112,92,27,56,120.4,-8.4
MT,271317,LIVINGSTON HEALTHCARE,113,424,28,56,120.4,-7.4
MT,271310,GARFIELD COUNTY HEALTH CENTER,115,167,29,56,120.4,-5.4
MT,271341,TRINITY HOSPITAL,116,101,30,56,120.4,-4.4
MT,271314,DEER LODGE MEDICAL CENTER,118,232,31,56,120.4,-2.4
MT,271302,DAHL MEMORIAL HEALTHCARE ASSOCIATION INC,121,88,32,56,120.4,0.6
MT,271316,FRANCES MAHON DEACONESS HOSPITAL,122,174,33,56,120.4,1.6
MT,271332,GLENDIVE MEDICAL CENTER,124,400,34,56,120.4,3.6
MT,271320,CABINET PEAKS MEDICAL CENTER,126,380,35,56,120.4,5.6
MT,270023,COMMUNITY MEDICAL CENTER,128,370,36,56,120.4,7.6
MT,271348,NORTHERN MONTANA HOSPITAL,128,365,36,56,120.4,7.6
MT,271329,MADISON VALLEY MEDICAL CENTER,131,271,38,56,120.4,10.6
MT,271336,LOGAN HEALTH - WHITEFISH,132,9089,39,56,120.4,11.6
MT,271334,LOGAN HEALTH - CHESTER,134,234,40,56,120.4,13.6
MT,271347,HOLY ROSARY HOSPITAL,135,365,41,56,120.4,14.6
MT,270086,GREAT FALLS CLINIC HOSPITAL,136,352,42,56,120.4,15.6
MT,271338,BIG HORN HOSPITAL,140,271,43,56,120.4,19.6
MT,271318,BARRETT HOSPITAL & HEALTHCARE,142,2290,44,56,120.4,21.6
MT,270057,BOZEMAN HEALTH DEACONESS HOSPITAL,142,385,44,56,120.4,21.6
MT,270049,INTERMOUNTAIN HEALTH ST VINCENT REGIONAL HOSPITAL,148,379,46,56,120.4,27.6
MT,271344,SIDNEY HEALTH CENTER,152,370,47,56,120.4,31.6
MT,271323,CLARK FORK VALLEY HOSPITAL,153,307,48,56,120.4,32.6
MT,270017,ST JAMES HOSPITAL,154,360,49,56,120.4,33.6
MT,270014,ST. PATRICK HOSPITAL,156,343,50,56,120.4,35.6
MT,271322,SHERIDAN MEMORIAL HOSPTIAL,159,665,51,56,120.4,38.6
MT,270004,BILLINGS CLINIC,172,395,52,56,120.4,51.6
MT,270003,ST PETERS HEALTH,178,382,53,56,120.4,57.6
MT,271340,BITTERROOT HEALTH - DALY HOSPITAL,189,59,54,56,120.4,68.6
MT,270012,BENEFIS HOSPITALS INC,190,368,55,56,120.4,69.6
MT,270051,LOGAN HEALTH MEDICAL CENTER,206,379,56,56,120.4,85.6
NC,341305,DLP SWAIN COUNTY HOSPITAL LLC,82,363,1,94,183.2,-101.2
NC,341303,FIRSTHEALTH MONTGOMERY MEMORIAL HOSP,97,10961,2,94,183.2,-86.2
NC,341316,HIGHLANDS CASHIERS HOSPITAL,104,366,3,94,183.2,-79.2
NC,341323,CHARLES A CANNON JR MEMORIAL HOSPITAL,112,347,4,94,183.2,-71.2
NC,341319,"TRANSYLVANIA REGIONAL HOSPITAL, INC",114,358,5,94,183.2,-69.2
NC,340084,ATRIUM HEALTH ANSON,116,363,6,94,183.2,-67.2
NC,341329,BLUE RIDGE REGIONAL HOSPITAL,121,367,7,94,183.2,-62.2
NC,340130,ATRIUM HEALTH UNION,122,378,8,94,183.2,-61.2
NC,341327,J ARTHUR DOSHER MEMORIAL HOSPITAL,122,382,8,94,183.2,-61.2
NC,341326,ANGEL MEDICAL CENTER,124,368,10,94,183.2,-59.2
NC,340024,SAMPSON REGIONAL MEDICAL CENTER,132,368,11,94,183.2,-51.2
NC,341322,ADVENT HEALTH POLK,136,362,12,94,183.2,-47.2
NC,340119,STANLY REGIONAL MEDICAL CENTER,139,369,13,94,183.2,-44.2
NC,340099,VIDANT ROANOKE CHOWAN HOSPITAL,139,371,13,94,183.2,-44.2
NC,340013,RUTHERFORD REGIONAL MEDICAL CENTER,141,377,15,94,183.2,-42.2
NC,340109,SENTARA ALBEMARLE MEDICAL CENTER,141,1934,15,94,183.2,-42.2
NC,340166,ATRIUM HEALTH UNIVERSITY CITY,144,374,17,94,183.2,-39.2
NC,340087,THE MCDOWELL HOSPITAL,148,378,18,94,183.2,-35.2
NC,340021,ATRIUM HEALTH CLEVELAND,151,375,19,94,183.2,-32.2
NC,341328,ERLANGER MURPHY MEDICAL CENTER,157,339,20,94,183.2,-26.2
NC,340053,NOVANT HEALTH PRESBYTERIAN MEDICAL CENTER,157,371,20,94,183.2,-26.2
NC,341318,VIDANT CHOWAN HOSPITAL,159,381,22,94,183.2,-24.2
NC,341304,ECU HEALTH BERTIE HOSPITAL,162,366,23,94,183.2,-21.2
NC,340023,ADVENTHEALTH HENDERSONVILLE,165,411,24,94,183.2,-18.2
NC,340075,"BLUE RIDGE HEALTHCARE HOSPITALS, INC",166,378,25,94,183.2,-17.2
NC,340132,MARIA PARHAM MEDICAL CENTER,167,373,26,94,183.2,-16.2
NC,340096,LEXINGTON MEMORIAL HOSPITAL INC,168,423,27,94,183.2,-15.2
NC,340064,WILKES REGIONAL MEDICAL CENTER,168,430,27,94,183.2,-15.2
NC,340098,ATRIUM HEALTH PINEVILLE,170,377,29,94,183.2,-13.2
NC,34014F,Womack AMC (FT Bragg),170,416,29,94,183.2,-13.2
NC,340097,HUGH CHATHAM MEMORIAL HOSPITAL,171,1354,31,94,183.2,-12.2
NC,340017,PARDEE HOSPITAL HENDERSON COUNTY,171,379,31,94,183.2,-12.2
NC,340002,MEMORIAL MISSION HOSPITAL AND ASHEVILLE SURGERY CE,173,427,33,94,183.2,-10.2
NC,340116,FRYE REGIONAL MEDICAL CENTER,174,394,34,94,183.2,-9.2
NC,340016,HARRIS REGIONAL HOSPITAL,174,367,34,94,183.2,-9.2
NC,340120,VIDANT DUPLIN HOSPITAL,174,378,34,94,183.2,-9.2
NC,340159,PERSON MEMORIAL HOSPITAL,176,357,37,94,183.2,-7.2
NC,340158,NOVANT HEALTH BRUNSWICK MEDICAL CENTER,177,382,38,94,183.2,-6.2
NC,340190,NOVANT HEALTH MINT HILL MEDICAL CENTER,178,371,39,94,183.2,-5.2
NC,340085,NOVANT HEALTH THOMASVILLE MEDICAL CENTER,178,378,39,94,183.2,-5.2
NC,340060,UNC ROCKINGHAM,178,365,39,94,183.2,-5.2
NC,340145,ATRIUM HEALTH LINCOLN,179,383,42,94,183.2,-4.2
NC,340020,CENTRAL CAROLINA HOSPITAL,180,402,43,94,183.2,-3.2
NC,340129,DUKE HEALTH LAKE NORMAN HOSPITAL,180,399,43,94,183.2,-3.2
NC,341325,ASHE MEMORIAL HOSPITAL,181,349,45,94,183.2,-2.2
NC,340068,COLUMBUS REGIONAL HEALTHCARE SYSTEM,184,382,46,94,183.2,0.8
NC,340039,IREDELL MEMORIAL HOSPITAL INC,186,372,47,94,183.2,2.8
NC,340090,JOHNSTON HEALTH,186,380,47,94,183.2,2.8
NC,340001,CAROLINAS MEDICAL CENTER-NORTHEAST,187,385,49,94,183.2,3.8
NC,340047,NORTH CAROLINA BAPTIST HOSPITAL,187,641,49,94,183.2,3.8
NC,340041,CALDWELL MEMORIAL HOSPITAL,189,363,51,94,183.2,5.8
NC,341315,CAPE FEAR VALLEY-BLADEN COUNTY HOSPITAL,191,344,52,94,183.2,7.8
NC,340003,NORTHERN REGIONAL HOSPITAL,191,345,52,94,183.2,7.8
NC,340184,HAYWOOD REGIONAL MEDICAL CENTER,192,370,54,94,183.2,8.8
NC,340010,UNC HEALTH CARE WAYNE,192,369,54,94,183.2,8.8
NC,340195,NOVANT HEALTH BALLANTYNE MEDICAL CENTER,193,363,56,94,183.2,9.8
NC,340127,GRANVILLE HEALTH SYSTEMS,194,359,57,94,183.2,10.8
NC,340032,CAROMONT REGIONAL MEDICAL CENTER,195,373,58,94,183.2,11.8
NC,340147,UNC HEALTH NASH,195,375,58,94,183.2,11.8
NC,340173,"WAKEMED, CARY HOSPITAL",195,414,58,94,183.2,11.8
NC,340126,WILSON MEDICAL CENTER,196,359,61,94,183.2,12.8
NC,340014,NOVANT HEALTH FORSYTH MEDICAL CENTER,197,359,62,94,183.2,13.8
NC,340113,CAROLINAS MEDICAL CENTER/BEHAV HEALTH,198,375,63,94,183.2,14.8
NC,340114,REX HOSPITAL,198,374,63,94,183.2,14.8
NC,340042,ONSLOW MEMORIAL HOSPITAL,199,1577,65,94,183.2,15.8
NC,340008,SCOTLAND MEMORIAL HOSPITAL,199,104,65,94,183.2,15.8
NC,340027,UNC LENOIR HEALTH CARE,200,380,67,94,183.2,16.8
NC,340115,FIRSTHEALTH MOORE REGIONAL HOSPITAL,201,103602,68,94,183.2,17.8
NC,340151,ECU HEALTH NORTH HOSPITAL,202,367,69,94,183.2,18.8
NC,340051,WATAUGA MEDICAL CENTER,203,372,70,94,183.2,19.8
NC,340141,NOVANT HEALTH NEW HANOVER REGIONAL MEDICAL CENTER,204,335,71,94,183.2,20.8
NC,340069,"WAKEMED, RALEIGH CAMPUS",204,406,71,94,183.2,20.8
NC,340188,CAPE FEAR VALLEY HOKE HOSPITAL,208,362,73,94,183.2,24.8
NC,34011F,NMC Camp Lejeune,210,372,74,94,183.2,26.8
NC,341324,"THE OUTER BANKS HOSPITAL, INC",213,354,75,94,183.2,29.8
NC,341311,CHATHAM HOSPITAL INC,214,364,76,94,183.2,30.8
NC,340071,BETSY JOHNSON REGIONAL HOSPITAL,216,725,77,94,183.2,32.8
NC,340015,NOVANT HEALTH ROWAN MEDICAL CENTER,216,362,77,94,183.2,32.8
NC,340123,RANDOLPH HOSPITAL,216,385,77,94,183.2,32.8
NC,340070,ALAMANCE REGIONAL MEDICAL CENTER,218,443,80,94,183.2,34.8
NC,340028,CAPE FEAR VALLEY MEDICAL CENTER,219,360,81,94,183.2,35.8
NC,340091,"MOSES H. CONE MEMORIAL HOSPITAL, THE",222,418,82,94,183.2,38.8
NC,340131,CAROLINA EAST MEDICAL CENTER,223,549,83,94,183.2,39.8
NC,340143,CATAWBA VALLEY MEDICAL CENTER,223,473,83,94,183.2,39.8
NC,340183,NOVANT HEALTH HUNTERSVILLE MEDICAL CENTER,226,383,85,94,183.2,42.8
NC,340107,VIDANT EDGECOMBE HOSPITAL,229,381,86,94,183.2,45.8
NC,340142,CARTERET GENERAL HOSPITAL,236,374,87,94,183.2,52.8
NC,340004,HIGH POINT REGIONAL HEALTH SYSTEM,238,428,88,94,183.2,54.8
NC,340171,NOVANT HEALTH MATTHEWS MEDICAL CENTER,240,373,89,94,183.2,56.8
NC,340155,DUKE REGIONAL HOSPITAL,244,375,90,94,183.2,60.8
NC,340050,SOUTHEASTERN REGIONAL MEDICAL CENTER,248,338,91,94,183.2,64.8
NC,340040,ECU HEALTH MEDICAL CENTER,280,378,92,94,183.2,96.8
NC,340061,UNC HOSPITALS,286,377,93,94,183.2,102.8
NC,340030,DUKE UNIVERSITY HOSPITAL,296,390,94,94,183.2,112.8
ND,351331,TOWNER COUNTY MEDICAL CENTER,66,236,1,43,114.3,-48.3
ND,351329,SANFORD HILLSBORO,72,176,2,43,114.3,-42.3
ND,351327,SMP HEALTH ST ALOISIUS,76,437,3,43,114.3,-38.3
ND,351319,PEMBINA COUNTY MEMORIAL HOSPITAL,77,213,4,43,114.3,-37.3
ND,351301,MOUNTRAIL COUNTY MEDICAL CENTER INC,79,222,5,43,114.3,-35.3
ND,351325,ST LUKE'S HOSPITAL,81,212,6,43,114.3,-33.3
ND,351300,TIOGA MEDICAL CENTER,84,285,7,43,114.3,-30.3
ND,351322,ASHLEY MEDICAL CENTER,85,333,8,43,114.3,-29.3
ND,351312,NORTHWOOD DEACONESS HEALTH CENTER,86,600,9,43,114.3,-28.3
ND,351308,NELSON COUNTY HEALTH SYSTEM,91,343,10,43,114.3,-23.3
ND,351364,STANDING ROCK SERVICE UNIT,92,338,11,43,114.3,-22.3
ND,351324,CHI MERCY HEALTH,94,224,12,43,114.3,-20.3
ND,351321,SOUTH CENTRAL HEALTH,96,544,13,43,114.3,-18.3
ND,351323,CAVALIER COUNTY MEMORIAL HOSPITAL ASSOCIATION,97,211,14,43,114.3,-17.3
ND,351309,SANFORD MAYVILLE,100,194,15,43,114.3,-14.3
ND,351318,CARRINGTON HEALTH CENTER,101,241,16,43,114.3,-13.3
ND,351305,TRINITY KENMARE COMMUNITY HOSPITAL,102,148,17,43,114.3,-12.3
ND,350070,ESSENTIA HEALTH,104,351,18,43,114.3,-10.3
ND,351332,HEART OF AMERICA MEDICAL CENTER,104,227,18,43,114.3,-10.3
ND,351316,PRESENTATION MEDICAL CENTER,104,337,18,43,114.3,-10.3
ND,351304,CHI ST ALEXIUS HEALTH TURTLE LAKE,105,288,21,43,114.3,-9.3
ND,351307,ST ANDREW'S HOSPITAL,105,210,21,43,114.3,-9.3
ND,351315,CHI OAKES HOSPITAL,108,221,23,43,114.3,-6.3
ND,351328,LINTON HOSPITAL - CAH,109,248,24,43,114.3,-5.3
ND,351335,JAMESTOWN REGIONAL MEDICAL CENTER,110,563,25,43,114.3,-4.3
ND,351303,GARRISON MEMORIAL HOSPITAL,111,239,26,43,114.3,-3.3
ND,351314,JACOBSON MEMORIAL HOSPITAL CARE CENTER,111,670,26,43,114.3,-3.3
ND,351311,LISBON AREA HEALTH SERVICES,111,227,26,43,114.3,-3.3
ND,351320,UNITY MEDICAL CENTER,112,220,29,43,114.3,-2.3
ND,351326,FIRST CARE HEALTH CENTER,114,226,30,43,114.3,-0.3
ND,351330,WEST RIVER REGIONAL MEDICAL CENTER,116,234,31,43,114.3,1.7
ND,351310,SAKAKAWEA MEDICAL CENTER - CAH,119,176,32,43,114.3,4.7
ND,351313,SOUTHWEST HEALTHCARE SERVICES,120,225,33,43,114.3,5.7
ND,351306,COOPERSTOWN MEDICAL CENTER,121,235,34,43,114.3,6.7
ND,351302,MCKENZIE COUNTY HEALTHCARE SYSTEMS INC,123,219,35,43,114.3,8.7
ND,351333,CHI ST ALEXIUS HEALTH DEVILS LAKE,138,253,36,43,114.3,23.7
ND,351334,CHI ST ALEXIUS HEALTH WILLISTON,157,352,37,43,114.3,42.7
ND,350002,CHI ST ALEXIUS HEALTH,164,360,38,43,114.3,49.7
ND,350019,ALTRU HOSPITAL,167,349,39,43,114.3,52.7
ND,350015,SANFORD MEDICAL CENTER BISMARCK,175,393,40,43,114.3,60.7
ND,351336,CHI ST ALEXIUS HEALTH DICKINSON,185,353,41,43,114.3,70.7
ND,350011,SANFORD MEDICAL CENTER FARGO,189,360,42,43,114.3,74.7
ND,350006,TRINITY HOSPITALS,254,336,43,43,114.3,139.7
NE,281311,FRANKLIN COUNTY MEMORIAL HOSPITAL,80,350,1,83,118.5,-38.5
NE,281312,GENOA COMMUNITY HOSPITAL,80,215,1,83,118.5,-38.5
NE,281362,PHELPS MEMORIAL HEALTH CENTER,84,363,3,83,118.5,-34.5
NE,281314,ANNIE JEFFREY MEMORIAL COUNTY HEALTH CENTER,85,255,4,83,118.5,-33.5
NE,281338,HOWARD COUNTY MEDICAL CENTER,87,303,5,83,118.5,-31.5
NE,281304,THAYER COUNTY HEALTH SERVICES,89,309,6,83,118.5,-29.5
NE,281303,NIOBRARA VALLEY HOSPITAL,90,106,7,83,118.5,-28.5
NE,281316,WEBSTER COUNTY COMMUNITY HOSPITAL,90,260,7,83,118.5,-28.5
NE,281364,"BEATRICE COMMUNITY HOSPITAL & HEALTH CENTER, INC",93,7416,9,83,118.5,-25.5
NE,280059,TWELVE CLANS UNITY HOSPITAL,93,577,9,83,118.5,-25.5
NE,281332,BUTLER COUNTY HEALTH,96,232,11,83,118.5,-22.5
NE,281346,CHI HEALTH PLAINVIEW HOSPITAL,97,243,12,83,118.5,-21.5
NE,281319,JEFFERSON COMMUNITY HEALTH & LIFE,97,274,12,83,118.5,-21.5
NE,281350,JOHNSON COUNTY HOSPITAL,97,268,12,83,118.5,-21.5
NE,281339,MEMORIAL HEALTH CARE SYSTEMS,97,281,12,83,118.5,-21.5
NE,280129,NEBRASKA ORTHOPAEDIC HOSPITAL,97,385,12,83,118.5,-21.5
NE,281355,OGALLALA COMMUNITY HOSPITAL,98,258,17,83,118.5,-20.5
NE,281353,VALLEY COUNTY HEALTH SYSTEM,98,371,17,83,118.5,-20.5
NE,281327,COZAD COMMUNITY HOSPITAL,99,224,19,83,118.5,-19.5
NE,281307,SAUNDERS MEDICAL CENTER,99,289,19,83,118.5,-19.5
NE,281354,CRETE AREA MEDICAL CENTER,100,367,21,83,118.5,-18.5
NE,281308,HENDERSON COMMUNITY HOSPITAL,100,296,21,83,118.5,-18.5
NE,281309,SYRACUSE AREA HEALTH,101,277,23,83,118.5,-17.5
NE,281352,"COMMUNITY MEDICAL CENTER, INC",102,319,24,83,118.5,-16.5
NE,280125,FAITH REGIONAL HEALTH SERVICES,102,381,24,83,118.5,-16.5
NE,281323,CHI HEALTH SCHUYLER,103,244,26,83,118.5,-15.5
NE,281300,HARLAN COUNTY HEALTH SYSTEM,103,128,26,83,118.5,-15.5
NE,281331,AVERA CREIGHTON HOSPITAL,104,920,28,83,118.5,-14.5
NE,281358,GORDON MEMORIAL HOSPITAL DISTRICT,105,1217,29,83,118.5,-13.5
NE,280139,GRAND ISLAND REGIONAL MEDICAL CENTER,105,366,29,83,118.5,-13.5
NE,281302,PAWNEE COUNTY MEMORIAL HOSPITAL,105,711,29,83,118.5,-13.5
NE,281341,CHADRON HOSPITAL,108,272,32,83,118.5,-10.5
NE,280134,KEARNEY REGIONAL MEDICAL CENTER,108,389,32,83,118.5,-10.5
NE,281301,FILLMORE COUNTY HOSPITAL,109,269,34,83,118.5,-9.5
NE,281326,ANTELOPE MEMORIAL HOSPITAL,110,324,35,83,118.5,-8.5
NE,281334,BOONE COUNTY HEALTH CENTER,110,276,35,83,118.5,-8.5
NE,281325,BROWN COUNTY HOSPITAL,110,277,35,83,118.5,-8.5
NE,281361,LEXINGTON REGIONAL HEALTH CENTER,110,328,35,83,118.5,-8.5
NE,281324,NEMAHA COUNTY HOSPITAL,110,210,35,83,118.5,-8.5
NE,281347,OSMOND GENERAL HOSPITAL,110,285,35,83,118.5,-8.5
NE,281343,WEST HOLT MEMORIAL HOSPITAL,110,517,35,83,118.5,-8.5
NE,281329,AVERA ST ANTHONY'S HOSPITAL,111,1785,42,83,118.5,-7.5
NE,281333,ROCK COUNTY HOSPITAL,111,352,42,83,118.5,-7.5
NE,281315,BRODSTONE HEALTHCARE,115,226,44,83,118.5,-3.5
NE,281342,CHI HEALTH ST. MARYS,115,367,44,83,118.5,-3.5
NE,280003,BRYAN MEDICAL CENTER,117,378,46,83,118.5,-1.5
NE,281322,ST FRANCIS MEMORIAL HOSPITAL,117,281,46,83,118.5,-1.5
NE,281313,GOTHENBURG HEALTH,118,217,48,83,118.5,-0.5
NE,280032,MARY LANNING HEALTHCARE,118,350,48,83,118.5,-0.5
NE,281345,PROVIDENCE MEDICAL CENTER,119,383,50,83,118.5,0.5
NE,281365,JENNIE M MELHAM MEMORIAL MEDICAL CENTER,121,215,51,83,118.5,2.5
NE,280111,"COLUMBUS COMMUNITY HOSPITAL, INC",122,464,52,83,118.5,3.5
NE,281320,MEMORIAL HOSPITAL,124,274,53,83,118.5,5.5
NE,280023,CHI HEALTH ST. FRANCIS,125,359,54,83,118.5,6.5
NE,281328,MERRICK MEDICAL CENTER,125,2021,54,83,118.5,6.5
NE,281349,PENDER COMMUNITY HOSPITAL,125,226,54,83,118.5,6.5
NE,280065,GREAT PLAINS HEALTH,127,405,57,83,118.5,8.5
NE,281356,PERKINS COUNTY HEALTH SERVICES,128,673,58,83,118.5,9.5
NE,281335,CALLAWAY DISTRICT HOSPITAL,129,279,59,83,118.5,10.5
NE,281306,KEARNEY COUNTY HEALTH SERVICES HOSPITAL,129,248,59,83,118.5,10.5
NE,281359,MEMORIAL COMMUNITY HOSPITAL & HEALTH SYSTEM,130,345,61,83,118.5,11.5
NE,281351,CHASE COUNTY COMMUNITY HOSPITAL,131,226,62,83,118.5,12.5
NE,280081,CHI HEALTH IMMANUEL,132,337,63,83,118.5,13.5
NE,281305,KIMBALL HEALTH SERVICES,133,328,64,83,118.5,14.5
NE,280077,METHODIST FREMONT HEALTH,133,351,64,83,118.5,14.5
NE,281360,BOX BUTTE GENERAL HOSPITAL,135,1289,66,83,118.5,16.5
NE,281336,YORK GENERAL HEALTH CARE SERVICES,136,106,67,83,118.5,17.5
NE,280105,CHI HEALTH MIDLANDS,138,363,68,83,118.5,19.5
NE,280132,BELLEVUE MEDICAL CENTER,142,376,69,83,118.5,23.5
NE,280009,CHI HEALTH GOOD SAMARITAN,142,365,69,83,118.5,23.5
NE,281357,SIDNEY REGIONAL MEDICAL CENTER,143,240,71,83,118.5,24.5
NE,281318,MORRILL COUNTY COMMUNITY HOSPITAL,144,611,72,83,118.5,25.5
NE,281344,CHERRY COUNTY HOSPITAL,146,342,73,83,118.5,27.5
NE,281363,COMMUNITY HOSPITAL,146,708,73,83,118.5,27.5
NE,281340,DUNDY COUNTY HOSPITAL,146,248,73,83,118.5,27.5
NE,281348,TRI VALLEY HEALTH SYSTEM,147,154,76,83,118.5,28.5
NE,281310,GARDEN COUNTY HEALTH SERVICES,149,225,77,83,118.5,30.5
NE,280040,THE NEBRASKA METHODIST HOSPITAL,156,342,78,83,118.5,37.5
NE,280060,CHI HEALTH BERGAN MERCY,160,346,79,83,118.5,41.5
NE,280020,CHI HEALTH ST. ELIZABETH,162,376,80,83,118.5,43.5
NE,280130,CHI HEALTH LAKESIDE,173,372,81,83,118.5,54.5
NE,280061,REGIONAL WEST MEDICAL CENTER,201,399,82,83,118.5,82.5
NE,280013,THE NEBRASKA MEDICAL CENTER,246,363,83,83,118.5,127.5
NH,301300,UPPER CONNECTICUT VALLEY HOSPITAL,85,3796,1,26,165.5,-80.5
NH,301303,WEEKS MEDICAL CENTER,106,5144,2,26,165.5,-59.5
NH,301310,ANDROSCOGGIN VALLEY HOSPITAL,113,1810,3,26,165.5,-52.5
NH,301307,"MEMORIAL HOSPITAL, THE",115,393,4,26,165.5,-50.5
NH,301301,COTTAGE HOSPITAL,118,415,5,26,165.5,-47.5
NH,301305,ALICE PECK DAY MEMORIAL HOSPITAL,120,440,6,26,165.5,-45.5
NH,300017,PARKLAND MEDICAL CENTER,120,397,6,26,165.5,-45.5
NH,301311,SPEARE MEMORIAL HOSPITAL,132,356,8,26,165.5,-33.5
NH,301306,CONCORD HOSPITAL- FRANKLIN,133,334,9,26,165.5,-32.5
NH,301302,LITTLETON REGIONAL HEALTHCARE,135,401,10,26,165.5,-30.5
NH,300029,PORTSMOUTH REGIONAL HOSPITAL,135,426,10,26,165.5,-30.5
NH,300014,FRISBIE MEMORIAL HOSPITAL,136,369,12,26,165.5,-29.5
NH,301309,MONADNOCK COMMUNITY HOSPITAL,136,387,12,26,165.5,-29.5
NH,301312,HUGGINS HOSPITAL,139,269,14,26,165.5,-26.5
NH,301308,VALLEY REGIONAL HOSPITAL,148,352,15,26,165.5,-17.5
NH,301304,NEW LONDON HOSPITAL,154,853,16,26,165.5,-11.5
NH,300005,CONCORD HOSPITAL- LACONIA,187,371,17,26,165.5,21.5
NH,300023,EXETER HOSPITAL INC,204,368,18,26,165.5,38.5
NH,300011,ST JOSEPH HOSPITAL,204,381,18,26,165.5,38.5
NH,300034,CATHOLIC MEDICAL CENTER,216,361,20,26,165.5,50.5
NH,300020,SOUTHERN NH MEDICAL CENTER,217,511,21,26,165.5,51.5
NH,300019,CHESHIRE MEDICAL CENTER,224,406,22,26,165.5,58.5
NH,300018,WENTWORTH-DOUGLASS HOSPITAL,232,357,23,26,165.5,66.5
NH,300001,CONCORD HOSPITAL,245,377,24,26,165.5,79.5
NH,300003,MARY HITCHCOCK MEMORIAL HOSPITAL,266,369,25,26,165.5,100.5
NH,300012,ELLIOT HOSPITAL,283,374,26,26,165.5,117.5
NJ,310024,ROBERT WOOD JOHNSON UNIVERSITY HOSPITAL AT RAHWAY,110,407,1,60,186.6,-76.6
NJ,310076,COOPERMAN BARNABAS MEDICAL CENTER,120,426,2,60,186.6,-66.6
NJ,310075,MONMOUTH MEDICAL CENTER,129,396,3,60,186.6,-57.6
NJ,310009,CLARA MAASS MEDICAL CENTER,138,404,4,60,186.6,-48.6
NJ,310060,ST LUKE'S WARREN HOSPITAL,140,355,5,60,186.6,-46.6
NJ,310130,HACKENSACK MERIDIAN HEALTH PASCACK VALLEY MEDICAL,144,414,6,60,186.6,-42.6
NJ,310084,MONMOUTH MEDICAL CENTER-SOUTHERN CAMPUS,146,363,7,60,186.6,-40.6
NJ,310047,SHORE MEDICAL CENTER,152,354,8,60,186.6,-34.6
NJ,310058,BERGEN NEW BRIDGE MEDICAL CENTER,154,269,9,60,186.6,-32.6
NJ,310052,OCEAN MEDICAL CENTER,154,370,9,60,186.6,-32.6
NJ,310022,WEST JERSEY HOSPITAL,155,448,11,60,186.6,-31.6
NJ,310016,HEIGHTS UNIVERSITY HOSPITAL,161,375,12,60,186.6,-25.6
NJ,310029,VIRTUA OUR LADY OF LOURDES HOSPITAL,161,373,12,60,186.6,-25.6
NJ,310050,SAINT CLARE'S HOSPITAL/ DENVILLE CAMPUS,164,400,14,60,186.6,-22.6
NJ,310112,BAYSHORE MEDICAL CENTER,166,396,15,60,186.6,-20.6
NJ,310092,CAPITAL HEALTH REGIONAL MEDICAL CENTER,166,352,15,60,186.6,-20.6
NJ,310113,SOUTHERN OCEAN MEDICAL CENTER,166,363,15,60,186.6,-20.6
NJ,310002,NEWARK BETH ISRAEL MEDICAL CENTER,169,402,18,60,186.6,-17.6
NJ,310028,NEWTON MEDICAL CENTER,169,363,18,60,186.6,-17.6
NJ,310064,ATLANTICARE REGIONAL MEDICAL CENTER - CITY CAMPUS,171,348,20,60,186.6,-15.6
NJ,310115,AHS HOSPITAL CORP,174,380,21,60,186.6,-12.6
NJ,310118,HUDSON REGIONAL HOSPITAL,174,401,21,60,186.6,-12.6
NJ,310039,RARITAN BAY MEDICAL CENTER,174,361,21,60,186.6,-12.6
NJ,310110,ROBERT WOOD JOHNSON UNIVERSITY HOSPITAL AT HAMILTON,174,407,21,60,186.6,-12.6
NJ,310096,SAINT MICHAEL'S MEDICAL CENTER,176,417,25,60,186.6,-10.6
NJ,310083,CAREWELL HEALTH MEDICAL CENTER,180,372,26,60,186.6,-6.6
NJ,310061,VIRTUA WILLINGBORO HOSPITAL,181,357,27,60,186.6,-5.6
NJ,310041,COMMUNITY MEDICAL CENTER,182,385,28,60,186.6,-4.6
NJ,310045,ENGLEWOOD HOSPITAL AND MEDICAL CENTER,182,420,28,60,186.6,-4.6
NJ,310069,INSPIRA MEDICAL CENTER MULLICA HILL,182,780,28,60,186.6,-4.6
NJ,310006,ST MARY'S GENERAL HOSPITAL,183,399,31,60,186.6,-3.6
NJ,310048,ROBERT WOOD JOHNSON UNIVERSITY HOSPITAL - SOMERSET,184,386,32,60,186.6,-2.6
NJ,310074,JERSEY CITY MEDICAL CENTER,190,402,33,60,186.6,3.4
NJ,310051,OVERLOOK MEDICAL CENTER,192,386,34,60,186.6,5.4
NJ,310108,JFK UNIVERSITY MEDICAL CENTER,196,379,35,60,186.6,9.4
NJ,310001,HACKENSACK UNIVERSITY MEDICAL CENTER,197,384,36,60,186.6,10.4
NJ,310038,ROBERT WOOD JOHNSON UNIVERSITY HOSPITAL,197,404,36,60,186.6,10.4
NJ,310027,TRINITAS REGIONAL MEDICAL CENTER,203,337,38,60,186.6,16.4
NJ,310032,INSPIRA MEDICAL CENTER VINELAND,204,406,39,60,186.6,17.4
NJ,310008,HOLY NAME MEDICAL CENTER,205,1132,40,60,186.6,18.4
NJ,310044,CAPITAL HEALTH MEDICAL CENTER - HOPEWELL,206,365,41,60,186.6,19.4
NJ,310025,CAREPOINT HEALTH - BAYONNE MEDICAL CENTER,206,359,41,60,186.6,19.4
NJ,310034,RIVERVIEW MEDICAL CENTER,206,355,41,60,186.6,19.4
NJ,310040,CAREPOINT HEALTH-HOBOKEN UNIVERSITY MEDICAL CENTER,207,343,44,60,186.6,20.4
NJ,310003,PALISADES MEDICAL CENTER,207,361,44,60,186.6,20.4
NJ,310070,SAINT PETER'S UNIVERSITY HOSPITAL,207,407,44,60,186.6,20.4
NJ,310057,VIRTUA MOUNT HOLLY HOSPITAL,207,384,44,60,186.6,20.4
NJ,310011,CAPE REGIONAL MEDICAL CENTER INC,208,376,48,60,186.6,21.4
NJ,310073,JERSEY SHORE UNIVERSITY MEDICAL CENTER,208,352,48,60,186.6,21.4
NJ,310014,COOPER UNIVERSITY HOSPITAL,216,350,50,60,186.6,29.4
NJ,310111,CENTRASTATE MEDICAL CENTER,219,389,51,60,186.6,32.4
NJ,310012,VALLEY HOSPITAL,223,401,52,60,186.6,36.4
NJ,310019,ST JOSEPH'S UNIVERSITY MEDICAL CENTER INC,224,708,53,60,186.6,37.4
NJ,310010,UNIVERSITY MEDICAL CENTER OF PRINCETON AT PLAINSBORO,225,378,54,60,186.6,38.4
NJ,310017,CHILTON MEDICAL CENTER,226,382,55,60,186.6,39.4
NJ,310005,HUNTERDON MEDICAL CENTER,232,444,56,60,186.6,45.4
NJ,310054,HACKENSACK MERIDIAN MOUNTAINSIDE MEDICAL,234,393,57,60,186.6,47.4
NJ,310086,JEFFERSON STRATFORD HOSPITAL,235,340,58,60,186.6,48.4
NJ,310015,MORRISTOWN MEDICAL CENTER,240,389,59,60,186.6,53.4
NJ,310119,THE UNIVERSITY HOSPITAL,294,337,60,60,186.6,107.4
NM,321310,HOLY CROSS HOSPITAL A DIV OF TAOS HEALTH SYSTEMS,98,387,1,32,168.3,-70.3
NM,320030,ARTESIA GENERAL HOSPITAL,101,402,2,32,168.3,-67.3
NM,321308,CIBOLA GENERAL HOSPITAL,109,347,3,32,168.3,-59.3
NM,321302,DR DAN C TRIGG MEMORIAL HOSPITAL,112,411,4,32,168.3,-56.3
NM,321307,MINERS' COLFAX MEDICAL CENTER,118,395,5,32,168.3,-50.3
NM,320086,LOVELACE REGIONAL HOSPITAL - ROSWELL,126,400,6,32,168.3,-42.3
NM,321304,UNION COUNTY GENERAL HOSPITAL,130,293,7,32,168.3,-38.3
NM,321301,SOCORRO GENERAL HOSPITAL,133,417,8,32,168.3,-35.3
NM,321313,REHOBOTH MCKINLEY CHRISTIAN HEALTH CARE SERVICES,138,399,9,32,168.3,-30.3
NM,321309,MIMBRES VALLEY MEDICAL CENTER,139,345,10,32,168.3,-29.3
NM,321306,LINCOLN COUNTY MEDICAL CENTER,141,426,11,32,168.3,-27.3
NM,320091,THREE CROSSES REGIONAL HOSPITAL LLC,142,391,12,32,168.3,-26.3
NM,320074,LOVELACE WESTSIDE HOSPITAL,154,383,13,32,168.3,-14.3
NM,320033,LOS ALAMOS MEDICAL CENTER,164,361,14,32,168.3,-4.3
NM,320085,MOUNTAIN VIEW REGIONAL MEDICAL CENTER,166,374,15,32,168.3,-2.3
NM,320065,COVENANT HEALTH HOBBS HOSPITAL,167,367,16,32,168.3,-1.3
NM,320084,ROOSEVELT GENERAL HOSPITAL,167,620,16,32,168.3,-1.3
NM,321300,SIERRA VISTA HOSPITAL,171,366,18,32,168.3,2.7
NM,320011,PRESBYTERIAN ESPANOLA HOSPITAL,173,435,19,32,168.3,4.7
NM,320002,CHRISTUS ST VINCENT REGIONAL MEDICAL CENTER,177,375,20,32,168.3,8.7
NM,321311,GILA REGIONAL MEDICAL CENTER,184,335,21,32,168.3,15.7
NM,320006,EASTERN NEW MEXICO MEDICAL CENTER,188,381,22,32,168.3,19.7
NM,320022,PLAINS REGIONAL MEDICAL CENTER,190,438,23,32,168.3,21.7
NM,320005,SAN JUAN REGIONAL MEDICAL CENTER INC,190,390,23,32,168.3,21.7
NM,320063,CARLSBAD MEDICAL CENTER,194,383,25,32,168.3,25.7
NM,320017,LOVELACE WOMEN'S HOSPITAL,199,374,26,32,168.3,30.7
NM,320004,CHRISTUS SOUTHERN NEW MEXICO,201,366,27,32,168.3,32.7
NM,320018,MEMORIAL MEDICAL CENTER,204,408,28,32,168.3,35.7
NM,320009,LOVELACE MEDICAL CENTER,217,367,29,32,168.3,48.7
NM,320090,PRESBYTERIAN SANTA FE MEDICAL CENTER,226,429,30,32,168.3,57.7
NM,320001,UNM HOSPITAL,279,323,31,32,168.3,110.7
NM,320021,PRESBYTERIAN HOSPITAL,287,375,32,32,168.3,118.7
NV,291301,INCLINE VILLAGE COMMUNITY HOSPITAL,83,238,1,35,147.7,-64.7
NV,291300,MOUNT GRANT GENERAL HOSPITAL,84,233,2,35,147.7,-63.7
NV,290058,SAINT ROSE DOMINICAN HOSPITALS - NORTH LAS VEGAS,92,360,3,35,147.7,-55.7
NV,291314,SOUTH LYON MEDICAL CENTER,99,242,4,35,147.7,-48.7
NV,290012,SAINT ROSE DOMINICAN HOSPITALS - ROSE DE LIMA,101,337,5,35,147.7,-46.7
NV,290047,SOUTHERN HILLS HOSPITAL AND MEDICAL CENTER,106,416,6,35,147.7,-41.7
NV,291309,BOULDER CITY HOSPITAL,107,392,7,35,147.7,-40.7
NV,291303,BATTLE MOUNTAIN GENERAL HOSPITAL,114,225,8,35,147.7,-33.7
NV,291304,PERSHING GENERAL HOSPITAL,114,183,8,35,147.7,-33.7
NV,291308,HUMBOLDT GENERAL HOSPITAL,119,350,10,35,147.7,-28.7
NV,29001F,99th Medical Group (Nellis AFB),124,401,11,35,147.7,-23.7
NV,291313,BANNER CHURCHILL COMMUNITY HOSPITAL,124,371,11,35,147.7,-23.7
NV,290005,NORTH VISTA HOSPITAL,134,381,13,35,147.7,-13.7
NV,290009,SAINT MARY'S REGIONAL MEDICAL CENTER,138,384,14,35,147.7,-9.7
NV,291307,MESA VIEW REGIONAL HOSPITAL,139,392,15,35,147.7,-8.7
NV,290032,NORTHERN NEVADA MEDICAL CENTER,143,535,16,35,147.7,-4.7
NV,291306,CARSON VALLEY HEALTH,144,341,17,35,147.7,-3.7
NV,290062,WEST HENDERSON HOSPITAL,158,185,18,35,147.7,10.3
NV,290039,MOUNTAINVIEW HOSPITAL,159,387,19,35,147.7,11.3
NV,291311,DESERT VIEW HOSPITAL,160,445,20,35,147.7,12.3
NV,291312,GROVER C DILS MEDICAL CENTER,161,228,21,35,147.7,13.3
NV,290019,CARSON TAHOE REGIONAL MEDICAL CENTER,162,351,22,35,147.7,14.3
NV,290057,HENDERSON HOSPITAL,163,377,23,35,147.7,15.3
NV,290003,SUNRISE HOSPITAL AND MEDICAL CENTER,164,333,24,35,147.7,16.3
NV,290053,SAINT ROSE DOMINICAN HOSPITALS - SAN MARTIN CAMPUS,166,359,25,35,147.7,18.3
NV,290054,CENTENNIAL HILLS HOSPITAL MEDICAL CENTER,167,382,26,35,147.7,19.3
NV,290045,SAINT ROSE DOMINICAN HOSPITALS - SIENA CAMPUS,175,365,27,35,147.7,27.3
NV,290001,RENOWN REGIONAL MEDICAL CENTER,180,369,28,35,147.7,32.3
NV,290049,RENOWN SOUTH MEADOWS MEDICAL CENTER,180,383,28,35,147.7,32.3
NV,290046,SPRING VALLEY HOSPITAL MEDICAL CENTER,181,345,30,35,147.7,33.3
NV,290021,VALLEY HOSPITAL MEDICAL CENTER,182,335,31,35,147.7,34.3
NV,291302,WILLIAM BEE RIRIE HOSPITAL,190,65,32,35,147.7,42.3
NV,290041,SUMMERLIN HOSPITAL MEDICAL CENTER,208,386,33,35,147.7,60.3
NV,290008,NORTHEASTERN NEVADA REGIONAL HOSPITAL,210,373,34,35,147.7,62.3
NV,290007,UNIVERSITY MEDICAL CENTER,240,357,35,35,147.7,92.3
NY,33025F,Keller ACH (West Point),65,423,1,139,201.5,-136.5
NY,331315,GOUVERNEUR HOSPITAL,74,8925,2,139,201.5,-127.5
NY,331303,GARNET HEALTH MEDICAL CENTER CATSKILLS,82,384,3,139,201.5,-119.5
NY,331305,O'CONNOR HOSPITAL,88,347,4,139,201.5,-113.5
NY,331310,ELLENVILLE REGIONAL HOSPITAL,92,378,5,139,201.5,-109.5
NY,331312,"DELAWARE VALLEY HOSPITAL, INC",106,514,6,139,201.5,-95.5
NY,330033,CHENANGO MEMORIAL HOSPITAL,108,403,7,139,201.5,-93.5
NY,331320,COBLESKILL REGIONAL HOSPITAL,109,376,8,139,201.5,-92.5
NY,331302,ELIZABETHTOWN COMMUNITY HOSPITAL,109,383,8,139,201.5,-92.5
NY,331311,LITTLE FALLS HOSPITAL,110,369,10,139,201.5,-91.5
NY,331314,SOLDIERS AND SAILORS MEMORIAL HOSPITAL OF YATES,110,452,10,139,201.5,-91.5
NY,331313,SCHUYLER HOSPITAL,111,382,12,139,201.5,-90.5
NY,331322,"SLHS MASSENA, INC",112,11975,13,139,201.5,-89.5
NY,330166,"WESTFIELD MEMORIAL HOSPITAL, INC",114,461,14,139,201.5,-87.5
NY,330085,AURELIA OSBORN FOX MEMORIAL HOSPITAL,123,357,15,139,201.5,-78.5
NY,331319,MEDINA MEMORIAL HOSPITAL,127,212,16,139,201.5,-74.5
NY,330151,ST JAMES HOSPITAL,136,332,17,139,201.5,-65.5
NY,330197,CANTON-POTSDAM HOSPITAL,137,22148,18,139,201.5,-64.5
NY,330096,JONES MEMORIAL HOSPITAL,138,382,19,139,201.5,-63.5
NY,331316,"COMMUNITY MEMORIAL HOSPITAL, INC",141,8298,20,139,201.5,-60.5
NY,330103,OLEAN GENERAL HOSPITAL,141,729,20,139,201.5,-60.5
NY,330240,HARLEM HOSPITAL CENTER,142,343,22,139,201.5,-59.5
NY,330079,ADIRONDACK MEDICAL CENTER - SARANAC LAKE,143,385,23,139,201.5,-58.5
NY,331323,WYOMING COUNTY,143,276,23,139,201.5,-58.5
NY,330111,BERTRAND CHAFFEE HOSPITAL,144,335,25,139,201.5,-57.5
NY,330181,NORTHWELL HOSPITAL GLEN COVE,152,347,26,139,201.5,-49.5
NY,330047,ST MARY'S HEALTHCARE,155,9261,27,139,201.5,-46.5
NY,330135,BON SECOURS COMMUNITY HOSPITAL,156,358,28,139,201.5,-45.5
NY,330229,"BROOKS-TLC HOSPITAL SYSTEM, INC",158,608,29,139,201.5,-43.5
NY,330115,ONEIDA HEALTH HOSPITAL,159,384,30,139,201.5,-42.5
NY,330239,UPMC CHAUTAUQUA AT WCA,160,532,31,139,201.5,-41.5
NY,330205,ST ANTHONY COMMUNITY HOSPITAL,161,371,32,139,201.5,-40.5
NY,330188,MOUNT ST. MARY'S HOSPITAL & HEALTH CENTER,163,372,33,139,201.5,-38.5
NY,330027,NASSAU UNIVERSITY MEDICAL CENTER,164,246,34,139,201.5,-37.5
NY,330073,UNITED MEMORIAL MEDICAL CENTER,164,20214,34,139,201.5,-37.5
NY,330350,SUNY/DOWNSTATE UNIVERSITY HOSPITAL OF BROOKLYN,166,397,36,139,201.5,-35.5
NY,330204,BELLEVUE HOSPITAL CENTER,168,373,37,139,201.5,-33.5
NY,330265,CLIFTON SPRINGS HOSPITAL AND CLINIC,168,8066,37,139,201.5,-33.5
NY,331321,THE UNIVERSITY OF VERMONT HEALTH NETWORK-ALICE HY,169,373,39,139,201.5,-32.5
NY,330196,SOUTH BROOKLYN HEALTH,170,401,40,139,201.5,-31.5
NY,330175,GUTHRIE CORTLAND REGIONAL MEDICAL CENTER,171,537,41,139,201.5,-30.5
NY,330199,METROPOLITAN HOSPITAL CENTER,172,338,42,139,201.5,-29.5
NY,330276,NATHAN LITTAUER HOSPITAL,172,370,42,139,201.5,-29.5
NY,330273,PUTNAM HOSPITAL CENTER,172,372,42,139,201.5,-29.5
NY,330304,WHITE PLAINS HOSPITAL CENTER,174,380,45,139,201.5,-27.5
NY,330184,MONTEFIORE NEW ROCHELLE HOSPITAL,179,399,46,139,201.5,-22.5
NY,330386,GARNET HEALTH  MEDICAL CENTER CATSKILLS,180,368,47,139,201.5,-21.5
NY,330160,STATEN ISLAND UNIVERSITY HOSPITAL,180,377,47,139,201.5,-21.5
NY,330119,LENOX HILL HOSPITAL,181,360,49,139,201.5,-20.5
NY,330215,"ROME MEMORIAL HOSPITAL, INC",182,378,50,139,201.5,-19.5
NY,330058,GENEVA GENERAL HOSPITAL,183,459,51,139,201.5,-18.5
NY,330009,BRONXCARE HOSPITAL CENTER,184,619,52,139,201.5,-17.5
NY,330264,MONTEFIORE ST LUKE'S CORNWALL,192,698,53,139,201.5,-9.5
NY,330045,NS/LIJ HS HUNTINGTON HOSPITAL,192,332,53,139,201.5,-9.5
NY,330056,BROOKLYN HOSPITAL CENTER - DOWNTOWN CAMPUS,193,368,55,139,201.5,-8.5
NY,330019,"NEW YORK COMMUNITY HOSPITAL OF BROOKLYN, INC.",193,387,55,139,201.5,-8.5
NY,330086,MONTEFIORE MOUNT VERNON HOSPITAL,194,362,57,139,201.5,-7.5
NY,330078,SISTERS OF CHARITY HOSPITAL,197,375,58,139,201.5,-4.5
NY,330136,BASSETT HEALTHCARE,199,372,59,139,201.5,-2.5
NY,330059,MONTEFIORE MEDICAL CENTER,200,405,60,139,201.5,-1.5
NY,330049,NORTHERN DUTCHESS HOSPITAL,200,382,60,139,201.5,-1.5
NY,330261,PHELPS HOSPITAL,202,358,62,139,201.5,0.5
NY,330401,ST CATHERINE OF SIENA HOSPITAL,202,368,62,139,201.5,0.5
NY,330006,ST JOSEPH'S MEDICAL CENTER,202,299,62,139,201.5,0.5
NY,330396,WOODHULL MEDICAL & MENTAL HEALTH CENTER,203,345,65,139,201.5,1.5
NY,330162,NORTHERN WESTCHESTER HOSPITAL,204,376,66,139,201.5,2.5
NY,330267,HUDSON VALLEY HOSPITAL CENTER,205,384,67,139,201.5,3.5
NY,330194,MAIMONIDES MEDICAL CENTER,206,396,68,139,201.5,4.5
NY,330030,NEWARK-WAYNE COMMUNITY HOSPITAL,206,17544,68,139,201.5,4.5
NY,330214,NYU LANGONE HOSPITALS,206,840,68,139,201.5,4.5
NY,330028,RICHMOND UNIVERSITY MEDICAL CENTER,206,341,68,139,201.5,4.5
NY,330332,CHSLI ST JOSEPH HOSPITAL,209,384,72,139,201.5,7.5
NY,330277,CORNING HOSPITAL,209,532,72,139,201.5,7.5
NY,330090,ARNOT OGDEN MEDICAL CENTER,212,319,74,139,201.5,10.5
NY,330238,NICHOLAS H NOYES MEMORIAL HOSPITAL,212,355,74,139,201.5,10.5
NY,330218,OSWEGO HOSPITAL,214,404,76,139,201.5,12.5
NY,330044,WYNN HOSPITAL,215,377,77,139,201.5,13.5
NY,330107,PECONIC BAY MEDICAL CENTER,216,368,78,139,201.5,14.5
NY,330193,FLUSHING HOSPITAL MEDICAL CENTER,217,395,79,139,201.5,15.5
NY,330127,JACOBI MEDICAL CENTER,217,366,79,139,201.5,15.5
NY,330208,ST JOHN'S RIVERSIDE HOSPITAL,217,369,79,139,201.5,15.5
NY,330182,ST FRANCIS HOSPITAL - THE HEART CENTER,220,394,82,139,201.5,18.5
NY,330221,WYCKOFF HEIGHTS MEDICAL CENTER,220,419,82,139,201.5,18.5
NY,330005,KALEIDA HEALTH,221,460,84,139,201.5,19.5
NY,330198,MOUNT SINAI SOUTH NASSAU,221,355,84,139,201.5,19.5
NY,330158,GOOD SAMARITAN HOSPITAL OF SUFFERN,222,403,86,139,201.5,20.5
NY,330235,AUBURN  COMMUNITY  HOSPITAL,223,381,87,139,201.5,21.5
NY,330393,SUNY/STONY BROOK UNIVERSITY HOSPITAL,225,363,88,139,201.5,23.5
NY,330074,F F THOMPSON HOSPITAL,226,379,89,139,201.5,24.5
NY,330203,CROUSE HOSPITAL,227,375,90,139,201.5,25.5
NY,330169,MOUNT SINAI BETH ISRAEL,227,370,90,139,201.5,25.5
NY,330233,BROOKDALE HOSPITAL MEDICAL CENTER,228,386,92,139,201.5,26.5
NY,330140,ST JOSEPH'S HOSPITAL HEALTH CENTER,228,326,92,139,201.5,26.5
NY,330395,ST JOHN'S EPISCOPAL HOSPITAL AT SOUTH SHORE,229,334,94,139,201.5,27.5
NY,330224,HEALTHALLIANCE HOSPITAL MARYS AVENUE CAMPUS,230,336,95,139,201.5,28.5
NY,330102,KENMORE MERCY HOSPITAL,230,367,95,139,201.5,28.5
NY,330250,THE UNIVERSITY OF VERMONT HEALTH NETWORK  - CHAMPL,230,537,95,139,201.5,28.5
NY,330153,ELLIS HOSPITAL,232,347,98,139,201.5,30.5
NY,330246,ST CHARLES HOSPITAL,232,358,98,139,201.5,30.5
NY,330094,COLUMBIA MEMORIAL HOSPITAL,234,362,100,139,201.5,32.5
NY,330394,"UNITED HEALTH SERVICES HOSPITALS, INC",234,533,100,139,201.5,32.5
NY,330101,NEW YORK-PRESBYTERIAN HOSPITAL,235,475,102,139,201.5,33.5
NY,330286,GOOD SAMARITAN HOSPITAL MEDICAL CENTER,236,394,103,139,201.5,34.5
NY,330259,MERCY MEDICAL CENTER,236,462,103,139,201.5,34.5
NY,330065,NIAGARA FALLS MEMORIAL MEDICAL CENTER,236,315,103,139,201.5,34.5
NY,330014,JAMAICA HOSPITAL MEDICAL CENTER,237,375,106,139,201.5,35.5
NY,330125,ROCHESTER GENERAL HOSPITAL,237,70198,106,139,201.5,35.5
NY,330024,MOUNT SINAI HOSPITAL,240,378,108,139,201.5,38.5
NY,330011,"OUR LADY OF LOURDES MEMORIAL HOSPITAL, INC",240,412,108,139,201.5,38.5
NY,330285,STRONG MEMORIAL HOSPITAL,240,380,108,139,201.5,38.5
NY,330331,PLAINVIEW HOSPITAL,241,344,111,139,201.5,39.5
NY,330234,WESTCHESTER MEDICAL CENTER,242,717,112,139,201.5,40.5
NY,330180,"SAMARITAN HOSPITAL OF TROY, NEW YORK",243,383,113,139,201.5,41.5
NY,330185,JOHN T MATHER MEMORIAL HOSPITAL  OF PORT JEFFERSON,245,311,114,139,201.5,43.5
NY,330104,NYACK HOSPITAL,246,546,115,139,201.5,44.5
NY,330231,QUEENS HOSPITAL CENTER,246,390,115,139,201.5,44.5
NY,330080,LINCOLN MEDICAL & MENTAL HEALTH CENTER,248,311,117,139,201.5,46.5
NY,330013,ALBANY MEDICAL CENTER HOSPITAL,250,339,118,139,201.5,48.5
NY,330106,NORTH SHORE UNIVERSITY HOSPITAL,251,383,119,139,201.5,49.5
NY,330126,GARNET HEALTH MEDICAL CENTER,255,378,120,139,201.5,53.5
NY,330191,GLENS FALLS HOSPITAL,255,361,120,139,201.5,53.5
NY,330195,LONG ISLAND JEWISH MEDICAL CENTER,255,311,120,139,201.5,53.5
NY,330307,CAYUGA MEDICAL CENTER AT ITHACA,256,348,123,139,201.5,54.5
NY,330128,ELMHURST HOSPITAL CENTER,256,344,123,139,201.5,54.5
NY,330202,KINGS COUNTY HOSPITAL CENTER,260,359,125,139,201.5,58.5
NY,330157,SAMARITAN MEDICAL CENTER,260,322,125,139,201.5,58.5
NY,330141,LONG ISLAND COMMUNITY HOSPITAL,261,356,127,139,201.5,59.5
NY,330043,NS/LIJ HS SOUTHSIDE HOSPITAL,269,279,128,139,201.5,67.5
NY,330046,MOUNT SINAI WEST,278,367,129,139,201.5,76.5
NY,330055,NEW YORK-PRESBYTERIAN/QUEENS,280,387,130,139,201.5,78.5
NY,330241,UNIVERSITY HOSPITAL S U N Y HEALTH SCIENCE CENTER,284,431,131,139,201.5,82.5
NY,330226,UNITY HOSPITAL,294,34968,132,139,201.5,92.5
NY,330023,VASSAR BROTHERS MEDICAL CENTER,298,392,133,139,201.5,96.5
NY,330222,SARATOGA HOSPITAL,303,1045,134,139,201.5,101.5
NY,330279,MERCY HOSPITAL OF BUFFALO,309,365,135,139,201.5,107.5
NY,330164,HIGHLAND HOSPITAL,312,395,136,139,201.5,110.5
NY,330399,ST BARNABAS HOSPITAL,312,301,136,139,201.5,110.5
NY,330219,ERIE COUNTY MEDICAL CENTER,346,329,138,139,201.5,144.5
NY,330057,ST PETER'S HOSPITAL,374,389,139,139,201.5,172.5
OH,361300,PAULDING COUNTY HOSPITAL,77,181,1,139,161.0,-84.0
OH,361311,HARRISON COMMUNITY HOSPITAL,84,388,2,139,161.0,-77.0
OH,361334,ADENA PIKE MEDICAL CENTER,90,302,3,139,161.0,-71.0
OH,361327,COMMUNITY HOSPITALS AND WELLNESS CENTERS,91,149,4,139,161.0,-70.0
OH,361310,MERCY HEALTH - WILLARD HOSPITAL,94,355,5,139,161.0,-67.0
OH,36006F,88th Medical Group (Wright-Patterson AFB),100,257,6,139,161.0,-61.0
OH,361306,MERCY ALLEN HOSPITAL,100,375,6,139,161.0,-61.0
OH,361309,"HENRY COUNTY HOSPITAL, INC",105,346,8,139,161.0,-56.0
OH,360358,DILEY RIDGE MEDICAL CENTER,107,399,9,139,161.0,-54.0
OH,361304,GREENFIELD AREA MEDICAL CENTER,109,330,10,139,161.0,-52.0
OH,360266,MOUNT CARMEL NEW ALBANY SURGICAL HOSPITAL,109,292,10,139,161.0,-52.0
OH,361316,BUCYRUS COMMUNITY HOSPITAL,110,368,12,139,161.0,-51.0
OH,361312,MERCY HEALTH - URBANA HOSPITAL,112,342,13,139,161.0,-49.0
OH,361321,"BARNESVILLE HOSPITAL ASSOCIATION, INC",113,351,14,139,161.0,-48.0
OH,360026,KETTERING HEALTH GREENE MEMORIAL,114,345,15,139,161.0,-47.0
OH,361323,AULTMAN ORRVILLE HOSPITAL,115,367,16,139,161.0,-46.0
OH,360239,KETTERING HEALTH MIAMISBURG,115,374,16,139,161.0,-46.0
OH,361319,SELBY GENERAL HOSPITAL,115,367,16,139,161.0,-46.0
OH,360058,MERCER COUNTY JOINT TOWNSHIP COMMUNITY HOSPITAL,116,372,19,139,161.0,-45.0
OH,360132,FORT HAMILTON HUGHES MEMORIAL HOSPITAL,118,378,20,139,161.0,-43.0
OH,361332,HIGHLAND DISTRICT HOSPITAL,119,511,21,139,161.0,-42.0
OH,360270,MERCY HEALTH - DEFIANCE HOSPITAL,122,353,22,139,161.0,-39.0
OH,360121,COMMUNITY HOSPITALS AND WELLNESS CENTERS,123,635,23,139,161.0,-38.0
OH,361322,BLUFFTON HOSPITAL,126,374,24,139,161.0,-35.0
OH,360107,BELLEVUE HOSPITAL,127,389,25,139,161.0,-34.0
OH,360065,FISHER-TITUS HOSPITAL,127,387,25,139,161.0,-34.0
OH,360189,MADISON HEALTH,127,381,25,139,161.0,-34.0
OH,360089,MERCY HEALTH - TIFFIN HOSPITAL,127,355,25,139,161.0,-34.0
OH,360118,OHIOHEALTH MANSFIELD HOSPITAL,127,386,25,139,161.0,-34.0
OH,361331,ADENA FAYETTE MEDICAL CENTER,128,315,30,139,161.0,-33.0
OH,360259,BAY PARK COMMUNITY HOSPITAL,128,385,30,139,161.0,-33.0
OH,361303,LODI COMMUNITY HOSPITAL,128,456,30,139,161.0,-33.0
OH,360156,MEMORIAL HOSPITAL,129,368,33,139,161.0,-32.0
OH,361325,GALION COMMUNITY HOSPITAL,130,379,34,139,161.0,-31.0
OH,360368,KETTERING HEALTH TROY,130,357,34,139,161.0,-31.0
OH,360360,SOIN MEDICAL CENTER,130,368,34,139,161.0,-31.0
OH,361335,WAYNE HOSPITAL,130,508,34,139,161.0,-31.0
OH,360374,MERCY HEALTH KINGS MILLS HOSPITAL LLC,131,350,38,139,161.0,-30.0
OH,360046,MCCULLOUGH-HYDE MEMORIAL HOSPITAL,132,348,39,139,161.0,-29.0
OH,361308,UNIVERSITY HOSPITALS CONNEAUT MEDICAL CENTER,132,351,39,139,161.0,-29.0
OH,361329,WYANDOT MEMORIAL HOSPITAL,132,376,39,139,161.0,-29.0
OH,360080,EAST OHIO REGIONAL HOSPITAL,134,192,42,139,161.0,-27.0
OH,360133,KETTERING HEALTH DAYTON,135,371,43,139,161.0,-26.0
OH,360367,LAKE HEALTH BEACHWOOD MEDICAL CENTER,136,65,44,139,161.0,-25.0
OH,360234,MERCY HEALTH - WEST HOSPITAL,136,374,44,139,161.0,-25.0
OH,361333,FULTON COUNTY HEALTH CENTER,137,1326,46,139,161.0,-24.0
OH,360365,AVITA ONTARIO,138,372,47,139,161.0,-23.0
OH,360096,EAST LIVERPOOL CITY HOSPITAL,138,402,47,139,161.0,-23.0
OH,360016,THE JEWISH HOSPITAL-MERCY HEALTH,138,380,47,139,161.0,-23.0
OH,360086,SPRINGFIELD REGIONAL MEDICAL CENTER,139,368,50,139,161.0,-22.0
OH,360002,UNIVERSITY HOSPITALS SAMARITAN MEDICAL CENTER,139,359,50,139,161.0,-22.0
OH,361320,HOLZER MEDICAL CENTER JACKSON,142,321,52,139,161.0,-19.0
OH,360236,MERCY HEALTH - CLERMONT HOSPITAL,142,357,52,139,161.0,-19.0
OH,360079,KETTERING HEALTH MAIN CAMPUS,144,375,54,139,161.0,-17.0
OH,360035,MOUNT CARMEL EAST & WEST,145,687,55,139,161.0,-16.0
OH,360054,HOLZER MEDICAL CENTER,147,345,56,139,161.0,-14.0
OH,361314,MAGRUDER HOSPITAL,148,360,57,139,161.0,-13.0
OH,360147,MARIETTA MEMORIAL HOSPITAL,148,330,57,139,161.0,-13.0
OH,360071,VAN WERT COUNTY HOSPITAL,148,386,57,139,161.0,-13.0
OH,360109,COSHOCTON REGIONAL MEDICAL CENTER,149,377,60,139,161.0,-12.0
OH,360032,GRAND LAKE HEALTH SYSTEM,149,389,60,139,161.0,-12.0
OH,360087,LUTHERAN HOSPITAL,150,340,62,139,161.0,-11.0
OH,360179,BETHESDA NORTH,151,365,63,139,161.0,-10.0
OH,360072,FAIRFIELD MEDICAL CENTER,151,373,63,139,161.0,-10.0
OH,360361,KINGS DAUGHTERS MEDICAL CENTER OHIO,151,312,63,139,161.0,-10.0
OH,360013,WILSON MEMORIAL HOSPITAL,151,467,63,139,161.0,-10.0
OH,360112,MERCY ST VINCENT MEDICAL CENTER,152,1508,67,139,161.0,-9.0
OH,360059,METROHEALTH SYSTEM,152,363,67,139,161.0,-9.0
OH,360009,LIMA MEMORIAL HEALTH SYSTEM,153,391,69,139,161.0,-8.0
OH,360172,MERCY REGIONAL MEDICAL CENTER,153,376,69,139,161.0,-8.0
OH,360001,MERCY HEALTH-ANDERSON HOSPITAL,156,381,71,139,161.0,-5.0
OH,360134,GOOD SAMARITAN HOSPITAL,157,362,72,139,161.0,-4.0
OH,360210,GRADY MEMORIAL HOSPITAL,157,397,72,139,161.0,-4.0
OH,360092,MEMORIAL HOSPITAL,157,363,72,139,161.0,-4.0
OH,360082,EUCLID HOSPITAL,158,364,75,139,161.0,-3.0
OH,360017,GRANT MEDICAL CENTER,158,377,75,139,161.0,-3.0
OH,360174,UPPER VALLEY MEDICAL CENTER,158,360,75,139,161.0,-3.0
OH,360076,ATRIUM MEDICAL CENTER,160,379,78,139,161.0,-1.0
OH,360175,CLINTON MEMORIAL HOSPITAL,160,361,78,139,161.0,-1.0
OH,360150,SUMMA WESTERN RESERVE HOSPITAL,160,16601,78,139,161.0,-1.0
OH,360051,MIAMI VALLEY HOSPITAL,161,386,81,139,161.0,-0.0
OH,360029,WOOD COUNTY HOSPITAL,161,374,81,139,161.0,-0.0
OH,360163,CHRIST HOSPITAL,163,380,83,139,161.0,2.0
OH,360056,MERCY HEALTH - FAIRFIELD HOSPITAL,164,364,84,139,161.0,3.0
OH,360098,LAKE HEALTH,165,763,85,139,161.0,4.0
OH,360066,MERCY HEALTH ST RITAS MEDICAL CENTER,166,381,86,139,161.0,5.0
OH,360131,ALLIANCE COMMUNITY HOSPITAL,167,382,87,139,161.0,6.0
OH,360027,AKRON GENERAL MEDICAL CENTER,169,350,88,139,161.0,8.0
OH,360197,MARY RUTAN HOSPITAL,170,358,89,139,161.0,9.0
OH,360036,WOOSTER COMMUNITY HOSPITAL,170,342,89,139,161.0,9.0
OH,360144,SOUTH POINTE HOSPITAL,173,369,91,139,161.0,12.0
OH,360152,DOCTORS HOSPITAL,174,389,92,139,161.0,13.0
OH,360025,FIRELANDS REGIONAL MEDICAL CENTER,174,373,92,139,161.0,13.0
OH,360012,MOUNT CARMEL ST ANN'S,175,372,94,139,161.0,14.0
OH,360203,SOUTHEASTERN OHIO REGIONAL MEDICAL CENTER,178,467,95,139,161.0,17.0
OH,360068,PROMEDICA TOLEDO HOSPITAL,179,390,96,139,161.0,18.0
OH,360095,BLANCHARD VALLEY HOSPITAL,180,412,97,139,161.0,19.0
OH,360091,MEDINA HOSPITAL,180,358,97,139,161.0,19.0
OH,361326,ADAMS COUNTY REGIONAL MEDICAL CENTER,182,427,99,139,161.0,21.0
OH,360148,POMERENE HOSPITAL,182,361,99,139,161.0,21.0
OH,360048,UNIVERSITY OF TOLEDO MEDICAL CENTER,183,383,101,139,161.0,22.0
OH,360145,UNIVERSITY HOSPITALS - ELYRIA MEDICAL CENTER,184,374,102,139,161.0,23.0
OH,360161,MH ST JOSEPH WARREN HOSPITAL,189,376,103,139,161.0,28.0
OH,361307,UHHS MEMORIAL HOSPITAL OF GENEVA,189,344,103,139,161.0,28.0
OH,360218,LICKING MEMORIAL HOSPITAL,190,367,105,139,161.0,29.0
OH,360011,MARION GENERAL HOSPITAL,190,369,105,139,161.0,29.0
OH,360125,ASHTABULA COUNTY MEDICAL CENTER,191,361,107,139,161.0,30.0
OH,360075,UH REGIONAL HOSPITALS,191,355,107,139,161.0,30.0
OH,360143,MARYMOUNT HOSPITAL,193,343,109,139,161.0,32.0
OH,360020,SUMMA HEALTH SYSTEM,194,330,110,139,161.0,33.0
OH,360180,CLEVELAND CLINIC,195,350,111,139,161.0,34.0
OH,360159,ADENA REGIONAL MEDICAL CENTER,196,354,112,139,161.0,35.0
OH,360170,BERGER HOSPITAL,196,382,112,139,161.0,35.0
OH,360155,SOUTHWEST GENERAL HEALTH CENTER,199,378,114,139,161.0,38.0
OH,360064,ST ELIZABETH YOUNGSTOWN HOSPITAL,199,358,114,139,161.0,38.0
OH,360230,HILLCREST HOSPITAL,200,376,116,139,161.0,39.0
OH,360040,KNOX COMMUNITY HOSPITAL,200,622,116,139,161.0,39.0
OH,360010,UNION HOSPITAL,202,355,118,139,161.0,41.0
OH,360039,GENESIS HOSPITAL,203,1464,119,139,161.0,42.0
OH,360084,AULTMAN HOSPITAL,204,367,120,139,161.0,43.0
OH,360014,OHIOHEALTH O'BLENESS HOSPITAL,204,385,120,139,161.0,43.0
OH,360211,TRINITY MEDICAL CTR EAST &TRINITY MEDICAL CTR WEST,205,388,122,139,161.0,44.0
OH,360055,INSIGHT HOSPITAL AND MEDICAL CENTER TRUMBULL,207,161,123,139,161.0,46.0
OH,360008,SOUTHERN OHIO MEDICAL CENTER,218,402,124,139,161.0,57.0
OH,360354,WEST CHESTER HOSPITAL,218,384,124,139,161.0,57.0
OH,360006,RIVERSIDE METHODIST HOSPITAL,222,373,126,139,161.0,61.0
OH,360123,UH ST JOHN MEDICAL CENTER,222,374,126,139,161.0,61.0
OH,360185,SALEM REGIONAL MEDICAL CENTER,223,461,128,139,161.0,62.0
OH,360078,UNIVERSITY HOSPITALS PORTAGE MEDICAL CENTER,223,366,128,139,161.0,62.0
OH,360041,PARMA COMMUNITY GENERAL HOSPITAL,225,371,130,139,161.0,64.0
OH,360348,DUBLIN METHODIST HOSPITAL,226,377,131,139,161.0,65.0
OH,360077,FAIRVIEW HOSPITAL,241,358,132,139,161.0,80.0
OH,360137,UH CLEVELAND MEDICAL CENTER,245,369,133,139,161.0,84.0
OH,360359,UNIVERSITY HOSPITALS AHUJA MEDICAL CENTER,247,368,134,139,161.0,86.0
OH,360364,CLEVELAND CLINIC AVON HOSPITAL,254,368,135,139,161.0,93.0
OH,360070,MERCY MEDICAL CENTER,265,351,136,139,161.0,104.0
OH,360276,HMHP ST ELIZABETH BOARDMAN HEALTH CENTER,272,366,137,139,161.0,111.0
OH,360003,"UNIVERSITY OF CINCINNATI MEDICAL CENTER, LLC",276,328,138,139,161.0,115.0
OH,360085,OHIO STATE UNIVERSITY STATE HEALTH SYSTEM,312,378,139,139,161.0,151.0
OK,370240,INTEGRIS COMMUNITY HOSPITAL - COUNCIL CROSSING,62,365,1,98,122.9,-60.9
OK,370222,MCBRIDE ORTHOPEDIC HOSPITAL,63,397,2,98,122.9,-59.9
OK,371304,MERCY HOSPITAL TISHOMINGO INC,67,371,3,98,122.9,-55.9
OK,371317,MERCY HOSPITAL LOGAN COUNTY,68,360,4,98,122.9,-54.9
OK,371310,"MERCY HOSPITAL HEALDTON, INC.",69,378,5,98,122.9,-53.9
OK,370158,PURCELL MUNICIPAL HOSPITAL,69,350,5,98,122.9,-53.9
OK,371334,CARNEGIE TRI-COUNTY MUNICIPAL HOSPITAL,73,57,7,98,122.9,-49.9
OK,371330,MANGUM REGIONAL MEDICAL CENTER,74,210,8,98,122.9,-48.9
OK,371313,"MERCY HOSPITAL KINGFISHER, INC",75,304,9,98,122.9,-47.9
OK,371326,ALLIANCEHEALTH MADILL,76,387,10,98,122.9,-46.9
OK,371320,CLEVELAND AREA HOSPITAL,79,377,11,98,122.9,-43.9
OK,370246,CARRUS LAKESIDE HOSPITAL,82,1532,12,98,122.9,-40.9
OK,371311,JEFFERSON COUNTY HOSPITAL,82,329,12,98,122.9,-40.9
OK,370203,"COMMUNITY HOSPITAL, LLC",84,366,14,98,122.9,-38.9
OK,371342,MCCURTAIN MEMORIAL HOSPITAL,84,415,14,98,122.9,-38.9
OK,371314,THE PHYSICIANS' HOSPITAL IN ANADARKO,84,239,14,98,122.9,-38.9
OK,370019,GREAT PLAINS REGIONAL MEDICAL CENTER,87,425,17,98,122.9,-35.9
OK,371322,BEAVER COUNTY MEMORIAL HOSPITAL,88,230,18,98,122.9,-34.9
OK,370004,INTEGRIS MIAMI HOSPITAL,88,390,18,98,122.9,-34.9
OK,370015,HILLCREST HOSPITAL PRYOR,89,354,20,98,122.9,-33.9
OK,371309,"PAWHUSKA HOSPITAL, INC",89,84,20,98,122.9,-33.9
OK,371305,ASCENSION ST JOHN NOWATA,91,203,22,98,122.9,-31.9
OK,370183,HILLCREST HOSPITAL HENRYETTA,91,355,22,98,122.9,-31.9
OK,370178,MEMORIAL HOSPITAL,91,267,22,98,122.9,-31.9
OK,371333,CREEK NATION COMMUNITY HOSPITAL,92,401,25,98,122.9,-30.9
OK,370099,HILLCREST HOSPITAL CUSHING,94,347,26,98,122.9,-28.9
OK,371302,"MERCY HOSPITAL WATONGA, INC",94,337,26,98,122.9,-28.9
OK,370106,INTEGRIS SOUTHWEST MEDICAL CENTER,95,384,28,98,122.9,-27.9
OK,371321,HOLDENVILLE GENERAL HOSPITAL,96,310,29,98,122.9,-26.9
OK,371331,DRUMRIGHT REGIONAL HOSPITAL,99,225,30,98,122.9,-23.9
OK,371316,RURAL WELLNESS STROUD HOSPITAL,99,327,30,98,122.9,-23.9
OK,371332,SEILING MUNICIPAL HOSPITAL,100,248,32,98,122.9,-22.9
OK,370078,OKLAHOMA STATE UNIVERSITY MEDICAL CENTER,101,386,33,98,122.9,-21.9
OK,371319,"COAL COUNTY GENERAL HOSPITAL, INC.",102,109,34,98,122.9,-20.9
OK,371329,FAIRVIEW REGIONAL MEDICAL CENTER AUTHORITY,102,228,34,98,122.9,-20.9
OK,370237,"SAINT FRANCIS HOSPITAL VINITA, INC",104,420,36,98,122.9,-18.9
OK,371301,PRAGUE REGIONAL MEMORIAL HOSPITAL,105,168,37,98,122.9,-17.9
OK,371307,CIMARRON MEMORIAL HOSPITAL,107,147,38,98,122.9,-15.9
OK,370245,CLINTON REGIONAL HOSPITAL,108,167,39,98,122.9,-14.9
OK,370002,ALLIANCEHEALTH WOODWARD,110,361,40,98,122.9,-12.9
OK,371338,HARMON MEMORIAL HOSPITAL,110,150,40,98,122.9,-12.9
OK,370166,WAGONER COMMUNITY HOSPITAL,111,387,42,98,122.9,-11.9
OK,370054,GRADY MEMORIAL HOSPITAL,113,467,43,98,122.9,-9.9
OK,370022,JACKSON COUNTY MEMORIAL HOSPITAL AUTHORITY,114,402,44,98,122.9,-8.9
OK,370113,INTEGRIS GROVE HOSPITAL,117,380,45,98,122.9,-5.9
OK,371328,ARBUCKLE MEMORIAL HOSPITAL,118,52,46,98,122.9,-4.9
OK,370056,MEMORIAL HEALTH,120,346,47,98,122.9,-2.9
OK,371337,EASTERN OKLAHOMA MEDICAL CENTER,121,360,48,98,122.9,-1.9
OK,371323,"WEATHERFORD REGIONAL HOSPITAL, INC OF WEATHERFORD",121,183,48,98,122.9,-1.9
OK,371325,CORDELL MEMORIAL HOSPITAL,122,226,50,98,122.9,-0.9
OK,371335,"HASKELL REGIONAL HOSPITAL, INC",123,239,51,98,122.9,0.1
OK,371300,ATOKA COUNTY MEDICAL CENTER,124,262,52,98,122.9,1.1
OK,370089,NORTHEASTERN HEALTH SYSTEM,124,403,52,98,122.9,1.1
OK,370236,INTEGRIS HEALTH EDMOND HOSPITAL,125,397,54,98,122.9,2.1
OK,371336,NEWMAN MEMORIAL HOSPITAL,126,489,55,98,122.9,3.1
OK,370149,SSM HEALTH ST ANTHONY HOSPITAL - SHAWNEE,126,359,55,98,122.9,3.1
OK,370112,SEQUOYAH COUNTY-CITY OF SALLISAW HOSPITAL AUTHORIT,132,377,57,98,122.9,9.1
OK,370026,ST MARY'S REGIONAL MEDICAL CENTER,132,374,57,98,122.9,9.1
OK,370225,"SUMMIT MEDICAL CENTER, LLC",132,72,57,98,122.9,9.1
OK,370037,SSM HEALTH ST ANTHONY HOSPITAL - OKLAHOMA CITY,134,376,60,98,122.9,11.1
OK,371312,ASCENSION ST JOHN SAPULPA,136,290,61,98,122.9,13.1
OK,370016,INTEGRIS HEALTH ENID HOSPITAL,137,393,62,98,122.9,14.1
OK,370020,MERCY HOSPITAL ADA,139,388,63,98,122.9,16.1
OK,370008,NORMAN REGIONAL,139,384,63,98,122.9,16.1
OK,371303,ROGER MILLS MEMORIAL HOSPITAL,139,224,63,98,122.9,16.1
OK,370097,SOUTHWESTERN MEDICAL CENTER,139,388,63,98,122.9,16.1
OK,370039,HILLCREST HOSPITAL CLAREMORE,140,367,67,98,122.9,17.1
OK,371340,MEMORIAL HOSPITAL OF TEXAS COUNTY AUTHORITY,140,176,67,98,122.9,17.1
OK,370047,"MERCY HOSPITAL ARDMORE, INC",140,416,67,98,122.9,17.1
OK,370057,MUSCOGEE (CREEK) NATION MEDICAL CENTER,140,288,67,98,122.9,17.1
OK,371327,OKEENE MUNICIPAL HOSPITAL,140,220,67,98,122.9,17.1
OK,370211,INTEGRIS CANADIAN VALLEY HOSPITAL,141,398,72,98,122.9,18.1
OK,370234,"OKLAHOMA HEART HOSPITAL SOUTH, LLC",141,467,72,98,122.9,18.1
OK,371341,SHARE MEDICAL CENTER,141,175,72,98,122.9,18.1
OK,370006,INTEGRIS HEALTH PONCA CITY,142,398,75,98,122.9,19.1
OK,370028,"INTEGRIS BAPTIST MEDICAL CENTER, INC",143,395,76,98,122.9,20.1
OK,370014,ALLIANCEHEALTH DURANT,144,402,77,98,122.9,21.1
OK,370034,MCALESTER REGIONAL HEALTH CENTER,147,429,78,98,122.9,24.1
OK,370023,"DUNCAN REGIONAL HOSPITAL, INC",148,455,79,98,122.9,25.1
OK,370227,ST JOHN OWASSO,148,292,79,98,122.9,25.1
OK,370083,PUSHMATAHA HOSPITAL,151,341,81,98,122.9,28.1
OK,370100,CHOCTAW MEMORIAL HOSPITAL,152,341,82,98,122.9,29.1
OK,370013,"MERCY HOSPITAL OKLAHOMA CITY, INC",152,470,82,98,122.9,29.1
OK,370215,"OKLAHOMA HEART HOSPITAL, LLC",153,471,84,98,122.9,30.1
OK,370049,STILLWATER MEDICAL CENTER,154,469,85,98,122.9,31.1
OK,370094,SSM HEALTH ST ANTHONY HOSPITAL - MIDWEST,157,383,86,98,122.9,34.1
OK,370228,"BAILEY MEDICAL CENTER, LLC",166,356,87,98,122.9,43.1
OK,370018,ASCENSION ST JOHN JANE PHILLIPS,169,291,88,98,122.9,46.1
OK,370235,ASCENSION ST JOHN BROKEN ARROW,176,302,89,98,122.9,53.1
OK,370218,"SAINT FRANCIS HOSPITAL SOUTH, LLC",178,395,90,98,122.9,55.1
OK,370202,HILLCREST HOSPITAL SOUTH,190,389,91,98,122.9,67.1
OK,370210,"OKLAHOMA SURGICAL HOSPITAL, LLC",192,556,92,98,122.9,69.1
OK,370114,ASCENSION ST JOHN MEDICAL CENTER,195,284,93,98,122.9,72.1
OK,370025,SAINT FRANCIS HOSPITAL MUSKOGEE,198,373,94,98,122.9,75.1
OK,370093,O U MEDICAL CENTER,203,367,95,98,122.9,80.1
OK,370216,TULSA SPINE & SPECIALTY HOSPITAL,208,42,96,98,122.9,85.1
OK,370001,HILLCREST MEDICAL CENTER,232,371,97,98,122.9,109.1
OK,370091,"SAINT FRANCIS HOSPITAL, INC",234,396,98,98,122.9,111.1
OR,381307,HARNEY DISTRICT HOSPITAL,93,396,1,54,159.6,-66.6
OR,381315,ST. ALPHONSUS MEDICAL CENTER - BAKER CITY,94,381,2,54,159.6,-65.6
OR,381304,SOUTHERN COOS HOSPITAL & HEALTH CENTER,99,2792,3,54,159.6,-60.6
OR,381305,BLUE MOUNTAIN HOSPITAL,102,412,4,54,159.6,-57.6
OR,381318,PROVIDENCE HOOD RIVER MEMORIAL HOSPITAL,103,400,5,54,159.6,-56.6
OR,381321,GRANDE RONDE HOSPITAL,105,2894,6,54,159.6,-54.6
OR,381311,LOWER UMPQUA HOSPITAL DISTRICT,105,267,6,54,159.6,-54.6
OR,381322,CURRY GENERAL HOSPITAL,107,640,8,54,159.6,-52.6
OR,381306,WALLOWA MEMORIAL HOSPITAL,108,240,9,54,159.6,-51.6
OR,381308,SALEM HEALTH WEST VALLEY HOSPITAL,110,172,10,54,159.6,-49.6
OR,380056,SANTIAM HOSPITAL & CLINICS,110,390,10,54,159.6,-49.6
OR,381309,LAKE DISTRICT HOSPITAL,117,275,12,54,159.6,-42.6
OR,380052,SAINT ALPHONSUS MEDICAL CENTER ONTARIO,120,371,13,54,159.6,-39.6
OR,381316,PEACE HARBOR MEDICAL CENTER,121,351,14,54,159.6,-38.6
OR,381301,PEACEHEALTH COTTAGE GROVE COMMUNITY MEDICAL CENTER,121,341,14,54,159.6,-38.6
OR,381312,COQUILLE VALLEY HOSPITAL,122,400,16,54,159.6,-37.6
OR,381313,ST CHARLES MEDICAL CENTER PRINEVILLE,123,338,17,54,159.6,-36.6
OR,380001,MID-COLUMBIA MEDICAL CENTER,124,386,18,54,159.6,-35.6
OR,380005,ASANTE ASHLAND COMMUNITY HOSPITAL,126,332,19,54,159.6,-33.6
OR,381324,ST CHARLES MADRAS,131,339,20,54,159.6,-28.6
OR,381320,COLUMBIA MEMORIAL HOSPITAL,132,402,21,54,159.6,-27.6
OR,381310,PIONEER MEMORIAL HOSPITAL,132,176,21,54,159.6,-27.6
OR,380029,LEGACY SILVERTON MEDICAL CENTER,140,389,23,54,159.6,-19.6
OR,381303,PROVIDENCE SEASIDE HOSPITAL,144,355,24,54,159.6,-15.6
OR,381319,ST ANTHONY HOSPITAL,144,377,24,54,159.6,-15.6
OR,381302,SAMARITAN NORTH LINCOLN HOSPITAL,146,361,26,54,159.6,-13.6
OR,380025,LEGACY MOUNT HOOD MEDICAL CENTER,154,387,27,54,159.6,-5.6
OR,381325,GOOD SHEPHERD MEDICAL CENTER,155,370,28,54,159.6,-4.6
OR,380090,BAY AREA HOSPITAL,160,404,29,54,159.6,0.4
OR,380007,LEGACY EMANUEL MEDICAL CENTER,166,376,30,54,159.6,6.4
OR,380020,MCKENZIE-WILLAMETTE MEDICAL CENTER,168,410,31,54,159.6,8.4
OR,380071,WILLAMETTE VALLEY MEDICAL CENTER,171,404,32,54,159.6,11.4
OR,380047,ST CHARLES MEDICAL CENTER - BEND,174,553,33,54,159.6,14.4
OR,380089,LEGACY MERIDIAN PARK MEDICAL CENTER,175,389,34,54,159.6,15.4
OR,380022,SAMARITAN ALBANY GENERAL HOSPITAL,182,348,35,54,159.6,22.4
OR,380027,MERCY MEDICAL CENTER,184,370,36,54,159.6,24.4
OR,380082,PROVIDENCE MILWAUKIE HOSPITAL,185,393,37,54,159.6,25.4
OR,380017,LEGACY GOOD SAMARITAN MEDICAL CENTER,186,364,38,54,159.6,26.4
OR,381314,SAMARITAN PACIFIC COMMUNITY HOSPITAL,190,353,39,54,159.6,30.4
OR,381323,SAMARITAN LEBANON COMMUNITY HOSPITAL,191,350,40,54,159.6,31.4
OR,380037,PROVIDENCE NEWBERG MEDICAL CENTER,192,388,41,54,159.6,32.4
OR,380050,SKY LAKES MEDICAL CENTER,194,365,42,54,159.6,34.4
OR,380021,HILLSBORO MEDICAL CENTER,200,387,43,54,159.6,40.4
OR,380002,ASANTE THREE RIVERS MEDICAL CENTER,204,307,44,54,159.6,44.4
OR,380060,ADVENTIST HEALTH PORTLAND,206,356,45,54,159.6,46.4
OR,380061,PROVIDENCE PORTLAND MEDICAL CENTER,215,380,46,54,159.6,55.4
OR,380014,GOOD SAMARITAN REGIONAL MEDICAL CENTER,222,367,47,54,159.6,62.4
OR,380075,PROVIDENCE MEDFORD MEDICAL CENTER,225,398,48,54,159.6,65.4
OR,380004,PROVIDENCE ST VINCENT MEDICAL CENTER,233,380,49,54,159.6,73.4
OR,380009,OHSU HOSPITAL AND CLINICS,234,374,50,54,159.6,74.4
OR,380018,ASANTE ROGUE REGIONAL MEDICAL CENTER,236,298,51,54,159.6,76.4
OR,380051,SALEM HOSPITAL,243,1663,52,54,159.6,83.4
OR,380038,PROVIDENCE WILLAMETTE FALLS MEDICAL CENTER,245,379,53,54,159.6,85.4
OR,380102,SACRED HEART MEDICAL CENTER - RIVERBEND,250,341,54,54,159.6,90.4
PA,390184,PENN HIGHLANDS CONNELLSVILLE,72,367,1,138,185.6,-113.6
PA,391309,BARNES-KASSON COUNTY HOSPITAL,78,109,2,138,185.6,-107.6
PA,391304,BUCKTAIL MEDICAL CENTER,82,57,3,138,185.6,-103.6
PA,391302,CONEMAUGH MEYERSDALE MEDICAL CENTER,86,334,4,138,185.6,-99.6
PA,390333,"AHN EMERUS WESTMORELAND, LLC",95,372,5,138,185.6,-90.6
PA,391318,UPMC KANE,95,107,5,138,185.6,-90.6
PA,391303,FULTON COUNTY MEDICAL CENTER,101,359,7,138,185.6,-84.6
PA,391307,PENN HIGHLANDS TYRONE,106,393,8,138,185.6,-79.6
PA,390162,ST LUKE'S HOSPITAL - EASTON CAMPUS,108,351,9,138,185.6,-77.6
PA,390337,GEISINGER MEDICAL CENTER MUNCY,113,523,10,138,185.6,-72.6
PA,391317,CONEMAUGH MINERS MEDICAL CENTER,114,170,11,138,185.6,-71.6
PA,390430,LEHIGH VALLEY HOSPITAL - MACUNGIE,117,343,12,138,185.6,-68.6
PA,391301,UPMC MUNCY,118,514,13,138,185.6,-67.6
PA,391300,GEISINGER JERSEY SHORE HOSPITAL,120,372,14,138,185.6,-65.6
PA,390332,GEISINGER ST. LUKE'S  HOSPITAL,120,357,14,138,185.6,-65.6
PA,390198,LECOM MEDICAL CENTER AND BEHAVIORAL HEALTH PAV,120,301,14,138,185.6,-65.6
PA,390150,UPMC GREENE,120,352,14,138,185.6,-65.6
PA,390217,EXCELA HEALTH - FRICK HOSPITAL,124,468,18,138,185.6,-61.6
PA,391306,ENDLESS MOUNTAINS HEALTH SYSTEMS,126,342,19,138,185.6,-59.6
PA,390049,ST LUKES HOSPITAL,127,1068,20,138,185.6,-58.6
PA,390211,SHARON REGIONAL MEDICAL CENTER,129,171,21,138,185.6,-56.6
PA,390037,HERITAGE VALLEY SEWICKLEY,132,386,22,138,185.6,-53.6
PA,391312,PENN HIGHLANDS BROOKVILLE,132,391,22,138,185.6,-53.6
PA,390112,CHAN SOON- SHIONG MEDICAL CENTER AT WINDBER,133,331,24,138,185.6,-52.6
PA,390183,ST LUKE'S MINERS MEMORIAL HOSPITAL,133,355,24,138,185.6,-52.6
PA,391305,TROY COMMUNITY HOSPITAL,133,530,24,138,185.6,-52.6
PA,390199,PUNXSUTAWNEY AREA HOSPITAL,136,483,27,138,185.6,-49.6
PA,391314,TITUSVILLE AREA HOSPITAL,136,376,27,138,185.6,-49.6
PA,390091,UPMC NORTHWEST,139,546,29,138,185.6,-46.6
PA,390117,UPMC BEDFORD MEMORIAL,140,554,30,138,185.6,-45.6
PA,390138,WELLSPAN WAYNESBORO HOSPITAL,140,359,30,138,185.6,-45.6
PA,390056,PENN HIGHLANDS HUNTINGDON,142,402,32,138,185.6,-43.6
PA,390335,ST LUKE'S HOSPITAL - CARBON CAMPUS,142,348,32,138,185.6,-43.6
PA,390062,CONEMAUGH NASON MEDICAL CENTER,145,386,34,138,185.6,-40.6
PA,390065,GETTYSBURG HOSPITAL,146,348,35,138,185.6,-39.6
PA,390045,UPMC WILLIAMSPORT,146,575,35,138,185.6,-39.6
PA,390266,GROVE CITY MEDICAL CENTER,147,447,37,138,185.6,-38.6
PA,391308,LECOM HEALTH CORRY MEMORIAL HOSPITAL,151,345,38,138,185.6,-34.6
PA,391313,UPMC COLE,151,423,38,138,185.6,-34.6
PA,390070,LOWER BUCKS HOSPITAL,154,396,40,138,185.6,-31.6
PA,390160,CANONSBURG GENERAL HOSPITAL,155,471,41,138,185.6,-30.6
PA,390093,CLARION HOSPITAL,158,337,42,138,185.6,-27.6
PA,390068,UPMC LITITZ,160,733,43,138,185.6,-25.6
PA,390006,GEISINGER MEDICAL CENTER,162,721,44,138,185.6,-23.6
PA,390003,GEISINGER-BLOOMSBURG HOSPITAL,163,693,45,138,185.6,-22.6
PA,390173,INDIANA REGIONAL MEDICAL CENTER,163,395,45,138,185.6,-22.6
PA,390116,SUBURBAN COMMUNITY HOSPITAL,163,390,45,138,185.6,-22.6
PA,390178,UPMC HORIZON,163,550,45,138,185.6,-22.6
PA,390086,PENN HIGHLANDS DUBOIS,164,398,49,138,185.6,-21.6
PA,390079,ROBERT PACKER HOSPITAL,166,561,50,138,185.6,-19.6
PA,390330,ST LUKE'S HOSPITAL - MONROE CAMPUS,168,364,51,138,185.6,-17.6
PA,390338,LEHIGH VALLEY HOSPITAL - DICKSON CITY,170,361,52,138,185.6,-15.6
PA,390265,JEFFERSON HOSPITAL,172,467,53,138,185.6,-13.6
PA,390016,UPMC JAMESON,172,548,53,138,185.6,-13.6
PA,390110,CONEMAUGH MEMORIAL MEDICAL CENTER,173,1158,55,138,185.6,-12.6
PA,390030,SCHUYLKILL MEDICAL CENTER - SOUTH JACKSON STREET,174,342,56,138,185.6,-11.6
PA,390151,WELLSPAN CHAMBERSBURG HOSPITAL,177,366,57,138,185.6,-8.6
PA,390127,PHOENIXVILLE HOSPITAL,178,415,58,138,185.6,-7.6
PA,390145,EXCELA HEALTH WESTMORELAND REGIONAL HOSPITAL,180,451,59,138,185.6,-5.6
PA,390048,GEISINGER-LEWISTOWN HOSPITAL,181,724,60,138,185.6,-4.6
PA,390133,LEHIGH VALLEY HOSPITAL,182,1438,61,138,185.6,-3.6
PA,390304,ROXBOROUGH MEMORIAL HOSPITAL,182,418,61,138,185.6,-3.6
PA,390147,PENN HIGHLANDS MON VALLEY,184,632,63,138,185.6,-1.6
PA,390036,HERITAGE VALLEY BEAVER,185,379,64,138,185.6,-0.6
PA,390334,AHN WEXFORD HOSPITAL,186,478,65,138,185.6,0.4
PA,390237,REGIONAL HOSPITAL OF SCRANTON,186,499,65,138,185.6,0.4
PA,390035,ST LUKE'S HOSPITAL - UPPER BUCKS CAMPUS,187,348,67,138,185.6,1.4
PA,391316,UPMC WELLSBORO,187,509,67,138,185.6,1.4
PA,390219,EXCELA HEALTH LATROBE HOSPITAL,188,436,69,138,185.6,2.4
PA,390268,MOUNT NITTANY MEDICAL CENTER,188,406,69,138,185.6,2.4
PA,390041,UNIONTOWN HOSPITAL,189,369,71,138,185.6,3.4
PA,391315,PENN HIGHLANDS ELK,190,383,72,138,185.6,4.4
PA,390225,WELLSPAN EPHRATA COMMUNITY HOSPITAL,190,342,72,138,185.6,4.4
PA,390063,UPMC HAMOT,191,596,74,138,185.6,5.4
PA,390168,INDEPENDENCE HEALTH SYSTEM BUTLER MEMORIAL HOSPITA,194,334,75,138,185.6,8.4
PA,390185,LEHIGH VALLEY HOSPITAL - HAZLETON,194,354,75,138,185.6,8.4
PA,390228,ST CLAIR HOSPITAL,195,377,77,138,185.6,9.4
PA,390097,HOLY REDEEMER HOSPITAL AND MEDICAL CENTER,197,303,78,138,185.6,11.4
PA,390336,PENN STATE HEALTH HAMPDEN MEDICAL CENTER,197,373,78,138,185.6,11.4
PA,390066,WELLSPAN GOOD SAMARITAN HOSPITAL,197,354,78,138,185.6,11.4
PA,390163,ACMH HOSPITAL,198,386,81,138,185.6,12.4
PA,390107,UPMC PASSAVANT,198,580,81,138,185.6,12.4
PA,390113,MEADVILLE MEDICAL CENTER,199,527,83,138,185.6,13.4
PA,390114,MAGEE WOMENS HOSPITAL OF UPMC HEALTH SYSTEM,200,606,84,138,185.6,14.4
PA,390123,POTTSTOWN HOSPITAL,200,388,84,138,185.6,14.4
PA,390032,ALLEGHENY VALLEY HOSPITAL,201,443,86,138,185.6,15.4
PA,390270,GEISINGER WYOMING VALLEY MEDICAL CENTER,202,700,87,138,185.6,16.4
PA,390073,UPMC ALTOONA,203,555,88,138,185.6,17.4
PA,390090,WEST PENN HOSPITAL,203,475,88,138,185.6,17.4
PA,390001,GEISINGER-COMMUNITY MEDICAL CENTER,204,666,90,138,185.6,18.4
PA,390058,UPMC CARLISLE,204,689,90,138,185.6,18.4
PA,390100,LANCASTER GENERAL HOSPITAL,206,382,92,138,185.6,20.4
PA,390139,BRYN MAWR HOSPITAL,207,366,93,138,185.6,21.4
PA,390137,WILKES-BARRE GENERAL HOSPITAL,208,386,94,138,185.6,22.4
PA,390002,UPMC MCKEESPORT HOSPITAL,209,526,95,138,185.6,23.4
PA,390146,WARREN GENERAL HOSPITAL,210,387,96,138,185.6,24.4
PA,390009,SAINT VINCENT HOSPITAL,212,475,97,138,185.6,26.4
PA,390156,MERCY CATHOLIC MEDICAL CENTER- MERCY FITZGERALD,213,407,98,138,185.6,27.4
PA,390067,UPMC PINNACLE HOSPITALS,213,704,98,138,185.6,27.4
PA,390125,WAYNE MEMORIAL HOSPITAL,214,318,100,138,185.6,28.4
PA,390153,PAOLI HOSPITAL,215,381,101,138,185.6,29.4
PA,390012,JEFFERSON LANSDALE HOSPITAL,216,354,102,138,185.6,30.4
PA,390204,NAZARETH HOSPITAL,216,395,102,138,185.6,30.4
PA,390096,PENN STATE HEALTH ST. JOSEPH,216,381,102,138,185.6,30.4
PA,390039,UPMC SOMERSET,217,431,105,138,185.6,31.4
PA,390057,ST LUKE'S HOSPITAL - GRAND VIEW CAMPUS,218,1302,106,138,185.6,32.4
PA,390233,UPMC HANOVER,218,703,106,138,185.6,32.4
PA,390026,TEMPLE HEALTH - CHESTNUT HILL HOSPITAL,220,355,108,138,185.6,34.4
PA,390028,UPMC MERCY,222,531,109,138,185.6,36.4
PA,390203,DOYLESTOWN HOSPITAL,224,351,110,138,185.6,38.4
PA,390102,UPMC ST MARGARET,226,573,111,138,185.6,40.4
PA,390027,TEMPLE UNIVERSITY HOSPITAL,228,338,112,138,185.6,42.4
PA,390339,PENN STATE HEALTH LANCASTER MEDICAL CENTER,229,383,113,138,185.6,43.4
PA,390258,ST MARY MEDICAL CENTER,229,405,113,138,185.6,43.4
PA,390164,UPMC PRESBYTERIAN SHADYSIDE,229,565,113,138,185.6,43.4
PA,390180,CROZER CHESTER MEDICAL CENTER,238,103,116,138,185.6,52.4
PA,390044,READING HOSPITAL,238,380,116,138,185.6,52.4
PA,390328,UPMC EAST,238,576,116,138,185.6,52.4
PA,390201,LEHIGH VALLEY HOSPITAL - POCONO,239,350,119,138,185.6,53.4
PA,390179,CHESTER COUNTY HOSPITAL,247,960,120,138,185.6,61.4
PA,390004,PENN STATE HEALTH HOLY SPIRIT MEDICAL CENTER,250,645,121,138,185.6,64.4
PA,390267,FORBES HOSPITAL,252,470,122,138,185.6,66.4
PA,390256,MILTON S HERSHEY MEDICAL CENTER,253,591,123,138,185.6,67.4
PA,390174,THOMAS JEFFERSON UNIVERSITY HOSPITAL,253,350,123,138,185.6,67.4
PA,390046,WELLSPAN YORK HOSPITAL,255,343,125,138,185.6,69.4
PA,390013,WELLSPAN EVANGELICAL COMMUNITY HOSPITAL,256,350,126,138,185.6,70.4
PA,390042,"WASHINGTON HOSPITAL, THE",258,387,127,138,185.6,72.4
PA,390231,JEFFERSON ABINGTON HOSPITAL,262,377,128,138,185.6,76.4
PA,390142,JEFFERSON EINSTEIN PHILADELPHIA HOSPITAL,269,454,129,138,185.6,83.4
PA,390101,UPMC MEMORIAL,270,713,130,138,185.6,84.4
PA,390226,PENNSYLVANIA HOSPITAL,272,376,131,138,185.6,86.4
PA,390050,ALLEGHENY GENERAL HOSPITAL,274,453,132,138,185.6,88.4
PA,390111,HOSPITAL OF UNIV OF PENNSYLVANIA,280,875,133,138,185.6,94.4
PA,390222,RIDDLE MEMORIAL HOSPITAL,282,390,134,138,185.6,96.4
PA,390115,JEFFERSON HEALTH- NORTHEAST,290,293,135,138,185.6,104.4
PA,390329,JEFFERSON EINSTEIN MONTGOMERY HOSPITAL,293,357,136,138,185.6,107.4
PA,390195,MAIN LINE HOSPITAL LANKENAU,300,392,137,138,185.6,114.4
PA,390223,PENN PRESBYTERIAN MEDICAL CENTER,316,524,138,138,185.6,130.4
PR,400138,PUERTO RICO WOMEN AND CHILDREN HOSPITAL LLC,86,388,1,7,281.7,-195.7
PR,400022,HOSPITAL DAMAS INC,229,1221,2,7,281.7,-52.7
PR,400032,BAYAMON MEDICAL CENTER,285,1664,3,7,281.7,3.3
PR,400048,HOSPITAL MENONITA GUAYAMA,286,582,4,7,281.7,4.3
PR,400132,DOCTORS CENTER HOSPITAL  CAROLINA LLC,315,201,5,7,281.7,33.3
PR,400137,DOCTORS CENTER HOSPITAL ORLANDO HEALTH DORADO,328,369,6,7,281.7,46.3
PR,400114,MANATI MEDICAL CENTER DR OTERO LOPEZ,443,1883,7,7,281.7,161.3
RI,410013,WESTERLY HOSPITAL,131,350,1,10,220.5,-89.5
RI,410006,NEWPORT HOSPITAL,175,350,2,10,220.5,-45.5
RI,410005,OUR LADY OF FATIMA HOSPITAL,192,403,3,10,220.5,-28.5
RI,410008,SOUTH COUNTY HOSPITAL INC,204,439,4,10,220.5,-16.5
RI,410004,ROGER WILLIAMS MEDICAL CENTER,216,357,5,10,220.5,-4.5
RI,410011,LANDMARK MEDICAL CENTER,229,404,6,10,220.5,8.5
RI,410010,WOMEN & INFANTS HOSPITAL OF RHODE ISLAND,229,2351,6,10,220.5,8.5
RI,410007,RHODE ISLAND HOSPITAL,262,363,8,10,220.5,41.5
RI,410009,KENT COUNTY MEMORIAL HOSPITAL,264,321,9,10,220.5,43.5
RI,410012,THE MIRIAM HOSPITAL,303,375,10,10,220.5,82.5
SC,421304,EDGEFIELD COUNTY HEALTHCARE AN AFFILIATE OF SELF R,83,263,1,52,162.3,-79.3
SC,420087,ROPER HOSPITAL,97,416,2,52,162.3,-65.3
SC,420053,NEWBERRY COUNTY MEMORIAL HOSPITAL,109,472,3,52,162.3,-53.3
SC,420011,CANNON MEMORIAL HOSPITAL,116,387,4,52,162.3,-46.3
SC,421301,ABBEVILLE AREA MEDICAL CENTER,118,383,5,52,162.3,-44.3
SC,420079,TRIDENT MEDICAL CENTER,120,361,6,52,162.3,-42.3
SC,420055,MUSC HEALTH MARION MEDICAL CENTER,123,363,7,52,162.3,-39.3
SC,420030,COLLETON MEDICAL CENTER,124,382,8,52,162.3,-38.3
SC,420101,COASTAL CAROLINA HOSPITAL,126,480,9,52,162.3,-36.3
SC,420107,MCLEOD HEALTH CHERAW,129,342,10,52,162.3,-33.3
SC,420104,MOUNT PLEASANT HOSPITAL,129,405,10,52,162.3,-33.3
SC,420085,GRAND STRAND REGIONAL MEDICAL CENTER,130,364,12,52,162.3,-32.3
SC,420049,CONWAY MEDICAL CENTER,134,416,13,52,162.3,-28.3
SC,420105,MCLEOD LORIS  HOSPITAL,135,353,14,52,162.3,-27.3
SC,420110,ROPER ST FRANCIS HOSPITAL-BERKELEY INC,136,385,15,52,162.3,-26.3
SC,420026,MUSC HEALTH COLUMBIA MEDICAL CENTER DOWNTOWN,138,388,16,52,162.3,-24.3
SC,420010,CAROLINA PINES REGIONAL MEDICAL CENTER,140,402,17,52,162.3,-22.3
SC,420036,MUSC HEALTH LANCASTER MEDICAL CENTER,141,377,18,52,162.3,-21.3
SC,420038,PRISMA HEALTH LAURENS COUNTY HOSPITAL,142,448,19,52,162.3,-20.3
SC,420019,MUSC HEALTH CHESTER MEDICAL CENTER,143,371,20,52,162.3,-19.3
SC,420065,BON SECOURS-ST FRANCIS XAVIER HOSPITAL,144,411,21,52,162.3,-18.3
SC,420089,EAST COOPER MEDICAL CENTER,144,423,21,52,162.3,-18.3
SC,420009,PRISMA HEALTH OCONEE MEMORIAL HOSPITAL,154,470,23,52,162.3,-8.3
SC,420108,UNION MEDICAL CENTER,156,368,24,52,162.3,-6.3
SC,420086,PRISMA HEALTH BAPTIST,159,437,25,52,162.3,-3.3
SC,420023,ST FRANCIS-DOWNTOWN,160,832,26,52,162.3,-2.3
SC,420020,TIDELANDS GEORGETOWN MEMORIAL HOSPITAL,161,403,27,52,162.3,-1.3
SC,420043,CHEROKEE MEDICAL CENTER,162,366,28,52,162.3,-0.3
SC,420106,PRISMA HEALTH BAPTIST PARKRIDGE,165,453,29,52,162.3,2.7
SC,420048,KERSHAWHEALTH,169,434,30,52,162.3,6.7
SC,420005,MCLEOD MEDICAL CENTER - DILLON,171,331,31,52,162.3,8.7
SC,420080,NOVANT HEALTH HILTON HEAD MEDICAL CENTER,172,465,32,52,162.3,9.7
SC,420103,PELHAM MEDICAL CENTER,173,381,33,52,162.3,10.7
SC,420015,PRISMA HEALTH BAPTIST EASLEY HOSPITAL,173,464,33,52,162.3,10.7
SC,420082,AIKEN REGIONAL MEDICAL CENTER,175,373,35,52,162.3,12.7
SC,420037,PRISMA HEALTH HILLCREST HOSPITAL,176,453,36,52,162.3,13.7
SC,420070,PRISMA HEALTH TUOMEY HOSPITAL,177,445,37,52,162.3,14.7
SC,420098,TIDELANDS WACCAMAW COMMUNITY HOSPITAL,178,390,38,52,162.3,15.7
SC,420007,SPARTANBURG MEDICAL CENTER,180,389,39,52,162.3,17.7
SC,420072,HAMPTON REGIONAL MEDICAL CENTER,186,363,40,52,162.3,23.7
SC,420091,MUSC HEALTH FLORENCE MEDICAL CENTER,187,377,41,52,162.3,24.7
SC,420002,PIEDMONT MEDICAL CENTER,188,859,42,52,162.3,25.7
SC,420071,SELF REGIONAL HEALTHCARE,204,380,43,52,162.3,41.7
SC,420004,MUSC MEDICAL CENTER,205,373,44,52,162.3,42.7
SC,420033,PRISMA HEALTH GREER MEMORIAL HOSPITAL,207,455,45,52,162.3,44.7
SC,420067,BEAUFORT COUNTY MEMORIAL HOSPITAL,217,478,46,52,162.3,54.7
SC,420109,MCLEOD HEALTH CLARENDON,220,322,47,52,162.3,57.7
SC,420073,LEXINGTON MEDICAL CENTER,224,375,48,52,162.3,61.7
SC,420018,PRISMA HEALTH RICHLAND HOSPITAL,224,446,48,52,162.3,61.7
SC,420078,PRISMA HEALTH GREENVILLE MEMORIAL HOSPITAL,227,448,50,52,162.3,64.7
SC,420051,MCLEOD REGIONAL MEDICAL CENTER-PEE DEE,230,343,51,52,162.3,67.7
SC,420027,ANMED HEALTH,258,392,52,52,162.3,95.7
SD,431339,COTEAU DES PRAIRIES HEALTH CARE SYSTEM,48,362,1,50,114.9,-66.9
SD,431314,BENNETT COUNTY HOSPITAL AND NURSING HOME - CAH,78,257,2,50,114.9,-36.9
SD,431325,MOBRIDGE REGIONAL HOSPITAL - CAH,84,397,3,50,114.9,-30.9
SD,431329,SANFORD CHAMBERLAIN MEDICAL CENTER,87,265,4,50,114.9,-27.9
SD,431319,HANS P PETERSON MEMORIAL HOSPITAL - CAH,92,200,5,50,114.9,-22.9
SD,431318,BOWDLE HOSPITAL - CAH,98,330,6,50,114.9,-16.9
SD,431316,COMMUNITY MEMORIAL HOSPITAL,99,1144,7,50,114.9,-15.9
SD,431320,MONUMENT HEALTH LEAD-DEADWOOD HOSPITAL,99,250,7,50,114.9,-15.9
SD,430008,BROOKINGS HEALTH SYSTEM,100,447,9,50,114.9,-14.9
SD,431307,SANFORD CLEAR LAKE MEDICAL CENTER,100,238,9,50,114.9,-14.9
SD,431322,FALL RIVER HOSPITAL - CAH,101,340,11,50,114.9,-13.9
SD,431335,HURON REGIONAL MEDICAL CENTER,101,415,11,50,114.9,-13.9
SD,431340,AVERA QUEEN OF PEACE,103,6943,13,50,114.9,-11.9
SD,431300,MADISON REGIONAL HEALTH SYSTEM,104,258,14,50,114.9,-10.9
SD,431331,AVERA DELLS AREA HOSPITAL  - CAH,105,818,15,50,114.9,-9.9
SD,431312,MARSHALL COUNTY HEALTHCARE CENTER - CAH,105,478,15,50,114.9,-9.9
SD,431336,SANFORD VERMILLION MEDICAL CENTER,107,227,17,50,114.9,-7.9
SD,430095,AVERA HEART HOSPITAL OF SOUTH DAKOTA,108,255,18,50,114.9,-6.9
SD,431334,WINNER REGIONAL HEALTHCARE CENTER - CAH,108,354,18,50,114.9,-6.9
SD,431330,AVERA ST BENEDICT HEALTH CENTER - CAH,110,764,20,50,114.9,-4.9
SD,431311,SANFORD HOSPITAL WEBSTER - CAH,111,300,21,50,114.9,-3.9
SD,431310,AVERA FLANDREAU HOSPITAL - CAH,112,1246,22,50,114.9,-2.9
SD,431337,AVERA HAND COUNTY MEMORIAL HOSPITAL AND CLINIC,114,759,23,50,114.9,-0.9
SD,431328,PIONEER MEMORIAL HOSPITAL - CAH,114,258,23,50,114.9,-0.9
SD,431305,DOUGLAS COUNTY MEMORIAL HOSPITAL-CAH,115,268,25,50,114.9,0.1
SD,431383,EAGLE BUTTE INDIAN HEALTH SERVICE HOSPITAL,115,368,25,50,114.9,0.1
SD,430012,AVERA SACRED HEART HOSPITAL,116,8280,27,50,114.9,1.1
SD,431327,ST MICHAEL'S HOSPITAL - CAH,116,862,27,50,114.9,1.1
SD,431315,WAGNER COMMUNITY MEMORIAL HOSPITAL - CAH,116,1994,27,50,114.9,1.1
SD,430016,AVERA MCKENNAN HOSPITAL & UNIVERSITY HEALTH CENTER,117,389,30,50,114.9,2.1
SD,431302,AVERA MISSOURI RIVER HEALTH CENTER,117,522,30,50,114.9,2.1
SD,431301,FAULKTON AREA MEDICAL CENTER,118,283,32,50,114.9,3.1
SD,430005,"PRAIRIE LAKES HEALTHCARE SYSTEM, INC",118,333,32,50,114.9,3.1
SD,431332,AVERA DE SMET MEMORIAL HOSPITAL - CAH,119,767,34,50,114.9,4.1
SD,430014,AVERA ST LUKES,123,386,35,50,114.9,8.1
SD,431333,SANFORD CANTON-INWOOD MEDICAL CENTER - CAH,124,208,36,50,114.9,9.1
SD,431326,MILBANK AREA HOSPITAL/AVERA HEALTH,125,1362,37,50,114.9,10.1
SD,431308,EUREKA COMMUNITY HEALTH SERVICES - CAH,126,274,38,50,114.9,11.1
SD,431313,FREEMAN MEDICAL CENTER - CAH,126,572,38,50,114.9,11.1
SD,431306,PLATTE HEALTH CENTER,128,605,40,50,114.9,13.1
SD,430015,AVERA ST MARY'S HOSPITAL,129,6811,41,50,114.9,14.1
SD,431323,MONUMENT HEALTH CUSTER HOSPITAL,134,268,42,50,114.9,19.1
SD,431321,MONUMENT HEALTH STURGIS HOSPITAL,134,341,42,50,114.9,19.1
SD,430097,SANFORD MEDICAL CENTER ABERDEEN,134,380,42,50,114.9,19.1
SD,431309,COMMUNITY MEMORIAL HOSPITAL,135,288,45,50,114.9,20.1
SD,431324,AVERA WESKOTA MEMORIAL MEDICAL CENTER - CAH,138,290,46,50,114.9,23.1
SD,431338,AVERA GREGORY HOSPITAL,140,1019,47,50,114.9,25.1
SD,430048,MONUMENT HEALTH SPEARFISH HOSPITAL,140,378,47,50,114.9,25.1
SD,430077,MONUMENT HEALTH RAPID CITY HOSPITAL,160,366,49,50,114.9,45.1
SD,430027,SANFORD USD MEDICAL CENTER,196,389,50,50,114.9,81.1
TN,441301,HIGHPOINT HEALTH-TROUSDALE WITH ASCENSION SAINT,80,334,1,90,161.8,-81.8
TN,440200,STONES RIVER HOSPITAL,90,261,2,90,161.8,-71.8
TN,441307,HIGHPOINT HEALTH-RIVERVIEW WITH ASCENSION SAINT TH,95,357,3,90,161.8,-66.8
TN,441306,ERLANGER BLEDSOE HOSPITAL,97,356,4,90,161.8,-64.8
TN,441313,HANCOCK COUNTY HOSPITAL,106,248,5,90,161.8,-55.8
TN,440148,DEKALB COMMUNITY HOSPITAL,107,246,6,90,161.8,-54.8
TN,441305,MACON COMMUNITY HOSPITAL,108,397,7,90,161.8,-53.8
TN,440156,PARKRIDGE MEDICAL CENTER,110,378,8,90,161.8,-51.8
TN,441322,HOUSTON COUNTY COMMUNITY HOSPITAL,111,90,9,90,161.8,-50.8
TN,440032,HAWKINS COUNTY MEMORIAL HOSPITAL,112,355,10,90,161.8,-49.8
TN,440187,LIVINGSTON REGIONAL HOSPITAL,114,361,11,90,161.8,-47.8
TN,440161,TRISTAR CENTENNIAL MEDICAL CENTER,115,415,12,90,161.8,-46.8
TN,441314,LAUDERDALE COMMUNITY HOSPITAL,116,785,13,90,161.8,-45.8
TN,440046,TRISTAR HORIZON MEDICAL CENTER,116,393,13,90,161.8,-45.8
TN,441309,MARSHALL MEDICAL CENTER,117,553,15,90,161.8,-44.8
TN,440016,BAPTIST MEMORIAL HOSPITAL - CARROLL COUNTY,118,385,16,90,161.8,-43.8
TN,440137,VANDERBILT BEDFORD HOSPITAL,123,385,17,90,161.8,-38.8
TN,441303,ASCENSION SAINT THOMAS THREE RIVERS,124,263,18,90,161.8,-37.8
TN,440197,TRISTAR SOUTHERN HILLS MEDICAL CENTER,124,396,18,90,161.8,-37.8
TN,441304,JOHNSON COUNTY COMMUNITY HOSPITAL,126,344,20,90,161.8,-35.8
TN,440102,LINCOLN MEDICAL CENTER,126,365,20,90,161.8,-35.8
TN,440020,SOUTHERN TENNESSEE REGIONAL HEALTH SYSTEM PULASKI,126,433,20,90,161.8,-35.8
TN,440007,UNITY MEDICAL CENTER,126,349,20,90,161.8,-35.8
TN,441316,WEST TENNESSEE HEALTHCARE CAMDEN HOSPITAL,127,382,24,90,161.8,-34.8
TN,441320,WEST TENNESSEE HEALTHCARE BOLIVAR HOSPITAL,128,407,25,90,161.8,-33.8
TN,440238,HAYWOOD COUNTY COMMUNITY HOSPITAL,130,174,26,90,161.8,-31.8
TN,440175,SOUTHERN TENNESSEE REGIONAL HEALTH SYSTEM LAWRENCE,130,365,26,90,161.8,-31.8
TN,440111,METRO NASHVILLE GENERAL HOSPITAL,134,383,28,90,161.8,-27.8
TN,440065,TRISTAR NORTHCREST MEDICAL CENTER,137,397,29,90,161.8,-24.8
TN,440130,BAPTIST MEMORIAL HOSPITAL UNION CITY,139,369,30,90,161.8,-22.8
TN,440057,CLAIBORNE MEDICAL CENTER,142,462,31,90,161.8,-19.8
TN,440058,SOUTHERN TENNESSEE REGIONAL HEALTH SYSTEM WINCHEST,142,401,31,90,161.8,-19.8
TN,440003,HIGHPOINT HEALTH-SUMNER WITH ASCENSION SAINT THOMA,145,407,33,90,161.8,-16.8
TN,440033,LAFOLLETTE MEDICAL CENTER,145,374,33,90,161.8,-16.8
TN,440068,STARR REGIONAL MEDICAL CENTER ATHENS,145,471,33,90,161.8,-16.8
TN,440176,INDIAN PATH COMMUNITY HOSPITAL,147,350,36,90,161.8,-14.8
TN,440131,BAPTIST MEMORIAL HOSPITAL TIPTON,149,689,37,90,161.8,-12.8
TN,440008,HENDERSON COUNTY COMMUNITY HOSPITAL,150,168,38,90,161.8,-11.8
TN,440150,TRISTAR SUMMIT MEDICAL CENTER,150,414,38,90,161.8,-11.8
TN,440183,ST FRANCIS HOSPITAL,153,415,40,90,161.8,-8.8
TN,440109,HARDIN MEDICAL CENTER,154,378,41,90,161.8,-7.8
TN,440018,SYCAMORE SHOALS HOSPITAL,154,344,41,90,161.8,-7.8
TN,441310,RHEA MEDICAL CENTER,156,361,43,90,161.8,-5.8
TN,440194,TRISTAR HENDERSONVILLE MEDICAL CENTER,156,414,43,90,161.8,-5.8
TN,440060,WEST TENNESSEE HEALTHCARE MILAN HOSPITAL,158,434,45,90,161.8,-3.8
TN,440050,GREENEVILLE COMMUNITY HOSPITAL,159,351,46,90,161.8,-2.8
TN,440061,VOLUNTEER COMMUNITY HOSPITAL,162,420,47,90,161.8,0.2
TN,440228,SAINT FRANCIS BARTLETT MEDICAL CENTER,164,422,48,90,161.8,2.2
TN,440056,TENNOVA HEALTHCARE-JEFFERSON MEMORIAL HOSPITAL,165,379,49,90,161.8,3.2
TN,440193,VANDERBILT WILSON COUNTY HOSPITAL,165,373,49,90,161.8,3.2
TN,441323,BIG SOUTH FORK MEDICAL CENTER,168,268,51,90,161.8,6.2
TN,440104,ERLANGER MEDICAL CENTER,169,470,52,90,161.8,7.2
TN,440072,DYERSBURG REGIONAL MEDICAL CENTER,170,418,53,90,161.8,8.2
TN,440110,FORT LOUDOUN MEDICAL CENTER,170,466,53,90,161.8,8.2
TN,440192,SAINT THOMAS HIGHLANDS HOSPITAL,170,265,53,90,161.8,8.2
TN,441300,SAINT THOMAS HICKMAN HOSPITAL,171,235,56,90,161.8,9.2
TN,440006,TRISTAR SKYLINE MEDICAL CENTER,173,401,57,90,161.8,11.2
TN,440144,VANDERBILT TULLAHOMA-HARTON HOSPITAL,173,382,57,90,161.8,11.2
TN,440048,BAPTIST MEMORIAL HOSPITAL,174,625,59,90,161.8,12.2
TN,440031,ROANE MEDICAL CENTER,174,454,59,90,161.8,12.2
TN,440053,SAINT THOMAS RUTHERFORD HOSPITAL,174,278,59,90,161.8,12.2
TN,440184,FRANKLIN WOODS COMMUNITY HOSPITAL,176,363,62,90,161.8,14.2
TN,440035,TENNOVA HEALTHCARE - CLARKSVILLE,178,391,63,90,161.8,16.2
TN,440227,TRISTAR STONECREST MEDICAL CENTER,180,419,64,90,161.8,18.2
TN,440132,WEST TENNESSEE HEALTHCARE HENRY COUNTY HOSPITAL,182,380,65,90,161.8,20.2
TN,440029,WILLIAMSON MEDICAL CENTER,183,362,66,90,161.8,21.2
TN,440034,METHODIST MEDICAL CENTER OF OAK RIDGE,184,450,67,90,161.8,22.2
TN,440153,TENNOVA HEALTHCARE - NEWPORT MEDICAL CENTER,184,378,67,90,161.8,22.2
TN,440151,SAINT THOMAS RIVER PARK HOSPITAL,185,273,69,90,161.8,23.2
TN,440084,SWEETWATER HOSPITAL ASSOCIATION,189,305,70,90,161.8,27.2
TN,440012,WELLMONT BRISTOL REGIONAL MEDICAL CENTER,192,353,71,90,161.8,30.2
TN,440082,ASCENSION SAINT THOMAS HOSPITAL,195,566,72,90,161.8,33.2
TN,440081,LECONTE MEDICAL CENTER,195,459,72,90,161.8,33.2
TN,440120,PHYSICIANS REGIONAL MEDICAL CENTER,198,388,74,90,161.8,36.2
TN,440030,MORRISTOWN HAMBLEN HOSPITAL ASSOCIATION,199,451,75,90,161.8,37.2
TN,440009,CUMBERLAND MEDICAL CENTER,201,441,76,90,161.8,39.2
TN,440011,BLOUNT MEMORIAL HOSPITAL,203,366,77,90,161.8,41.2
TN,440185,AFFILIATE OF VITRUVIAN HEALTH,205,387,78,90,161.8,43.2
TN,440017,WELLMONT HOLSTON VALLEY MEDICAL CENTER,207,346,79,90,161.8,45.2
TN,440063,JOHNSON CITY MEDICAL CENTER,208,345,80,90,161.8,46.2
TN,440073,MAURY REGIONAL HOSPITAL,208,371,80,90,161.8,46.2
TN,440091,"MEMORIAL HEALTHCARE SYSTEM, INC",214,383,82,90,161.8,52.2
TN,440002,JACKSON-MADISON COUNTY GENERAL HOSPITAL,235,453,83,90,161.8,73.2
TN,440049,METHODIST HOSPITALS OF MEMPHIS,237,1631,84,90,161.8,75.2
TN,440125,FORT SANDERS REGIONAL MEDICAL CENTER,242,442,85,90,161.8,80.2
TN,440015,"UNIVERSITY HEALTH SYSTEM, INC",245,385,86,90,161.8,83.2
TN,440059,COOKEVILLE REGIONAL MEDICAL CENTER,249,373,87,90,161.8,87.2
TN,440173,PARKWEST MEDICAL CENTER,259,452,88,90,161.8,97.2
TN,440039,VANDERBILT UNIVERSITY MEDICAL CENTER,277,357,89,90,161.8,115.2
TN,440152,REGIONAL ONE HEALTH,290,868,90,90,161.8,128.2
TX,451342,MITCHELL COUNTY HOSPITAL DISTRICT,47,385,1,328,145.8,-98.8
TX,450874,BAYLOR SURGICAL HOSPITAL AT LAS COLINAS,71,223,2,328,145.8,-74.8
TX,450235,MEMORIAL HOSPITAL,72,411,3,328,145.8,-73.8
TX,451399,SEYMOUR HOSPITAL,72,355,3,328,145.8,-73.8
TX,451332,PALACIOS COMMUNITY MEDICAL CENTER,78,461,5,328,145.8,-67.8
TX,450584,WILBARGER GENERAL HOSPITAL,78,399,5,328,145.8,-67.8
TX,451305,BURLESON ST JOSEPH HEALTH CENTER,80,367,7,328,145.8,-65.8
TX,450659,HCA HOUSTON HEALTHCARE MEDICAL CENTER,80,420,7,328,145.8,-65.8
TX,451386,MEMORIAL HOSPITAL,82,401,9,328,145.8,-63.8
TX,451314,WINKLER COUNTY MEMORIAL HOSPITAL,82,378,9,328,145.8,-63.8
TX,450055,ROLLING PLAINS MEMORIAL HOSPITAL,84,373,11,328,145.8,-61.8
TX,451318,STONEWALL MEMORIAL HOSPITAL DISTRICT,85,365,12,328,145.8,-60.8
TX,450400,PARKVIEW REGIONAL HOSPITAL,86,354,13,328,145.8,-59.8
TX,451371,ASCENSION SETON EDGAR B DAVIS,89,273,14,328,145.8,-56.8
TX,670124,THE HOSPITALS OF PROVIDENCE HORIZON CITY CAMPUS,89,359,14,328,145.8,-56.8
TX,670062,BAYLOR EMERGENCY MEDICAL CENTER AT AUBREY,90,370,16,328,145.8,-55.8
TX,450883,BAYLOR MEDICAL CENTER AT TROPHY CLUB,90,260,16,328,145.8,-55.8
TX,451307,IRAAN GENERAL HOSPITAL,90,133,16,328,145.8,-55.8
TX,450698,LAMB HEALTHCARE CENTER,90,256,16,328,145.8,-55.8
TX,451346,YOAKUM COMMUNITY HOSPITAL,90,337,16,328,145.8,-55.8
TX,451359,OCHILTREE GENERAL HOSPITAL,91,385,21,328,145.8,-54.8
TX,451384,COGDELL MEMORIAL HOSPITAL,92,398,22,328,145.8,-53.8
TX,451354,HAMILTON HOSPITAL,92,234,22,328,145.8,-53.8
TX,670069,METHODIST MCKINNEY HOSPITAL,92,271,22,328,145.8,-53.8
TX,450755,COVENANT HOSPITAL LEVELLAND,93,467,25,328,145.8,-52.8
TX,450194,UT HEALTH EAST TEXAS JACKSONVILLE HOSPITAL,93,391,25,328,145.8,-52.8
TX,451319,CHRISTUS MOTHER FRANCES HOSPITAL- JACKSONVILLE,94,444,27,328,145.8,-51.8
TX,451322,GRIMES ST JOSEPH HEALTH CENTER,94,364,27,328,145.8,-51.8
TX,451340,SHAMROCK GENERAL HOSPITAL,94,368,27,328,145.8,-51.8
TX,450210,UT HEALTH EAST TEXAS CARTHAGE HOSPITAL,94,379,27,328,145.8,-51.8
TX,670107,BAYLOR SCOTT AND WHITE EMERGENCY HOSPITAL,95,371,31,328,145.8,-50.8
TX,451344,HANSFORD COUNTY HOSPITAL,96,273,32,328,145.8,-49.8
TX,451352,HARDEMAN COUNTY MEMORIAL HOSPITAL,97,221,33,328,145.8,-48.8
TX,450155,HEREFORD REGIONAL MEDICAL CENTER,97,345,33,328,145.8,-48.8
TX,451311,SWEENY COMMUNITY HOSPITAL,97,395,33,328,145.8,-48.8
TX,451338,CULBERSON HOSPITAL,100,358,36,328,145.8,-45.8
TX,451328,RICELAND MEDICAL CENTER,100,211,36,328,145.8,-45.8
TX,450422,BAYLOR SCOTT AND WHITE MEDICAL CENTER UPTOWN,101,363,38,328,145.8,-44.8
TX,450253,BELLVILLE MEDICAL CENTER,101,762,38,328,145.8,-44.8
TX,450565,PALO PINTO GENERAL HOSPITAL,101,393,38,328,145.8,-44.8
TX,670109,BAYTOWN MEDICAL CENTER LP,102,65,41,328,145.8,-43.8
TX,451382,COMANCHE COUNTY MEDICAL CENTER,102,348,41,328,145.8,-43.8
TX,451312,RICE MEDICAL CENTER,102,395,41,328,145.8,-43.8
TX,451304,SCHLEICHER COUNTY MEDICAL CENTER,102,376,41,328,145.8,-43.8
TX,451323,ADVENTHEALTH ROLLINS BROOK,103,334,45,328,145.8,-42.8
TX,451335,MUENSTER MEMORIAL HOSPITAL,103,193,45,328,145.8,-42.8
TX,670314,ST MICHAELS MEDICAL HOSPITAL LLC,103,518,45,328,145.8,-42.8
TX,451316,MADISON ST JOSEPH HEALTH CENTER,104,357,48,328,145.8,-41.8
TX,450641,NOCONA GENERAL HOSPITAL,104,275,48,328,145.8,-41.8
TX,451398,PAMPA REGIONAL MEDICAL CENTER,104,196,48,328,145.8,-41.8
TX,450144,PERMIAN REGIONAL MEDICAL CENTER ANDREWS COUNTY HO,104,356,48,328,145.8,-41.8
TX,450711,RIO GRANDE REGIONAL HOSPITAL,104,434,48,328,145.8,-41.8
TX,450102,CHRISTUS MOTHER FRANCES HOSPITAL,105,777,53,328,145.8,-40.8
TX,670131,BAYLOR SCOTT & WHITE MEDICAL CENTER - BUDA,106,386,54,328,145.8,-39.8
TX,451320,BAYSIDE COMMUNITY HOSPITAL,106,371,54,328,145.8,-39.8
TX,450451,GLEN ROSE MEDICAL CENTER,106,364,54,328,145.8,-39.8
TX,450330,OAKBEND MEDICAL CENTER,106,353,54,328,145.8,-39.8
TX,451317,REFUGIO COUNTY MEMORIAL HOSPITAL,106,358,54,328,145.8,-39.8
TX,671302,STEPHENS MEMORIAL HOSPITAL,106,182,54,328,145.8,-39.8
TX,450804,TEXAS ORTHOPEDIC HOSPITAL,106,253,54,328,145.8,-39.8
TX,451313,FISHER COUNTY HOSPITAL DISTRICT,107,367,61,328,145.8,-38.8
TX,450489,MEDICAL ARTS HOSPITAL,107,357,61,328,145.8,-38.8
TX,670049,NORTH CENTRAL SURGICAL CENTER LLP,107,270,61,328,145.8,-38.8
TX,451329,RANKIN HOSPITAL MEDICAL CLINIC,107,284,61,328,145.8,-38.8
TX,450834,"PHYSICIANS CENTRE,THE",108,226,65,328,145.8,-37.8
TX,451350,PLAINS MEMORIAL HOSPITAL,108,255,65,328,145.8,-37.8
TX,451375,LIBERTY DAYTON REGIONAL MEDICAL CENTER,109,393,67,328,145.8,-36.8
TX,451303,LIMESTONE MEDICAL CENTER,109,354,67,328,145.8,-36.8
TX,670103,MEDICAL CITY ALLIANCE,109,412,67,328,145.8,-36.8
TX,450119,SOUTH TEXAS HEALTH SYSTEM,109,396,67,328,145.8,-36.8
TX,451343,ELECTRA MEMORIAL HOSPITAL,110,232,71,328,145.8,-35.8
TX,451372,MULESHOE AREA MEDICAL CENTER,110,360,71,328,145.8,-35.8
TX,450399,BROWNFIELD REGIONAL MEDICAL CENTER,111,353,73,328,145.8,-34.8
TX,450853,BAYLOR SCOTT & WHITE MEDICAL CENTER - FRISCO,112,378,74,328,145.8,-33.8
TX,670326,BRUSHY CREEK FAMILY HOSPITAL LLC,112,2787,74,328,145.8,-33.8
TX,670285,ELITE HOSPITAL KINGWOOD,112,376,74,328,145.8,-33.8
TX,451392,HAMILTON GENERAL HOSPITAL,112,623,74,328,145.8,-33.8
TX,450644,HCA HOUSTON HEALTHCARE WEST,112,403,74,328,145.8,-33.8
TX,450888,TEXAS HEALTH HARRIS METHODIST HOSPITAL SOUTHLAKE,112,236,74,328,145.8,-33.8
TX,450658,FREESTONE MEDICAL CENTER,113,352,80,328,145.8,-32.8
TX,670078,BAPTIST NEIGHBORHOOD HOSPITAL THOUSAND OAKS,114,452,81,328,145.8,-31.8
TX,451341,HASKELL MEMORIAL HOSPITAL,114,375,81,328,145.8,-31.8
TX,451396,MID COAST MEDICAL CENTER - CENTRAL,114,284,81,328,145.8,-31.8
TX,451361,SABINE COUNTY HOSPITAL,114,385,81,328,145.8,-31.8
TX,451355,COLLINGSWORTH GENERAL HOSPITAL,115,350,85,328,145.8,-30.8
TX,451325,CONCHO COUNTY HOSPITAL,115,159,85,328,145.8,-30.8
TX,450672,MEDICAL CITY FORT WORTH,115,420,85,328,145.8,-30.8
TX,450165,METHODIST HOSPITAL ATASCOSA,115,379,85,328,145.8,-30.8
TX,450653,SCENIC MOUNTAIN MEDICAL CENTER,115,343,85,328,145.8,-30.8
TX,450880,BAYLOR SCOTT AND WHITE SURGICAL HOSPITAL FORTWORTH,116,254,90,328,145.8,-29.8
TX,450617,HCA HOUSTON HEALTHCARE CLEAR LAKE,116,425,90,328,145.8,-29.8
TX,451333,MARTIN COUNTY HOSPITAL DISTRICT,116,406,90,328,145.8,-29.8
TX,450324,TEXOMA MEDICAL CENTER,116,386,90,328,145.8,-29.8
TX,670136,BAYLOR SCOTT & WHITE MEDICAL CENTER- AUSTIN,117,381,94,328,145.8,-28.8
TX,670067,BAYLOR SCOTT AND WHITE ORTHOPEDIC AND SPINE HOSPI,117,261,94,328,145.8,-28.8
TX,450108,CONNALLY MEMORIAL MEDICAL CENTER,117,385,94,328,145.8,-28.8
TX,450825,CORNERSTONE REGIONAL HOSPITAL,117,58,94,328,145.8,-28.8
TX,450694,EL CAMPO MEMORIAL HOSPITAL,117,805,94,328,145.8,-28.8
TX,450670,HCA HOUSTON HEALTHCARE TOMBALL,117,429,94,328,145.8,-28.8
TX,451353,CRANE COUNTY HOSPITAL DISTRICT,118,269,100,328,145.8,-27.8
TX,670331,MID COAST MEDICAL CENTER-TRINITY,118,166,100,328,145.8,-27.8
TX,450369,CHILDRESS REGIONAL MEDICAL CENTER,119,389,102,328,145.8,-26.8
TX,451393,CROCKETT MEDICAL CENTER,119,815,102,328,145.8,-26.8
TX,670076,BAYLOR SCOTT AND WHITE SURGICAL HOSPITAL AT SHERMA,120,237,104,328,145.8,-25.8
TX,450775,HCA HOUSTON HEALTHCARE KINGWOOD,120,459,104,328,145.8,-25.8
TX,670073,METHODIST HOSPITAL FOR SURGERY,120,272,104,328,145.8,-25.8
TX,450893,THE HEART HOSPITAL BAYLOR DENTON,120,254,104,328,145.8,-25.8
TX,451365,ASCENSION SETON HIGHLAND LAKES,121,261,108,328,145.8,-24.8
TX,671301,HEMPHILL COUNTY HOSPITAL,121,1465,108,328,145.8,-24.8
TX,450827,KELL WEST REGIONAL HOSPITAL,121,946,108,328,145.8,-24.8
TX,451376,LAVACA MEDICAL CENTER,121,106,108,328,145.8,-24.8
TX,451330,MEDINA REGIONAL HOSPITAL,121,319,108,328,145.8,-24.8
TX,450090,NORTH TEXAS MEDICAL CENTER,121,361,108,328,145.8,-24.8
TX,451349,SWISHER MEMORIAL HOSPITAL,121,318,108,328,145.8,-24.8
TX,670106,HCA HOUSTON HEALTHCARE PEARLAND,122,386,115,328,145.8,-23.8
TX,450465,MATAGORDA REGIONAL MEDICAL CENTER,122,360,115,328,145.8,-23.8
TX,450669,MEDICAL CITY LEWISVILLE,122,434,115,328,145.8,-23.8
TX,450087,MEDICAL CITY NORTH HILLS,122,414,115,328,145.8,-23.8
TX,450643,DOCTORS HOSPITAL OF LAREDO,123,392,119,328,145.8,-22.8
TX,450097,HCA HOUSTON HEALTHCARE SOUTHEAST,123,343,119,328,145.8,-22.8
TX,451378,BIG BEND REGIONAL MEDICAL CENTER,124,368,121,328,145.8,-21.8
TX,450107,LAS PALMAS MEDICAL CENTER A CAMPUS OF LPDS HEALTHC,124,442,121,328,145.8,-21.8
TX,451324,LILLIAN M HUDSPETH MEMORIAL HOSPITAL,124,349,121,328,145.8,-21.8
TX,450833,ENNIS REGIONAL MEDICAL CENTER,125,391,124,328,145.8,-20.8
TX,450241,FAITH COMMUNITY HOSPITAL,125,489,124,328,145.8,-20.8
TX,451391,FRIO REGIONAL HOSPITAL,125,294,124,328,145.8,-20.8
TX,451363,JACKSON HEALTHCARE CENTER,125,3617,124,328,145.8,-20.8
TX,451300,PARMER COUNTY COMMUNITY HOSPITAL,125,348,124,328,145.8,-20.8
TX,451373,WARD MEMORIAL HOSPITAL,125,3138,124,328,145.8,-20.8
TX,450675,MEDICAL CITY ARLINGTON,126,435,130,328,145.8,-19.8
TX,670059,CHI ST LUKES LAKESIDE HOSPITAL,127,311,131,328,145.8,-18.8
TX,450351,TEXAS HEALTH HARRIS METHODIST HOSPITAL STEPHENVILL,127,397,131,328,145.8,-18.8
TX,450596,LAKE GRANBURY MEDICAL CENTER,128,387,133,328,145.8,-17.8
TX,450196,PARIS REGIONAL MEDICAL CENTER,128,360,133,328,145.8,-17.8
TX,450147,DE TAR HOSPITAL NAVARRO,129,408,135,328,145.8,-16.8
TX,670320,EAST HOUSTON MEDICAL CENTER,129,189,135,328,145.8,-16.8
TX,451351,LYNN COUNTY HOSPITAL DISTRICT,129,172,135,328,145.8,-16.8
TX,450634,MEDICAL CITY DENTON,129,425,135,328,145.8,-16.8
TX,450229,HENDRICK MEDICAL CENTER,130,399,139,328,145.8,-15.8
TX,450460,TYLER COUNTY HOSPITAL,130,294,139,328,145.8,-15.8
TX,450475,UT HEALTH EAST TEXAS HENDERSON HOSPITAL,130,374,139,328,145.8,-15.8
TX,450702,LONGVIEW REGIONAL MEDICAL CENTER,131,409,142,328,145.8,-14.8
TX,450203,MEDICAL CITY WEATHERFORD,131,395,142,328,145.8,-14.8
TX,451380,UT HEALTH EAST TEXAS QUITMAN HOSPITAL,131,350,142,328,145.8,-14.8
TX,450032,CHRISTUS GOOD SHEPHERD MEDICAL CENTER,132,360,145,328,145.8,-13.8
TX,450788,"CORPUS CHRISTI MEDICAL CENTER,THE",132,442,145,328,145.8,-13.8
TX,451379,CORYELL MEMORIAL HOSPITAL,132,405,145,328,145.8,-13.8
TX,450856,SOUTH TEXAS SPINE AND SURGICAL HOSPITAL,132,97,145,328,145.8,-13.8
TX,450379,DALLAS MEDICAL CENTER,133,417,149,328,145.8,-12.8
TX,671300,GRAHAM REGIONAL MEDICAL CENTER,133,299,149,328,145.8,-12.8
TX,451394,KNOX COUNTY HOSPITAL,133,93,149,328,145.8,-12.8
TX,450865,ASCENSION SETON  SOUTHWEST,134,266,152,328,145.8,-11.8
TX,670043,ASCENSION SETON CEDAR PARK,134,386,152,328,145.8,-11.8
TX,450395,CHI ST LUKES HEALTH MEMORIAL LIVINGSTON,134,362,152,328,145.8,-11.8
TX,451347,COLEMAN COUNTY MEDICAL CENTER COMPANY,134,380,152,328,145.8,-11.8
TX,450388,METHODIST HOSPITAL,134,368,152,328,145.8,-11.8
TX,450747,PALESTINE REGIONAL MEDICAL CENTER,134,453,152,328,145.8,-11.8
TX,451310,BALLINGER MEMORIAL HOSPITAL,135,374,158,328,145.8,-10.8
TX,450209,NORTHWEST TEXAS HOSPITAL,135,393,158,328,145.8,-10.8
TX,450419,TEXAS HEALTH HARRIS METHODIST HOSPITAL AZLE,135,393,158,328,145.8,-10.8
TX,670132,METHODIST SOUTHLAKE MEDICAL CENTER,136,351,161,328,145.8,-9.8
TX,451367,UT HEALTH EAST TEXAS PITTSBURG HOSPITAL,136,385,161,328,145.8,-9.8
TX,670128,BAYLOR SCOTT & WHITE MEDICAL CENTER PFLUGERVILLE,137,381,163,328,145.8,-8.8
TX,450272,CHRISTUS SANTA ROSA HOSPITAL-SAN MARCOS,137,405,163,328,145.8,-8.8
TX,450822,MEDICAL CITY LAS COLINAS,137,403,163,328,145.8,-8.8
TX,451385,GOODALL WITCHER HOSPITAL,138,347,166,328,145.8,-7.8
TX,450651,MEDICAL CITY PLANO,138,401,166,328,145.8,-7.8
TX,450236,CHRISTUS MOTHER FRANCES HOSPITAL SULPHUR SPRINGS,139,581,168,328,145.8,-6.8
TX,450403,MEDICAL CENTER OF MCKINNEY,139,395,168,328,145.8,-6.8
TX,450718,ROUND ROCK MEDICAL CENTER,139,430,168,328,145.8,-6.8
TX,450148,TEXAS HEALTH HARRIS METHODIST HOSPITAL CLEBURNE,139,413,168,328,145.8,-6.8
TX,450638,HCA HOUSTON HEALTHCARE NORTHWEST,140,414,172,328,145.8,-5.8
TX,450647,MEDICAL CITY DALLAS HOSPITAL,140,427,172,328,145.8,-5.8
TX,450840,TEXAS HEALTH PRESBYTERIAN HOSPITAL ALLEN,140,403,172,328,145.8,-5.8
TX,451306,KIMBLE HOSPITAL,141,351,175,328,145.8,-4.8
TX,450128,KNAPP MEDICAL CENTER,141,414,175,328,145.8,-4.8
TX,450152,ADVENTHEALTH CENTRAL TEXAS,142,644,177,328,145.8,-3.8
TX,450742,BAYLOR SCOTT AND WHITE MEDICAL CENTER LAKE POINTE,142,382,177,328,145.8,-3.8
TX,450028,VALLEY BAPTIST MEDICAL CENTER- BROWNSVILLE,142,446,177,328,145.8,-3.8
TX,450082,CHRISTUS SPOHN HOSPITAL BEEVILLE,144,361,180,328,145.8,-1.8
TX,450571,SHANNON MEDICAL CENTER,144,819,180,328,145.8,-1.8
TX,450690,THE UNIVERSITY OF TEXAS HEALTH SCIENCE CENTER AT TYLER,144,338,180,328,145.8,-1.8
TX,450484,WOODLAND HEIGHTS MEDICAL CENTER,144,403,180,328,145.8,-1.8
TX,450864,BAYLOR SCOTT & WHITE TEXAS SPINE & JOINT HOSPITAL,145,423,184,328,145.8,-0.8
TX,670098,RESOLUTE HEALTH HOSPITAL,145,427,184,328,145.8,-0.8
TX,450639,TEXAS HEALTH HARRIS METHODIST HURST-EULESS-BEDFORD,146,421,186,328,145.8,0.2
TX,670031,ST LUKE'S PATIENTS MEDICAL CENTER,147,397,187,328,145.8,1.2
TX,670115,CLEVELAND EMERGENCY HOSPITAL,148,232,188,328,145.8,2.2
TX,451389,PECOS COUNTY MEMORIAL HOSPITAL,148,594,188,328,145.8,2.2
TX,450292,TEXAS HEALTH PRESBYTERIAN HOSPITAL KAUFMAN,148,369,188,328,145.8,2.2
TX,450713,ST DAVID'S SOUTH AUSTIN MEDICAL CENTER,149,415,191,328,145.8,3.2
TX,450872,USMD HOSPITAL AT ARLINGTON L P,149,665,191,328,145.8,3.2
TX,450389,UT HEALTH EAST TEXAS ATHENS HOSPITAL,149,375,191,328,145.8,3.2
TX,450079,BAYLOR SCOTT & WHITE MEDICAL CENTER AT IRVING,150,391,194,328,145.8,4.2
TX,450064,TEXAS HEALTH ARLINGTON MEMORIAL HOSPITAL,150,402,194,328,145.8,4.2
TX,670068,TEXAS HEALTH PRESBYTERIAN HOSPITAL FLOWER MOUND,150,470,194,328,145.8,4.2
TX,450176,MISSION REGIONAL MEDICAL CENTER,151,406,197,328,145.8,5.2
TX,450656,NACOGDOCHES MEDICAL CENTER,151,461,197,328,145.8,5.2
TX,450885,BAYLOR SCOTT &  WHITE MEDICAL CENTER - CENTENNIAL,153,373,199,328,145.8,7.2
TX,450132,MEDICAL CENTER HOSPITAL,153,1479,199,328,145.8,7.2
TX,450661,ODESSA REGIONAL MEDICAL CENTER,153,367,199,328,145.8,7.2
TX,450469,WILSON N JONES REGIONAL MEDICAL CENTER,153,341,199,328,145.8,7.2
TX,450801,CHRISTUS ST MICHAEL HEALTH SYSTEM,154,378,203,328,145.8,8.2
TX,450033,VHS HARLINGEN HOSPITAL COMPANY LLC,154,472,203,328,145.8,8.2
TX,450072,CHI ST LUKE'S HEALTH BRAZOSPORT,155,364,205,328,145.8,9.2
TX,670309,TEXAS HEALTH HOSPITAL MANSFIELD,155,407,205,328,145.8,9.2
TX,450222,HCA HOUSTON HEALTHCARE CONROE,156,431,207,328,145.8,10.2
TX,450709,HOUSTON METHODIST CLEAR LAKE HOSPITAL,156,392,207,328,145.8,10.2
TX,450809,NORTH AUSTIN MEDICAL CENTER,156,428,207,328,145.8,10.2
TX,670267,THE WOODLANDS SPECIALTY HOSPITAL,156,87,207,328,145.8,10.2
TX,670260,TEXAS HEALTH HOSPITAL FRISCO,157,354,211,328,145.8,11.2
TX,450011,CHI ST JOSEPH HEALTH REGIONAL HOSPITAL,158,393,212,328,145.8,12.2
TX,450539,COVENANT HOSPITAL PLAINVIEW,158,364,212,328,145.8,12.2
TX,450604,HILL COUNTRY MEMORIAL HOSPITAL,158,397,212,328,145.8,12.2
TX,450891,TEXAS HEALTH CENTER FOR DIAGNOSTICS & SURGERY PLAN,158,64,212,328,145.8,12.2
TX,450743,TEXAS HEALTH PRESBYTERIAN HOSPITAL DENTON,158,401,212,328,145.8,12.2
TX,450083,UT HEALTH EAST TEXAS TYLER REGIONAL HOSPITAL,158,408,212,328,145.8,12.2
TX,450867,ASCENSION SETON NORTHWEST,159,288,218,328,145.8,13.2
TX,670108,BAYLOR SCOTT & WHITE MEDICAL CENTER - MARBLE FALLS,159,376,218,328,145.8,13.2
TX,670025,BAYLOR SCOTT & WHITE THE HEART HOSPITAL PLANO,159,386,218,328,145.8,13.2
TX,670008,MEMORIAL HERMANN HOUSTON PHYSICIANS HOSPITAL,159,197,218,328,145.8,13.2
TX,450431,ST DAVID'S MEDICAL CENTER,161,431,222,328,145.8,15.2
TX,450573,CHRISTUS JASPER MEMORIAL HOSPITAL,162,340,223,328,145.8,16.2
TX,450040,COVENANT MEDICAL CENTER,163,484,224,328,145.8,17.2
TX,670090,CRESCENT MEDICAL CENTER LANCASTER,163,245,224,328,145.8,17.2
TX,450855,HARLINGEN MEDICAL CENTER,163,393,224,328,145.8,17.2
TX,670300,METHODIST MIDLOTHIAN MEDICAL CENTER,163,369,224,328,145.8,17.2
TX,450007,PETERSON REGIONAL MEDICAL CENTER,163,26113,224,328,145.8,17.2
TX,670047,THE HOSPITALS OF PROVIDENCE - EAST CAMPUS,163,478,224,328,145.8,17.2
TX,451387,UVALDE MEMORIAL HOSPITAL,164,439,230,328,145.8,18.2
TX,670056,ASCENSION  SETON HAYS,165,282,231,328,145.8,19.2
TX,450597,CUERO REGIONAL HOSPITAL,165,342,231,328,145.8,19.2
TX,450462,TEXAS HEALTH PRESBYTERIAN HOSPITAL DALLAS,165,418,231,328,145.8,19.2
TX,450193,Baylor St Lukes Medical Center,166,390,234,328,145.8,20.2
TX,450358,HOUSTON METHODIST HOSPITAL,166,379,234,328,145.8,20.2
TX,450010,UNITED REGIONAL HEALTH CARE SYSTEM,166,394,234,328,145.8,20.2
TX,451390,DIMMIT REGIONAL HOSPITAL,167,353,237,328,145.8,21.2
TX,450688,DALLAS REGIONAL MEDICAL CENTER,168,420,238,328,145.8,22.2
TX,450876,LUBBOCK HEART HOSPITAL LP,168,293,238,328,145.8,22.2
TX,450668,SIERRA MEDICAL CENTER,168,424,238,328,145.8,22.2
TX,670053,ST LUKE'S SUGAR LAND HOSPITAL,168,380,238,328,145.8,22.2
TX,450862,ST LUKE'S THE WOODLANDS HOSPITAL,168,392,238,328,145.8,22.2
TX,450135,TEXAS HEALTH HARRIS METHODIST FORT WORTH,169,409,243,328,145.8,23.2
TX,450002,THE HOSPITALS OF PROVIDENCE - MEMORIAL CAMPUS,169,462,243,328,145.8,23.2
TX,45070F,Darnall AMC (FT Cavazos),170,421,245,328,145.8,24.2
TX,450211,CHI ST LUKES HEALTH MEMORIAL LUFKIN,172,376,246,328,145.8,26.2
TX,670055,METHODIST HOSPITAL  STONE OAK,172,429,246,328,145.8,26.2
TX,670080,SETON MEDICAL CENTER HARKER HEIGHTS,174,381,248,328,145.8,28.2
TX,450771,TEXAS HEALTH PRESBYTERIAN HOSPITAL PLANO,174,410,248,328,145.8,28.2
TX,450674,"WOMANS HOSPITAL OF TEXAS,THE",174,419,248,328,145.8,28.2
TX,450237,CHRISTUS SANTA ROSA MEDICAL CENTER,176,376,251,328,145.8,30.2
TX,450828,CHRISTUS SPOHN HOSPITAL ALICE,176,364,251,328,145.8,30.2
TX,450370,COLUMBUS COMMUNITY HOSPITAL,176,350,251,328,145.8,30.2
TX,450844,HOUSTON METHODIST WILLOWBROOK HOSPITAL,176,392,251,328,145.8,30.2
TX,450029,LAREDO MEDICAL CENTER,176,399,251,328,145.8,30.2
TX,450848,MEMORIAL HERMANN SUGAR LAND HOSPITAL,176,404,251,328,145.8,30.2
TX,450831,SURGERY SPECIALTY HOSPITALS OF AMERICA SE HOUSTON,176,168,251,328,145.8,30.2
TX,450508,NACOGDOCHES MEMORIAL HOSPITAL,178,342,258,328,145.8,32.2
TX,670041,ASCENSION SETON WILLIAMSON,179,291,259,328,145.8,33.2
TX,450092,FORT DUNCAN MEDICAL CENTER,179,390,259,328,145.8,33.2
TX,450662,VALLEY REGIONAL MEDICAL CENTER,179,408,259,328,145.8,33.2
TX,45069F,Brooke Army Medical Center (FT Sam Houston),180,322,262,328,145.8,34.2
TX,450352,HUNT REGIONAL MEDICAL CENTER,180,402,262,328,145.8,34.2
TX,450447,NAVARRO REGIONAL HOSPITAL,180,377,262,328,145.8,34.2
TX,450587,HENDRICK MEDICAL CENTER BROWNWOOD,181,393,265,328,145.8,35.2
TX,450537,METHODIST RICHARDSON MEDICAL CENTER,181,346,265,328,145.8,35.2
TX,450058,BAPTIST MEDICAL CENTER,182,2073,267,328,145.8,36.2
TX,450046,CHRISTUS SPOHN HOSPITAL CORPUS CHRISTI,182,370,267,328,145.8,36.2
TX,450779,TEXAS HEALTH HARRIS METHODIST HOSPITAL SOUTHWEST F,182,424,267,328,145.8,36.2
TX,670044,TEXAS HEALTH PRESBYTERIAN HOSPITAL ROCKWALL,182,432,267,328,145.8,36.2
TX,670120,THE HOSPITALS OF PROVIDENCE TRANSMOUNTAIN CAMPUS,182,476,267,328,145.8,36.2
TX,450104,GUADALUPE REGIONAL MEDICAL CENTER,183,345,272,328,145.8,37.2
TX,670085,TEXAS HEALTH HARRIS METHODIST HOSPITAL ALLIANCE,185,411,273,328,145.8,39.2
TX,450056,ASCENSION SETON MEDICAL CENTER AUSTIN,186,286,274,328,145.8,40.2
TX,450163,CHRISTUS SPOHN HOSPITAL KLEBERG,186,360,274,328,145.8,40.2
TX,450677,TEXAS HEALTH HUGULEY HOSPITAL FORT WORTH SOUTH,186,402,274,328,145.8,40.2
TX,450080,TITUS REGIONAL MEDICAL CENTER,187,344,277,328,145.8,41.2
TX,450563,BAYLOR SCOTT & WHITE MEDICAL CENTER  GRAPEVINE,189,379,278,328,145.8,43.2
TX,450035,ST JOSEPH MEDICAL CENTER,189,299,278,328,145.8,43.2
TX,450347,HUNTSVILLE MEMORIAL HOSPITAL,190,352,280,328,145.8,44.2
TX,450039,JPS HEALTH NETWORK,190,339,280,328,145.8,44.2
TX,450654,STARR COUNTY MEMORIAL HOSPITAL,190,358,280,328,145.8,44.2
TX,450686,UNIVERSITY MEDICAL CENTER,190,387,280,328,145.8,44.2
TX,45068F,William Beaumont AMG (FT Bliss),190,427,280,328,145.8,44.2
TX,450018,UNIVERSITY OF TEXAS MEDICAL BRANCH GALVESTON,191,352,285,328,145.8,45.2
TX,451331,COON MEMORIAL HOSPITAL,192,352,286,328,145.8,46.2
TX,450034,CHRISTUS SOUTHEAST TEXAS- ST ELIZABETH,193,363,287,328,145.8,47.2
TX,450133,MIDLAND MEMORIAL HOSPITAL,193,419,287,328,145.8,47.2
TX,450023,CITIZENS MEDICAL CENTER,194,351,289,328,145.8,48.2
TX,450200,WADLEY REGIONAL MEDICAL CENTER,194,86,289,328,145.8,48.2
TX,450678,WHITE ROCK MEDICAL CENTER,194,333,289,328,145.8,48.2
TX,670034,BAYLOR SCOTT & WHITE MEDICAL CENTER - ROUND ROCK,195,378,292,328,145.8,49.2
TX,670077,HOUSTON METHODIST WEST HOSPITAL,196,388,293,328,145.8,50.2
TX,670333,WESTOVER HILLS BAPTIST HOSPITAL,198,202,294,328,145.8,52.2
TX,450723,METHODIST CHARLTON MEDICAL CENTER,205,363,295,328,145.8,59.2
TX,450518,THE MEDICAL CENTER OF SOUTHEAST TEXAS,205,337,295,328,145.8,59.2
TX,450820,HOUSTON METHODIST SUGARLAND HOSPITAL,206,397,297,328,145.8,60.2
TX,450730,CARROLLTON REGIONAL MEDICAL CENTER,207,503,298,328,145.8,61.2
TX,450154,VAL VERDE REGIONAL MEDICAL CENTER,207,1491,298,328,145.8,61.2
TX,670023,METHODIST MANSFIELD MEDICAL CENTER,208,373,300,328,145.8,62.2
TX,450346,BAPTIST BEAUMONT HOSPITAL,209,1422,301,328,145.8,63.2
TX,450890,BAYLOR SCOTT & WHITE MEDICAL CENTER PLANO,211,382,302,328,145.8,65.2
TX,670088,BAYLOR SCOTT & WHITE MEDICAL CENTER- COLLEGE STATI,211,385,302,328,145.8,65.2
TX,450372,BAYLOR SCOTT & WHITE MEDICAL CENTER- WAXAHACHIE,212,375,304,328,145.8,66.2
TX,670075,ST LUKE'S HOSPITAL AT THE VINTAGE,214,379,305,328,145.8,68.2
TX,450042,ASCENSION PROVIDENCE,216,286,306,328,145.8,70.2
TX,450231,BSA HOSPITAL,217,381,307,328,145.8,71.2
TX,670122,HOUSTON METHODIST THE WOODLANDS HOSPITAL,219,386,308,328,145.8,73.2
TX,450869,DOCTORS HOSPTAL AT RENAISSANCE,220,460,309,328,145.8,74.2
TX,450424,HOUSTON METHODIST BAYTOWN HOSPITAL,220,372,309,328,145.8,74.2
TX,450054,BAYLOR SCOTT & WHITE MEDICAL CENTER - TEMPLE,224,354,311,328,145.8,78.2
TX,670082,BAYLOR SCOTT AND WHITE  MEDICAL CENTER  MCKINNEY,225,358,312,328,145.8,79.2
TX,450684,MEMORIAL HERMANN NORTHEAST HOSPITAL,225,394,312,328,145.8,79.2
TX,450051,METHODIST DALLAS MEDICAL CENTER,225,350,312,328,145.8,79.2
TX,670060,BAYLOR SCOTT AND WHITE MEDICAL CENTER SUNNYVALE,229,431,315,328,145.8,83.2
TX,450184,MEMORIAL HERMANN HOSPITAL SYSTEM,229,424,315,328,145.8,83.2
TX,450137,BAYLOR SCOTT AND WHITE ALL SAINTS MEDICAL CENTER,232,341,317,328,145.8,86.2
TX,450124,DELL SETON  MED CENTER AT THE UNIVERSITY OF TX,233,247,318,328,145.8,87.2
TX,450024,UNIVERSITY MEDICAL CENTER OF EL PASO,242,400,319,328,145.8,96.2
TX,450847,MEMORIAL HERMANN KATY HOSPITAL,246,401,320,328,145.8,100.2
TX,450101,BAYLOR SCOTT & WHITE MEDICAL CENTER HILLCREST,247,375,321,328,145.8,101.2
TX,450068,MEMORIAL HERMANN - TEXAS MEDICAL CENTER,252,460,322,328,145.8,106.2
TX,450610,MEMORIAL HERMANN MEMORIAL CITY HOSPITAL,258,366,323,328,145.8,112.2
TX,450021,BAYLOR UNIVERSITY MEDICAL CENTER,274,340,324,328,145.8,128.2
TX,450015,PARKLAND HEALTH & HOSPITAL SYSTEM,292,351,325,328,145.8,146.2
TX,450044,UT OF TEXAS  SOUTHWESTERN UNIVERSITY HOSPITAL - WILLIAM P. CLEMENTS JR.,314,557,326,328,145.8,168.2
TX,450289,HARRIS HEALTH,360,309,327,328,145.8,214.2
TX,450213,UNIVERSITY HEALTH SYSTEM,374,351,328,328,145.8,228.2
UT,460054,CACHE VALLEY HOSPITAL,86,361,1,44,132.8,-46.8
UT,461305,MILFORD MEMORIAL HOSPITAL,92,295,2,44,132.8,-40.8
UT,460017,BRIGHAM CITY COMMUNITY HOSPITAL,94,382,3,44,132.8,-38.8
UT,461333,INTERMOUNTAIN HEALTH GARFIELD MEMORIAL HOSPITAL,97,359,4,44,132.8,-35.8
UT,460043,OREM COMMUNITY HOSPITAL,98,468,5,44,132.8,-34.8
UT,460041,HOLY CROSS HOSPITAL-DAVIS,102,779,6,44,132.8,-30.8
UT,460060,LONE PEAK HOSPITAL,104,413,7,44,132.8,-28.8
UT,460052,TIMPANOGOS REGIONAL HOSPITAL,104,414,7,44,132.8,-28.8
UT,460005,OGDEN REGIONAL MEDICAL CENTER,107,430,9,44,132.8,-25.8
UT,461301,INTERMOUNTAIN HEALTH FILLMORE COMMUNITY HOSPITAL,108,323,10,44,132.8,-24.8
UT,460047,ST MARK'S HOSPITAL,108,432,10,44,132.8,-24.8
UT,461304,CENTRAL VALLEY MEDICAL CENTER - CAH,110,392,12,44,132.8,-22.8
UT,461309,KANE COUNTY HOSPITAL,110,380,12,44,132.8,-22.8
UT,461335,BEAVER VALLEY HOSPITAL,113,279,14,44,132.8,-19.8
UT,461303,INTERMOUNTAIN HEALTH SANPETE VALLEY HOSPITAL,113,437,14,44,132.8,-19.8
UT,460039,BEAR RIVER VALLEY HOSPITAL,115,447,16,44,132.8,-17.8
UT,460013,MOUNTAIN VIEW HOSPITAL,115,364,16,44,132.8,-17.8
UT,461306,GUNNISON VALLEY HOSPITAL,117,350,18,44,132.8,-15.8
UT,460030,ASHLEY REGIONAL MEDICAL CENTER,120,373,19,44,132.8,-12.8
UT,461308,SAN JUAN HOSPITAL,122,327,20,44,132.8,-10.8
UT,461307,INTERMOUNTAIN HEALTH HEBER VALLEY HOSPITAL,124,442,21,44,132.8,-8.8
UT,461300,INTERMOUNTAIN HEALTH DELTA COMMUNITY HOSPITAL,125,323,22,44,132.8,-7.8
UT,460042,LAKEVIEW HOSPITAL,126,394,23,44,132.8,-6.8
UT,460026,INTERMOUNTAIN HEALTH SEVIER VALLEY HOSPITAL,128,448,24,44,132.8,-4.8
UT,460057,PARK CITY HOSPITAL,130,458,25,44,132.8,-2.8
UT,460011,CASTLEVIEW HOSPITAL,134,373,26,44,132.8,1.3
UT,460023,AMERICAN FORK HOSPITAL,135,467,27,44,132.8,2.3
UT,460019,UINTAH BASIN MEDICAL CENTER,137,641,28,44,132.8,4.3
UT,460015,INTERMOUNTAIN HEALTH LOGAN REGIONAL HOSPITAL,140,464,29,44,132.8,7.3
UT,460021,ST. GEORGE REGIONAL HOSPITAL,143,475,30,44,132.8,10.3
UT,460062,INTERMOUNTAIN HEALTH SPANISH FORK HOSPITAL,144,448,31,44,132.8,11.3
UT,460003,HOLY CROSS HOSPITAL - SALT LAKE,145,318,32,44,132.8,12.3
UT,460014,MOUNTAIN WEST MEDICAL CENTER,150,368,33,44,132.8,17.3
UT,460007,CEDAR CITY HOSPITAL,152,465,34,44,132.8,19.3
UT,460051,HOLY CROSS HOSPITAL-JORDAN VALLEY,160,1124,35,44,132.8,27.3
UT,460061,INTERMOUNTAIN HEALTH LAYTON HOSPITAL,161,464,36,44,132.8,28.3
UT,460058,INTERMOUNTAIN HEALTH RIVERTON HOSPITAL,161,463,36,44,132.8,28.3
UT,460001,INTERMOUNTAIN HEALTH UTAH VALLEY HOSPITAL,162,466,38,44,132.8,29.3
UT,460044,INTERMOUNTAIN HEALTH ALTA VIEW HOSPITAL,170,458,39,44,132.8,37.3
UT,460006,LDS HOSPITAL,174,400,40,44,132.8,41.3
UT,460004,MCKAY-DEE HOSPITAL,182,466,41,44,132.8,49.3
UT,461310,BLUE MOUNTAIN HOSPITAL,183,175,42,44,132.8,50.3
UT,460010,INTERMOUNTAIN MEDICAL CENTER,210,455,43,44,132.8,77.3
UT,460009,UNIVERSITY OF UTAH HOSPITAL AND CLINICS,230,383,44,44,132.8,97.3
VA,490126,LEWISGALE HOSPITAL ALLEGHANY,104,368,1,79,164.9,-60.9
VA,491303,DICKENSON COMMUNITY HOSPITAL,109,325,2,79,164.9,-55.9
VA,490097,BON SECOURS SOUTHERN VIRGINIA MEDICAL CENTER,112,364,3,79,164.9,-52.9
VA,491309,LEE COUNTY COMMUNITY HOSPITAL,112,340,3,79,164.9,-52.9
VA,490094,BON SECOURS RICHMOND COMMUNITY HOSPITAL,116,386,5,79,164.9,-48.9
VA,490141,SPOTSYLVANIA REGIONAL MEDICAL CENTER,116,408,5,79,164.9,-48.9
VA,490002,RUSSELL COUNTY HOSPITAL,117,353,7,79,164.9,-47.9
VA,491307,"PAGE MEMORIAL HOSPITAL, INC",120,408,8,79,164.9,-44.9
VA,490048,LEWISGALE MEDICAL CENTER,121,428,9,79,164.9,-43.9
VA,490145,STONESPRINGS HOSPITAL CENTER,124,397,10,79,164.9,-40.9
VA,490020,JOHN RANDOLPH MEDICAL CENTER,128,407,11,79,164.9,-36.9
VA,490067,BON SECOURS SOUTHSIDE MEDICAL CENTER,130,381,12,79,164.9,-34.9
VA,490110,LEWISGALE HOSPITAL MONTGOMERY,130,412,12,79,164.9,-34.9
VA,490116,LEWISGALE HOSPITAL PULASKI,130,440,12,79,164.9,-34.9
VA,490136,BON SECOURS ST FRANCIS MEDICAL CENTER,132,392,15,79,164.9,-32.9
VA,490114,LONESOME PINE HOSPITAL,132,693,15,79,164.9,-32.9
VA,490057,SENTARA VIRGINIA BEACH GENERAL HOSPITAL,133,2790,17,79,164.9,-31.9
VA,491308,RAPPAHANNOCK GENERAL HOSPITAL,134,389,18,79,164.9,-30.9
VA,490093,SENTARA CAREPLEX HOSPITAL,136,3304,19,79,164.9,-28.9
VA,491305,SHENANDOAH MEMORIAL HOSPITAL,136,436,19,79,164.9,-28.9
VA,491302,CARILION GILES COMMUNITY HOSPITAL,138,347,21,79,164.9,-26.9
VA,490117,CARILION TAZEWELL COMMUNITY HOSPITAL,138,348,21,79,164.9,-26.9
VA,490037,RIVERSIDE SHORE MEMORIAL HOSPITAL,138,359,21,79,164.9,-26.9
VA,490130,RIVERSIDE WALTER REED HOSPITAL,140,352,24,79,164.9,-24.9
VA,490118,HENRICO DOCTORS' HOSPITAL,141,429,25,79,164.9,-23.9
VA,490038,SMYTH COUNTY COMMUNITY HOSPITAL,142,362,26,79,164.9,-22.9
VA,490077,SENTARA MARTHA JEFFERSON HOSPITAL,144,1842,27,79,164.9,-20.9
VA,490143,RIVERSIDE DOCTORS' HOSPITAL OF WILLIAMSBURG,145,344,28,79,164.9,-19.9
VA,490107,RESTON HOSPITAL CENTER,150,420,29,79,164.9,-14.9
VA,490092,BON SECOURS SOUTHAMPTON MEMORIAL HOSPITAL,151,374,30,79,164.9,-13.9
VA,490122,INOVA MOUNT VERNON HOSPITAL,152,377,31,79,164.9,-12.9
VA,490059,BON SECOURS ST MARYS HOSPITAL,154,390,32,79,164.9,-10.9
VA,490127,BUCHANAN GENERAL HOSPITAL,154,340,32,79,164.9,-10.9
VA,49001F,Fort Belvoir Community Hospital,155,426,34,79,164.9,-9.9
VA,490044,SENTARA OBICI HOSPITAL,157,2900,35,79,164.9,-7.9
VA,490112,CJW MEDICAL CENTER,158,431,36,79,164.9,-6.9
VA,490111,WYTHE COUNTY COMMUNITY HOSPITAL,158,402,36,79,164.9,-6.9
VA,490063,INOVA FAIRFAX HOSPITAL,160,377,38,79,164.9,-4.9
VA,490023,FAUQUIER HOSPITAL,163,391,39,79,164.9,-1.9
VA,490019,UVA HEALTH CULPEPER MEDICAL CENTER,163,375,39,79,164.9,-1.9
VA,490033,WARREN MEMORIAL HOSPITAL,163,439,39,79,164.9,-1.9
VA,490066,SENTARA WILLIAMSBURG REGIONAL MEDICAL CENTER,164,2124,42,79,164.9,-0.9
VA,490013,SENTARA HALIFAX REGIONAL HOSPITAL,165,1226,43,79,164.9,0.1
VA,490113,SENTARA NORTHERN VIRGINIA MEDICAL CENTER,165,4960,43,79,164.9,0.1
VA,490119,SENTARA PRINCESS ANNE HOSPITAL,165,2863,43,79,164.9,0.1
VA,490043,INOVA LOUDOUN HOSPITAL,166,391,46,79,164.9,1.1
VA,490017,BON SECOURS MARYVIEW MEDICAL CENTER,167,374,47,79,164.9,2.1
VA,490101,INOVA FAIR OAKS HOSPITAL,168,380,48,79,164.9,3.1
VA,490022,MARY WASHINGTON HOSPITAL,171,381,49,79,164.9,6.1
VA,490040,INOVA ALEXANDRIA HOSPITAL,172,386,50,79,164.9,7.1
VA,490041,MARY IMMACULATE HOSPITAL,173,389,51,79,164.9,8.1
VA,490004,SENTARA RMH MEDICAL CENTER,174,1529,52,79,164.9,9.1
VA,490046,SENTARA LEIGH HOSPITAL,175,3375,53,79,164.9,10.1
VA,490060,CLINCH VALLEY MEDICAL CENTER,176,402,54,79,164.9,11.1
VA,490098,COMMUNITY MEMORIAL HOSPITAL,180,331,55,79,164.9,15.1
VA,490007,SENTARA NORFOLK GENERAL HOSPITAL,180,2863,55,79,164.9,15.1
VA,490140,"STAFFORD HOSPITAL, LLC",181,383,57,79,164.9,16.1
VA,490090,"SOUTHSIDE COMMUNITY HOSPITAL, INC",182,344,58,79,164.9,17.1
VA,490018,AUGUSTA HEALTH,185,358,59,79,164.9,20.1
VA,490053,JOHNSTON MEMORIAL HOSPITAL,186,350,60,79,164.9,21.1
VA,490045,NOVANT PRINCE WILLIAM MEDICAL CENTER,187,394,61,79,164.9,22.1
VA,490120,CHESAPEAKE GENERAL HOSPITAL,188,386,62,79,164.9,23.1
VA,490089,CARILION FRANKLIN MEMORIAL HOSPITAL,191,352,63,79,164.9,26.1
VA,490084,VCU HEALTH TAPPAHANNOCK HOSPITAL,191,345,63,79,164.9,26.1
VA,490069,BON SECOURS MEMORIAL REGIONAL MEDICAL CENTER,197,386,65,79,164.9,32.1
VA,49008F,NMC Portsmouth,198,375,66,79,164.9,33.1
VA,490075,SOVAH HEALTH DANVILLE,200,401,67,79,164.9,35.1
VA,491304,CARILION STONEWALL JACKSON HOSPITAL,203,348,68,79,164.9,38.1
VA,490042,CARILION NEW RIVER VALLEY MEDICAL CENTER,204,357,69,79,164.9,39.1
VA,490115,TWIN COUNTY REGIONAL HOSPITAL,204,382,69,79,164.9,39.1
VA,490088,CENTRA BEDFORD MEMORIAL HOSPITAL,214,344,71,79,164.9,49.1
VA,490144,UVA HEALTH HAYMARKET MEDICAL CENTER,215,421,72,79,164.9,50.1
VA,490005,WINCHESTER MEDICAL CENTER,224,399,73,79,164.9,59.1
VA,490021,CENTRA HEALTH -  LYNCHBURG GEN HOSPITAL,233,356,74,79,164.9,68.1
VA,490032,MEDICAL COLLEGE OF VIRGINIA HOSPITALS,234,371,75,79,164.9,69.1
VA,490052,RIVERSIDE REGIONAL MEDICAL CENTER,238,595,76,79,164.9,73.1
VA,490050,VIRGINIA HOSPITAL CENTER,241,1066,77,79,164.9,76.1
VA,490024,CARILION MEDICAL CENTER,260,359,78,79,164.9,95.1
VA,490009,UNIVERSITY OF VIRGINIA MEDICAL CENTER,275,358,79,79,164.9,110.1
VT,471300,GRACE COTTAGE HOSPITAL,108,174,1,9,175.1,-67.1
VT,471305,COPLEY HOSPITAL,136,177,2,9,175.1,-39.1
VT,470024,NORTHWESTERN MEDICAL CENTER INC,168,381,3,9,175.1,-7.1
VT,470001,CENTRAL VERMONT MEDICAL CENTER,170,394,4,9,175.1,-5.1
VT,471307,PORTER HOSPITAL INC,172,393,5,9,175.1,-3.1
VT,470011,BRATTLEBORO MEMORIAL HOSPITAL,176,380,6,9,175.1,0.9
VT,470005,RUTLAND REGIONAL MEDICAL CENTER,186,416,7,9,175.1,10.9
VT,470012,SOUTHWESTERN VERMONT MEDICAL CENTER,196,365,8,9,175.1,20.9
VT,470003,UNIV. OF VERMONT - FLETCHER ALLEN HEALTH CARE,264,354,9,9,175.1,88.9
WA,501301,GARFIELD COUNTY PUBLIC HOSPITAL DISTRICT #1,82,60,1,74,171.7,-89.7
WA,501307,ODESSA MEMORIAL HEALTHCARE CENTER,93,562,2,74,171.7,-78.7
WA,501302,DAYTON GENERAL HOSPITAL,102,172,3,74,171.7,-69.7
WA,501316,KLICKITAT VALLEY HOSPITAL,102,464,3,74,171.7,-69.7
WA,501340,PEACEHEALTH PEACE ISLAND MEDICAL CENTER,102,348,3,74,171.7,-69.7
WA,501319,ARBOR HEALTH MORTON HOSPITAL,110,398,6,74,171.7,-61.7
WA,501308,COULEE MEDICAL CENTER,114,344,7,74,171.7,-57.7
WA,501334,LAKE CHELAN COMMUNITY HOSPITAL,114,400,7,74,171.7,-57.7
WA,501337,LOURDES MEDICAL CENTER,116,355,9,74,171.7,-55.7
WA,501338,SNOQUALMIE VALLEY HOSPITAL,121,1126,10,74,171.7,-50.7
WA,501330,ASTRIA SUNNYSIDE HOSPITAL,122,414,11,74,171.7,-49.7
WA,501314,OCEAN BEACH HOSPITAL,122,2060,11,74,171.7,-49.7
WA,501321,NORTH VALLEY HOSPITAL,125,371,13,74,171.7,-46.7
WA,501312,PROSSER MEMORIAL HOSPITAL,126,1209,14,74,171.7,-45.7
WA,501309,PROVIDENCE ST JOSEPH HOSPITAL,126,354,14,74,171.7,-45.7
WA,501303,WILLAPA HARBOR HOSPITAL,128,244,16,74,171.7,-43.7
WA,501317,COLUMBIA BASIN HOSPITAL,131,2493,17,74,171.7,-40.7
WA,501333,KITTITAS VALLEY COMMUNITY HOSPITAL,131,392,17,74,171.7,-40.7
WA,500079,MULTICARE GOOD SAMARITAN HOSPITAL,133,1543,19,74,171.7,-38.7
WA,500002,PROVIDENCE ST MARY MEDICAL CENTER,136,357,20,74,171.7,-35.7
WA,501332,TRI-STATE MEMORIAL HOSPITAL,137,393,21,74,171.7,-34.7
WA,501329,PEACEHEALTH UNITED GENERAL MEDICAL CENTER,138,346,22,74,171.7,-33.7
WA,501325,FORKS COMMUNITY HOSPITAL,140,806,23,74,171.7,-31.7
WA,500033,SAMARITAN HOSPITAL,142,14680,24,74,171.7,-29.7
WA,501323,JEFFERSON HEALTHCARE,143,332,25,74,171.7,-28.7
WA,500139,CAPITAL MEDICAL CENTER,145,447,26,74,171.7,-26.7
WA,500152,SWEDISH ISSAQUAH,145,409,26,74,171.7,-26.7
WA,500027,SWEDISH MEDICAL CENTER,147,397,28,74,171.7,-24.7
WA,500037,ASTRIA TOPPENISH HOSPITAL,148,408,29,74,171.7,-23.7
WA,501326,PROVIDENCE MOUNT CARMEL HOSPITAL,149,344,30,74,171.7,-22.7
WA,500016,CONFLUENCE HEALTH HOSPITAL,151,809,31,74,171.7,-20.7
WA,501304,SUMMIT PACIFIC MEDICAL CENTER,154,311,32,74,171.7,-17.7
WA,501327,WHITMAN HOSPITAL AND MEDICAL CENTER,156,1275,33,74,171.7,-15.7
WA,500036,YAKIMA VALLEY MEMORIAL,161,360,34,74,171.7,-10.7
WA,500021,ST CLARE HOSPITAL,163,391,35,74,171.7,-8.7
WA,500060,CASCADE VALLEY HOSPITAL,166,362,36,74,171.7,-5.7
WA,500084,EVERGREENHEALTH MONROE,166,378,36,74,171.7,-5.7
WA,500053,TRIOS HEALTH,168,353,38,74,171.7,-3.7
WA,50005F,Madigan AMC (FT Lewis),173,419,39,74,171.7,1.3
WA,500058,KADLEC REGIONAL MEDICAL CENTER,176,357,40,74,171.7,4.3
WA,500051,OVERLAKE HOSPITAL MEDICAL CENTER,176,359,40,74,171.7,4.3
WA,500154,MULTICARE COVINGTON MEDICAL CENTER,177,386,42,74,171.7,5.3
WA,500044,DEACONESS MEDICAL CENTER,181,378,43,74,171.7,9.3
WA,500025,SWEDISH MEDICAL CENTER / CHERRY HILL,184,393,44,74,171.7,12.3
WA,500026,SWEDISH EDMONDS HOSPITAL,188,411,45,74,171.7,16.3
WA,501335,ST ELIZABETH HOSPITAL,189,374,46,74,171.7,17.3
WA,500003,SKAGIT VALLEY HOSPITAL,190,366,47,74,171.7,18.3
WA,500007,ISLAND HOSPITAL,193,550,48,74,171.7,21.3
WA,500119,MULTICARE VALLEY HOSPITAL,195,385,49,74,171.7,23.3
WA,500124,EVERGREENHEALTH MEDICAL CENTER,197,373,50,74,171.7,25.3
WA,501336,MASON GENERAL HOSPITAL & FAMILY OF CLINICS,198,401,51,74,171.7,26.3
WA,500088,VALLEY MEDICAL CENTER,200,384,52,74,171.7,28.3
WA,501328,MID VALLEY HOSPITAL & CLINIC,202,339,53,74,171.7,30.3
WA,500141,ST FRANCIS COMMUNITY HOSPITAL,204,396,54,74,171.7,32.3
WA,500019,PROVIDENCE CENTRALIA HOSPITAL,205,357,55,74,171.7,33.3
WA,500151,ST ANTHONY HOSPITAL,205,397,55,74,171.7,33.3
WA,500041,PEACEHEALTH ST JOHN MEDICAL CENTER,208,337,57,74,171.7,36.3
WA,500129,TACOMA GENERAL ALLENMORE HOSPITAL,210,737,58,74,171.7,38.3
WA,500030,ST JOSEPH HOSPITAL,211,344,59,74,171.7,39.3
WA,500031,GRAYS HARBOR COMMUNITY HOSPITAL,212,536,60,74,171.7,40.3
WA,500039,HARRISON MEDICAL CENTER,212,384,60,74,171.7,40.3
WA,500108,ST JOSEPH MEDICAL CENTER,212,369,60,74,171.7,40.3
WA,500015,MULTICARE AUBURN MEDICAL CENTER,213,370,63,74,171.7,41.3
WA,500024,PROVIDENCE ST PETER HOSPITAL,214,365,64,74,171.7,42.3
WA,500005,VIRGINIA MASON MEDICAL CENTER,217,357,65,74,171.7,45.3
WA,500077,PROVIDENCE HOLY FAMILY HOSPITAL,219,342,66,74,171.7,47.3
WA,500014,PROVIDENCE REGIONAL MEDICAL CENTER EVERETT,228,385,67,74,171.7,56.3
WA,500054,PROV SACRED HRT MED CTR & CHILDS HOSP.,231,333,68,74,171.7,59.3
WA,500011,HIGHLINE MEDICAL CENTER,238,369,69,74,171.7,66.3
WA,500072,OLYMPIC MEDICAL CENTER,254,390,70,74,171.7,82.3
WA,500008,UNIVERSITY OF WASHINGTON MEDICAL CTR,268,353,71,74,171.7,96.3
WA,500150,LEGACY SALMON CREEK MEDICAL CENTER,272,339,72,74,171.7,100.3
WA,500050,PEACEHEALTH SOUTHWEST MEDICAL CENTER,292,330,73,74,171.7,120.3
WA,500064,HARBORVIEW MEDICAL CENTER,306,590,74,74,171.7,134.3
WI,521319,EDGERTON HOSPITAL AND HEALTH SERVICES,69,505,1,118,135.6,-66.6
WI,521309,GUNDERSEN MOUNDVIEW HOSPITAL AND CLINICS,69,373,1,118,135.6,-66.6
WI,520214,ASCENSION WISCONSIN HOSP MENOMONEE FALLS CAMPUS,75,273,3,118,135.6,-60.6
WI,521305,MAYO CLINIC HLTH SYSTM FRANCISCAN HLTHCARE SPARTA,76,375,4,118,135.6,-59.6
WI,521307,CHIPPEWA VALLEY HOSPITAL,77,231,5,118,135.6,-58.6
WI,521317,ASCENSION CALUMET HOSPITAL,83,269,6,118,135.6,-52.6
WI,521328,MARSHFIELD MEDICAL CENTER - LADYSMITH,83,463,6,118,135.6,-52.6
WI,521326,THEDACARE MEDICAL CENTER - NEW LONDON,83,367,6,118,135.6,-52.6
WI,521356,BELLIN HEALTH OCONTO HOSPITAL,86,340,9,118,135.6,-49.6
WI,521300,ASPIRUS EAGLE RIVER HOSPITAL,87,348,10,118,135.6,-48.6
WI,521341,RICHLAND HOSPITAL,90,433,11,118,135.6,-45.6
WI,521349,RIVER FALLS AREA HOSPITAL,96,375,12,118,135.6,-39.6
WI,521310,HSHS ST CLARE MEMORIAL HOSPITAL,98,327,13,118,135.6,-37.6
WI,521333,BLACK RIVER MEMORIAL HOSPITAL,102,393,14,118,135.6,-33.6
WI,520097,ST MARYS HOSPITAL MEDICAL CTR,102,358,14,118,135.6,-33.6
WI,521312,MEMORIAL HOSPITAL OF LAFAYETTE COUNTY,103,287,16,118,135.6,-32.6
WI,521342,INDIANHEAD MEDICAL CTR,106,213,17,118,135.6,-29.6
WI,521315,MAYO CLINIC HEALTH SYSTEM-NORTHLAND,106,372,17,118,135.6,-29.6
WI,521320,TOMAH MEMORIAL HOSPITAL,106,398,17,118,135.6,-29.6
WI,521354,SOUTHWEST HEALTH CENTER,108,498,20,118,135.6,-27.6
WI,521345,WESTFIELDS HOSPITAL AND CLINIC,108,361,20,118,135.6,-27.6
WI,521325,FLAMBEAU HOSPITAL,109,453,22,118,135.6,-26.6
WI,521332,SPOONER HEALTH SYSTEM,110,366,23,118,135.6,-25.6
WI,521355,THEDACARE MEDICAL CENTER - BERLIN INC,110,365,23,118,135.6,-25.6
WI,521346,THEDACARE MEDICAL CENTER - SHAWANO,110,360,23,118,135.6,-25.6
WI,520116,WATERTOWN MEMORIAL HOSPITAL,110,397,23,118,135.6,-25.6
WI,521347,WESTERN WISCONSIN HEALTH,111,428,27,118,135.6,-24.6
WI,521323,MARSHFIELD MEDICAL CENTER - NEILLSVILLE,112,454,28,118,135.6,-23.6
WI,521352,UPLAND HILLS HEALTH,112,489,28,118,135.6,-23.6
WI,520034,AURORA MEDICAL CTR MANITOWOC COUNTY,113,362,30,118,135.6,-22.6
WI,521308,AMERY HOSPITAL & CLINIC,116,337,31,118,135.6,-19.6
WI,521304,GUNDERSEN ST JOSEPHS HOSPITAL AND CLINICS,116,314,31,118,135.6,-19.6
WI,521334,THEDACARE MEDICAL CENTER-WAUPACA,116,355,31,118,135.6,-19.6
WI,521335,HUDSON HOSPITAL,117,359,34,118,135.6,-18.6
WI,520109,MILE BLUFF MEDICAL CENTER,117,447,34,118,135.6,-18.6
WI,521329,ST MARYS HOSPITAL SUPERIOR,118,328,36,118,135.6,-17.6
WI,520136,ASCENSION SE WISCONSIN HOSPITAL,119,258,37,118,135.6,-16.6
WI,521353,CUMBERLAND MEMORIAL HOSPITAL,120,312,38,118,135.6,-15.6
WI,521344,GUNDERSEN BOSCOBEL AREA HOSPITAL AND CLINICS,120,315,38,118,135.6,-15.6
WI,520057,SSM HEALTH ST CLARE HOSPITAL - BARABOO,120,376,38,118,135.6,-15.6
WI,521313,ASPIRUS TOMAHAWK HOSPITAL,121,248,41,118,135.6,-14.6
WI,520198,AURORA MEDICAL CTR OSHKOSH,122,760,42,118,135.6,-13.6
WI,520100,BELOIT HEALTH SYSTEM,122,380,42,118,135.6,-13.6
WI,520044,ST NICHOLAS HOSPITAL,122,342,42,118,135.6,-13.6
WI,521359,TAMARACK HEALTH ASHLAND MEDICAL CENTER,122,363,42,118,135.6,-13.6
WI,521303,THEDACARE MEDICAL CENTER - WILD ROSE,122,375,42,118,135.6,-13.6
WI,520038,AURORA MEDICAL CTR WASHINGTON COUNTY,124,370,47,118,135.6,-11.6
WI,520213,FROEDTERT COMMUNITY HOSPITAL,124,446,47,118,135.6,-11.6
WI,521316,GUNDERSEN TRI-COUNTY HOSPITAL & CLINICS,124,284,47,118,135.6,-11.6
WI,521339,ASPIRUS MERRILL HOSPITAL,126,334,50,118,135.6,-9.6
WI,521357,MERCY WALWORTH HOSPITAL & MEDICAL CENTER,126,540,50,118,135.6,-9.6
WI,520075,ST VINCENT HOSPITAL,128,362,52,118,135.6,-7.6
WI,521351,REEDSBURG AREA MEDICAL CENTER,130,636,53,118,135.6,-5.6
WI,520113,AURORA MEDICAL CENTER BAY AREA,131,361,54,118,135.6,-4.6
WI,521348,VERNON MEMORIAL HOSPITAL,131,378,54,118,135.6,-4.6
WI,520078,ASCENSION ST FRANCIS HOSPITAL,132,269,56,118,135.6,-3.6
WI,520215,MARSHFIELD MEDICAL CENTER - RIVER REGION,132,408,56,118,135.6,-3.6
WI,520004,MAYO CLINIC HEALTH SYSTEM-FRANCISCAN MEDICAL CENTER INC,132,388,56,118,135.6,-3.6
WI,520193,AURORA BAYCARE MEDICAL CTR,133,377,59,118,135.6,-2.6
WI,521340,MAYO CLINIC HEALTH SYSTEM-RED CEDAR INC,133,355,59,118,135.6,-2.6
WI,521338,COLUMBUS COMMUNITY HOSPITAL,136,481,61,118,135.6,0.4
WI,521350,LANGLADE HOSPITAL,136,359,61,118,135.6,0.4
WI,520062,OCONOMOWOC MEMORIAL HOSPITAL,136,370,61,118,135.6,0.4
WI,521302,MAYO CLINIC HEALTH SYSTEM OAKRIDGE,138,364,64,118,135.6,2.4
WI,520202,MARSHFIELD MEDICAL CENTER - WESTON,139,385,65,118,135.6,3.4
WI,521337,ST CROIX REGIONAL MEDICAL CENTER,139,537,65,118,135.6,3.4
WI,521358,DOOR COUNTY MEDICAL CENTER,140,337,67,118,135.6,4.4
WI,521314,MAYO CLINIC HEALTH SYSTEM CHIPPEWA VALLEY,140,360,67,118,135.6,4.4
WI,520208,SSM HEALTH ST MARY'S HOSPITAL - JANESVILLE,140,371,67,118,135.6,4.4
WI,520045,THEDACARE REGIONAL MED CTR - NEENAH,142,374,70,118,135.6,6.4
WI,520008,WAUKESHA MEMORIAL HOSPITAL,142,378,70,118,135.6,6.4
WI,520107,HOLY FAMILY MEMORIAL,143,361,72,118,135.6,7.4
WI,520206,AURORA MEDICAL CENTER - SUMMIT,144,395,73,118,135.6,8.4
WI,521321,RIPON MEDICAL CENTER,144,346,73,118,135.6,8.4
WI,521327,WAUPUN MEMORIAL HOSPITAL,144,354,73,118,135.6,8.4
WI,520002,"ASPIRUS STEVENS POINT HOSPITAL & CLINICS, INC.",145,366,76,118,135.6,9.4
WI,520028,THE MONROE CLINIC,145,375,76,118,135.6,9.4
WI,520160,THEDACARE REGIONAL MEDICAL CENTER - APPLETON INC,147,393,78,118,135.6,11.4
WI,520096,ASCENSION ALL SAINTS HOSPITAL,148,264,79,118,135.6,12.4
WI,520009,ASCENSION NE WISCONSIN - ST ELIZABETH CAMPUS,148,282,79,118,135.6,12.4
WI,521322,GRANT REGIONAL HEALTH CENTER,148,2707,79,118,135.6,12.4
WI,521336,TAMARACK HEALTH HAYWARD MEDICAL CENTER,148,356,79,118,135.6,12.4
WI,521324,"ASPIRUS MEDFORD HOSPITAL & CLINICS, INC",149,364,83,118,135.6,13.4
WI,520102,AURORA LAKELAND MEDICAL CENTER,150,372,84,118,135.6,14.4
WI,520089,UNITYPOINT HEALTH - MERITER,150,359,84,118,135.6,14.4
WI,520041,ASPIRUS DIVINE SAVIOR HOSPITAL,151,356,86,118,135.6,15.4
WI,520049,BELLIN MEMORIAL HOSPITAL,151,412,86,118,135.6,15.4
WI,521343,STOUGHTON HOSPITAL,152,485,88,118,135.6,16.4
WI,520021,FROEDTERT SOUTH INC.,154,356,89,118,135.6,18.4
WI,520095,SAUK PRAIRIE HOSPITAL,154,399,89,118,135.6,18.4
WI,520030,ASPIRUS WAUSAU HOSPITAL,156,376,91,118,135.6,20.4
WI,520088,SSM HEALTH ST AGNES HOSPITAL-FOND DU LAC,157,373,92,118,135.6,21.4
WI,521311,ASPIRUS STANLEY HOSPITAL,158,236,93,118,135.6,22.4
WI,520019,ASPIRUS RHINELANDER HOSPITAL,161,360,94,118,135.6,25.4
WI,521330,CROSSING RIVERS HEALTH MEDICAL CENTER,163,416,95,118,135.6,27.4
WI,520087,GUNDERSEN LUTHERAN MEDICAL CENTER,164,1458,96,118,135.6,28.4
WI,520091,HOWARD YOUNG MEDICAL CENTER,164,323,96,118,135.6,28.4
WI,520051,ASCENSION COLUMBIA ST MARYS HOSPITAL MILWAUKEE,165,549,98,118,135.6,29.4
WI,520071,FORT MEMORIAL HOSPITAL,165,391,98,118,135.6,29.4
WI,520070,MAYO CLINIC HEALTH SYSTEM EAU CLAIRE HOSPITAL,165,378,98,118,135.6,29.4
WI,520033,ASPIRUS RIVERVIEW HOSPITAL & CLINICS INC,166,363,101,118,135.6,30.4
WI,520037,MARSHFIELD MEDICAL CENTER,166,543,101,118,135.6,30.4
WI,520011,MARSHFIELD MEDICAL CENTER - RICE LAKE,167,435,103,118,135.6,31.4
WI,520066,MERCY HEALTH SYSTEM CORP,167,360,103,118,135.6,31.4
WI,520035,AURORA MEDICAL CENTER SHEBOYGAN COUNTY,171,369,105,118,135.6,35.4
WI,520138,AURORA ST LUKES MEDICAL CENTER,174,1106,106,118,135.6,38.4
WI,520212,MARSHFIELD MEDICAL CENTER - MINOCQUA,174,464,106,118,135.6,38.4
WI,520189,AURORA MEDICAL CENTER KENOSHA,177,762,108,118,135.6,41.4
WI,520076,MARSHFIELD MEDICAL CENTER - BEAVER DAM (MMC-BD),181,461,109,118,135.6,45.4
WI,520139,WEST ALLIS MEMORIAL HOSPITAL,182,358,110,118,135.6,46.4
WI,520059,AURORA MEMORIAL HOSPITAL BURLINGTON,186,370,111,118,135.6,50.4
WI,520083,SSM HEALTH ST MARY'S HOSPITAL - MADISON,192,381,112,118,135.6,56.4
WI,520207,AURORA MEDICAL CENTER,194,375,113,118,135.6,58.4
WI,520063,ST JOSEPHS COMMUNITY HOSPITAL WEST BEND,201,378,114,118,135.6,65.4
WI,520210,MARSHFIELD MEDICAL CENTER - EAU CLAIRE,206,600,115,118,135.6,70.4
WI,520098,UNIVERSITY OF WI  HOSPITALS & CLINICS AUTHORITY,216,374,116,118,135.6,80.4
WI,520103,COMMUNITY MEMORIAL HOSPITAL,217,386,117,118,135.6,81.4
WI,520177,FROEDTERT MEMORIAL LUTHERAN HOSPITAL,275,493,118,118,135.6,139.4
WV,511307,"GRAFTON CITY HOSPITAL, INC",66,383,1,44,145.8,-79.8
WV,511303,MINNIE HAMILTON HEALTH SYSTEM,76,232,2,44,145.8,-69.8
WV,511301,WEBSTER MEMORIAL HOSPITAL,77,336,3,44,145.8,-68.8
WV,510093,MON HEALTH MARION,90,344,4,44,145.8,-55.8
WV,510038,STONEWALL JACKSON MEMORIAL HOSPITAL,98,360,5,44,145.8,-47.8
WV,511311,HAMPSHIRE MEMORIAL HOSPITAL,101,420,6,44,145.8,-44.8
WV,511308,"BRAXTON COUNTY MEMORIAL HOSPITAL, INC",102,354,7,44,145.8,-43.8
WV,511314,POCAHONTAS MEMORIAL HOSPITAL,103,345,8,44,145.8,-42.8
WV,510012,RIVERS HEALTH,104,365,9,44,145.8,-41.8
WV,511316,GRANT MEMORIAL HOSPITAL,105,347,10,44,145.8,-40.8
WV,511309,VALLEY HEALTH WAR MEMORIAL HOSPITAL,105,428,10,44,145.8,-40.8
WV,511313,BOONE MEMORIAL HOSPITAL,106,410,12,44,145.8,-39.8
WV,511304,SISTERSVILLE GENERAL HOSPITAL,107,377,13,44,145.8,-38.8
WV,511300,VANDALIA HEALTH BROADDUS HOSPITAL,108,340,14,44,145.8,-37.8
WV,511318,MONTGOMERY GENERAL HOSPITAL,110,64,15,44,145.8,-35.8
WV,511306,ROANE GENERAL HOSPITAL,110,198,15,44,145.8,-35.8
WV,511312,PRESTON MEMORIAL HOSPITAL,111,1275,17,44,145.8,-34.8
WV,511315,POTOMAC VALLEY HOSPITAL,118,776,18,44,145.8,-27.8
WV,511310,SUMMERS COUNTY ARH HOSPITAL,122,357,19,44,145.8,-23.8
WV,511320,JACKSON GENERAL HOSPITAL,133,397,20,44,145.8,-12.8
WV,510072,WETZEL COUNTY HOSPITAL,137,350,21,44,145.8,-8.8
WV,511322,SUMMERSVILLE REGIONAL MEDICAL CENTER,140,368,22,44,145.8,-5.8
WV,511321,"ST JOSEPH'S HOSPITAL OF BUCKHANNON, INC",142,395,23,44,145.8,-3.8
WV,510030,DAVIS MEDICAL CENTER,150,376,24,44,145.8,4.2
WV,510008,BERKELEY MEDICAL CENTER,160,375,25,44,145.8,14.2
WV,511319,JEFFERSON MEDICAL CENTER,161,363,26,44,145.8,15.2
WV,510013,"REYNOLDS MEMORIAL HOSPITAL, INC",161,376,26,44,145.8,15.2
WV,510023,"WEIRTON MEDICAL CENTER, INC",162,401,28,44,145.8,16.2
WV,511317,"CAMC PLATEAU MEDICAL CENTER, INC",168,382,29,44,145.8,22.2
WV,510048,LOGAN REGIONAL MEDICAL CENTER,173,440,30,44,145.8,27.2
WV,510046,PRINCETON COMMUNITY HOSPITAL ASSN INC,174,332,31,44,145.8,28.2
WV,510001,"WEST VIRGINIA UNIVERSITY HOSPITALS, INC",177,327,32,44,145.8,31.2
WV,510022,CHARLESTON AREA MEDICAL CENTER,181,379,33,44,145.8,35.2
WV,510002,"CAMC GREENBRIER VALLEY MEDICAL CENTER, INC",189,371,34,44,145.8,43.2
WV,510070,RALEIGH GENERAL HOSPITAL,192,412,35,44,145.8,46.2
WV,510024,MON HEALTH MEDICAL CENTER,195,406,36,44,145.8,49.2
WV,510086,WELCH COMMUNITY HOSPITAL,202,219,37,44,145.8,56.2
WV,510029,THOMAS MEMORIAL HOSPITAL,205,348,38,44,145.8,59.2
WV,510006,"UNITED HOSPITAL CENTER, INC",206,341,39,44,145.8,60.2
WV,510050,"WHEELING HOSPITAL, INC",207,440,40,44,145.8,61.2
WV,510007,ST MARYS MEDICAL CENTER,217,381,41,44,145.8,71.2
WV,510062,BECKLEY ARH HOSPITAL,218,374,42,44,145.8,72.2
WV,510055,"CABELL HUNTINGTON HOSPITAL, INC",219,523,43,44,145.8,73.2
WV,510058,CAMDEN CLARK MEDICAL CENTER,226,359,44,44,145.8,80.2
WY,531309,NORTH BIG HORN HOSPITAL DISTRICT,70,233,1,22,127.7,-57.7
WY,531310,POWELL VALLEY HOSPITAL,86,890,2,22,127.7,-41.7
WY,531301,SOUTH BIG HORN COUNTY HOSPITAL,89,187,3,22,127.7,-38.7
WY,531316,MEMORIAL HOSPITAL OF CARBON COUNTY,103,387,4,22,127.7,-24.7
WY,530006,SHERIDAN MEMORIAL HOSPITAL,110,402,5,22,127.7,-17.7
WY,531315,SOUTH LINCOLN MEDICAL CENTER - CAH,110,250,5,22,127.7,-17.7
WY,530015,ST JOHNS MEDICAL CENTER,110,385,5,22,127.7,-17.7
WY,531313,STAR VALLEY MEDICAL CENTER,113,326,8,22,127.7,-14.7
WY,531302,MEMORIAL HOSPITAL OF CONVERSE COUNTY,114,254,9,22,127.7,-13.7
WY,531319,EVANSTON REGIONAL HOSPITAL,116,187,10,22,127.7,-11.7
WY,531306,WASHAKIE MEDICAL CENTER,118,272,11,22,127.7,-9.7
WY,531305,PLATTE COUNTY HOSPITAL,119,305,12,22,127.7,-8.7
WY,531307,COMMUNITY HOSPITAL,120,364,13,22,127.7,-7.7
WY,531311,CROOK COUNTY HOSPITAL,128,214,14,22,127.7,0.3
WY,531312,CODY REGIONAL HEALTH,136,475,15,22,127.7,8.3
WY,530008,SAGEWEST HEALTH CARE,141,367,16,22,127.7,13.3
WY,530025,IVINSON MEMORIAL HOSPITAL,147,343,17,22,127.7,19.3
WY,531304,HOT SPRINGS COUNTY MEMORIAL HOSPITAL,153,2481,18,22,127.7,25.3
WY,531318,MEMORIAL HOSPITAL SWEETWATER COUNTY,164,300,19,22,127.7,36.3
WY,530002,CAMPBELL COUNTY HEALTH,177,514,20,22,127.7,49.3
WY,530014,CHEYENNE REGIONAL MEDICAL CENTER,190,377,21,22,127.7,62.3
WY,530012,BANNER WYOMING MEDICAL CENTER,196,385,22,22,127.7,68.3
