Hospital Name,State,Hospital Type,star_rating,ed_wait_minutes,patient_sample
SMP HEALTH ST ALOISIUS,ND,Critical Access Hospitals,1,76,437
AVOYELLES HOSPITAL,LA,Acute Care Hospitals,1,79,385
RICHLAND HOSPITAL,WI,Critical Access Hospitals,1,90,433
KOSSUTH REGIONAL HEALTH CENTER,IA,Critical Access Hospitals,1,94,384
ST. ALPHONSUS MEDICAL CENTER - BAKER CITY,OR,Critical Access Hospitals,1,94,381
ST LUCIE MEDICAL CENTER,FL,Acute Care Hospitals,1,95,414
BRECKINRIDGE MEMORIAL HOSPITAL,KY,Critical Access Hospitals,1,96,408
HOLY CROSS HOSPITAL A DIV OF TAOS HEALTH SYSTEMS,NM,Critical Access Hospitals,1,98,387
STONEWALL JACKSON MEMORIAL HOSPITAL COMPANY,WV,Acute Care Hospitals,1,98,360
NOCONA GENERAL HOSPITAL,TX,Acute Care Hospitals,1,104,275
RIVERS HEALTH,WV,Acute Care Hospitals,1,104,365
HCA FLORIDA FAWCETT HOSPITAL,FL,Acute Care Hospitals,1,105,415
CAMERON REGIONAL MEDICAL CENTER,MO,Acute Care Hospitals,1,106,513
"DELAWARE VALLEY HOSPITAL, INC",NY,Critical Access Hospitals,1,106,514
MARION COMMUNTIY HOSPITAL,FL,Acute Care Hospitals,1,108,435
COLUSA MEDICAL CENTER,CA,Acute Care Hospitals,1,110,999
CLAIBORNE MEMORIAL MEDICAL CENTER,LA,Acute Care Hospitals,1,111,642
UNIVERSITY OF MISSISSIPPI MEDICAL CENTER- GRENADA,MS,Acute Care Hospitals,1,112,370
HCA HOUSTON HEALTHCARE WEST,TX,Acute Care Hospitals,1,112,403
CITIZENS BAPTIST MEDICAL CENTER,AL,Acute Care Hospitals,1,118,414
MAD RIVER COMMUNITY HOSPITAL,CA,Acute Care Hospitals,1,118,313
POTOMAC VALLEY HOSPITAL,WV,Critical Access Hospitals,1,118,776
NORTHWEST HEALTH - STARKE,IN,Acute Care Hospitals,1,120,377
LECOM MEDICAL CENTER AND BEHAVIORAL HEALTH PAV,PA,Acute Care Hospitals,1,120,301
NEOSHO MEMORIAL REGIONAL MEDICAL CENTER,KS,Critical Access Hospitals,1,122,392
MONROE COUNTY MEDICAL CENTER,KY,Acute Care Hospitals,1,122,591
"PINEVILLE COMMUNITY HEALTH CENTER, INC",KY,Acute Care Hospitals,1,122,309
GLENDIVE MEDICAL CENTER,MT,Critical Access Hospitals,1,124,400
HIGHLAND COMMUNITY  HOSPITAL,MS,Acute Care Hospitals,1,125,370
ENDLESS MOUNTAINS HEALTH SYSTEMS,PA,Critical Access Hospitals,1,126,342
HCA FLORIDA LAWNWOOD HOSPITAL,FL,Acute Care Hospitals,1,127,417
JACKSON PURCHASE MEDICAL CENTER,KY,Acute Care Hospitals,1,127,395
MIZELL MEMORIAL HOSPITAL,AL,Acute Care Hospitals,1,128,1048
GEORGE REGIONAL HEALTH SYSTEM,MS,Acute Care Hospitals,1,128,391
BOLIVAR MEDICAL CENTER,MS,Acute Care Hospitals,1,128,401
PARIS REGIONAL MEDICAL CENTER,TX,Acute Care Hospitals,1,128,360
ALASKA REGIONAL HOSPITAL,AK,Acute Care Hospitals,1,129,421
SOUTH CENTRAL REG MED CTR,MS,Acute Care Hospitals,1,129,425
OAK VALLEY HOSPITAL DISTRICT,CA,Acute Care Hospitals,1,130,470
Adventhealth Port Charlotte,FL,Acute Care Hospitals,1,130,380
MARION GENERAL HOSPITAL,MS,Acute Care Hospitals,1,130,362
MEMORIAL HOSPITAL OF GARDENA,CA,Acute Care Hospitals,1,132,331
ST MARY'S HOSPITAL,GA,Acute Care Hospitals,1,133,399
MERIT HEALTH RIVER OAKS,MS,Acute Care Hospitals,1,134,411
PALESTINE REGIONAL MEDICAL CENTER,TX,Acute Care Hospitals,1,134,453
LITTLETON REGIONAL HEALTHCARE,NH,Critical Access Hospitals,1,135,401
CARY MEDICAL CENTER,ME,Acute Care Hospitals,1,136,403
LASALLE GENERAL HOSPITAL,LA,Acute Care Hospitals,1,137,385
JACKSON HOSPITAL,FL,Acute Care Hospitals,1,141,1356
OLEAN GENERAL HOSPITAL,NY,Acute Care Hospitals,1,141,729
SINAI-GRACE HOSPITAL,MI,Acute Care Hospitals,1,143,384
DETROIT RECEIVING HOSPITAL,MI,Acute Care Hospitals,1,143,355
ALLIANCEHEALTH DURANT,OK,Acute Care Hospitals,1,144,402
GARFIELD MEDICAL CENTER,CA,Acute Care Hospitals,1,146,369
LARKIN COMMUNITY HOSPITAL,FL,Acute Care Hospitals,1,148,1066
DELRAY MEDICAL CENTER,FL,Acute Care Hospitals,1,151,419
ED FRASER MEMORIAL HOSPITAL,FL,Acute Care Hospitals,1,152,366
SOUTHWEST MEDICAL CENTER,KS,Acute Care Hospitals,1,152,354
UNIVERSITY OF MICHIGAN HEALTH - SPARROW EATON,MI,Critical Access Hospitals,1,152,461
CHOCTAW MEMORIAL HOSPITAL,OK,Acute Care Hospitals,1,152,341
HCA FLORIDA NORTHSIDE HOSPITAL,FL,Acute Care Hospitals,1,153,371
ST FRANCIS HOSPITAL,TN,Acute Care Hospitals,1,153,415
COAST PLAZA HOSPITAL,CA,Acute Care Hospitals,1,154,329
ST MARYS HOSPITAL,IL,Acute Care Hospitals,1,154,327
Memorial Hospital Biloxi,MS,Acute Care Hospitals,1,154,462
HARPER UNIVERSITY HOSPITAL,MI,Acute Care Hospitals,1,155,414
SAVANNAH HEALTH SERVICES LLC DBA MEMORIAL HEALTH UNIVERSITY MEDICAL CENTER,GA,Acute Care Hospitals,1,156,464
JENNIE STUART MEDICAL CENTER,KY,Acute Care Hospitals,1,156,610
"BROOKS-TLC HOSPITAL SYSTEM, INC",NY,Acute Care Hospitals,1,158,608
ST MARY'S MEDICAL CENTER,FL,Acute Care Hospitals,1,159,425
HCA FLORIDA OAK HILL HOSPITAL,FL,Acute Care Hospitals,1,160,414
UPSON REGIONAL MEDICAL CENTER,GA,Acute Care Hospitals,1,160,403
METHODIST HOSPITALS INC,IN,Acute Care Hospitals,1,160,360
TAMPA GENERAL HOSPITAL BROOKSVILLE,FL,Acute Care Hospitals,1,161,370
YAKIMA VALLEY MEMORIAL,WA,Acute Care Hospitals,1,161,360
JEFFERSON MEDICAL CENTER,WV,Critical Access Hospitals,1,161,363
D W MCMILLAN MEMORIAL HOSPITAL,AL,Acute Care Hospitals,1,162,404
LAKELAND REGIONAL MEDICAL CENTER,FL,Acute Care Hospitals,1,162,415
PROMEDICA MONROE REGIONAL HOSPITAL,MI,Acute Care Hospitals,1,162,356
"WEIRTON MEDICAL CENTER, INC",WV,Acute Care Hospitals,1,162,401
NASSAU UNIVERSITY MEDICAL CENTER,NY,Acute Care Hospitals,1,164,246
SAINT FRANCIS BARTLETT MEDICAL CENTER,TN,Acute Care Hospitals,1,164,422
SINGING RIVER HEALTH SYSTEM,MS,Acute Care Hospitals,1,166,398
SUNY/DOWNSTATE UNIVERSITY HOSPITAL OF BROOKLYN,NY,Acute Care Hospitals,1,166,397
MARSHFIELD MEDICAL CENTER,WI,Acute Care Hospitals,1,166,543
ST ROSE HOSPITAL,CA,Acute Care Hospitals,1,167,352
INSIGHT HOSPITAL AND MEDICAL CENTER CHICAGO,IL,Acute Care Hospitals,1,167,349
MEMORIAL HOSPITAL AND MANOR,GA,Acute Care Hospitals,1,168,380
MEMORIAL HOSPITAL OF CARBONDALE,IL,Acute Care Hospitals,1,168,451
MCLAREN MACOMB,MI,Acute Care Hospitals,1,168,435
LOMPOC VALLEY MEDICAL CENTER,CA,Acute Care Hospitals,1,169,386
HUMBOLDT PARK HEALTH,IL,Acute Care Hospitals,1,169,409
THE UNIVERSITY OF VERMONT HEALTH NETWORK-ALICE HY,NY,Critical Access Hospitals,1,169,373
BARSTOW COMMUNITY HOSPITAL,CA,Acute Care Hospitals,1,170,384
MCLAREN BAY REGION,MI,Acute Care Hospitals,1,170,314
HENRY FORD HEALTH ST JOHN HOSPITAL,MI,Acute Care Hospitals,1,170,275
HERRIN HOSPITAL,IL,Acute Care Hospitals,1,171,443
HUNTINGTON BEACH HOSPITAL,CA,Acute Care Hospitals,1,173,349
NORTH SHORE MEDICAL CENTER,FL,Acute Care Hospitals,1,176,365
MIDDLESBORO ARH HOSPITAL,KY,Acute Care Hospitals,1,176,422
ATRIUM HEALTH NAVICENT PEACH,GA,Critical Access Hospitals,1,177,356
GREENWOOD LEFLORE HOSPITAL,MS,Acute Care Hospitals,1,177,423
VANDERBILT CLARKSVILLE HOSPITAL,TN,Acute Care Hospitals,1,178,391
EAST LOS ANGELES DOCTORS HOSPITAL,CA,Acute Care Hospitals,1,179,297
MONTEFIORE NEW ROCHELLE HOSPITAL,NY,Acute Care Hospitals,1,179,399
COASTAL COMMUNITIES HOSPITAL,CA,Acute Care Hospitals,1,180,356
CAREWELL HEALTH MEDICAL CENTER,NJ,Acute Care Hospitals,1,180,372
DUKE HEALTH LAKE NORMAN HOSPITAL,NC,Acute Care Hospitals,1,180,399
HENDRICK MEDICAL CENTER BROWNWOOD,TX,Acute Care Hospitals,1,181,393
HIGHLAND HOSPITAL,CA,Acute Care Hospitals,1,182,706
COMMUNITY MEDICAL CENTER,NJ,Acute Care Hospitals,1,182,385
BRONXCARE HOSPITAL CENTER,NY,Acute Care Hospitals,1,184,619
COLUMBUS REGIONAL HEALTHCARE SYSTEM,NC,Acute Care Hospitals,1,184,382
PENN HIGHLANDS MON VALLEY,PA,Acute Care Hospitals,1,184,632
EMANATE HEALTH INTER-COMMUNITY HOSPITAL,CA,Acute Care Hospitals,1,186,369
EASTERN NEW MEXICO MEDICAL CENTER,NM,Acute Care Hospitals,1,188,381
SWEETWATER HOSPITAL ASSOCIATION,TN,Acute Care Hospitals,1,189,305
SAMARITAN PACIFIC COMMUNITY HOSPITAL,OR,Critical Access Hospitals,1,190,353
AHMC SETON MEDICAL CENTER,CA,Acute Care Hospitals,1,192,366
"NEW YORK COMMUNITY HOSPITAL OF BROOKLYN, INC.",NY,Acute Care Hospitals,1,193,387
MIDLAND MEMORIAL HOSPITAL,TX,Acute Care Hospitals,1,193,419
CARLSBAD MEDICAL CENTER,NM,Acute Care Hospitals,1,194,383
WILSON MEDICAL CENTER,NC,Acute Care Hospitals,1,196,359
CGH MEDICAL CENTER,IL,Acute Care Hospitals,1,198,359
UNIVERSITY OF LOUISVILLE HOSPITAL,KY,Acute Care Hospitals,1,198,842
NORTH MEMORIAL HEALTH HOSPITAL,MN,Acute Care Hospitals,1,199,399
ONSLOW MEMORIAL HOSPITAL,NC,Acute Care Hospitals,1,199,1577
VALLEYWISE HEALTH MEDICAL CENTER,AZ,Acute Care Hospitals,1,200,380
JEFFERSON REGIONAL MEDICAL CENTER,AR,Acute Care Hospitals,1,200,329
VICTOR VALLEY GLOBAL MEDICAL CENTER,CA,Acute Care Hospitals,1,200,358
MT SINAI HOSPITAL MEDICAL CENTER,IL,Acute Care Hospitals,1,200,374
ST JOSEPH'S MEDICAL CENTER,NY,Acute Care Hospitals,1,202,299
Henry Ford Health Warren Hospital,MI,Acute Care Hospitals,1,203,261
JACKSON HEALTH SYSTEM,FL,Acute Care Hospitals,1,204,2084
SAINT JOSEPH MEDICAL CENTER,IL,Acute Care Hospitals,1,204,277
THOMAS MEMORIAL HOSPITAL,WV,Acute Care Hospitals,1,205,348
CAREPOINT HEALTH - BAYONNE MEDICAL CENTER,NJ,Acute Care Hospitals,1,206,359
RICHMOND UNIVERSITY MEDICAL CENTER,NY,Acute Care Hospitals,1,206,341
CAREPOINT HEALTH-HOBOKEN UNIVERSITY MEDICAL CENTER,NJ,Acute Care Hospitals,1,207,343
JOHNSON CITY MEDICAL CENTER,TN,Acute Care Hospitals,1,208,345
COMMUNITY HOSPITAL OF HUNTINGTON PARK,CA,Acute Care Hospitals,1,212,306
LOUIS A WEISS MEMORIAL HOSPITAL,IL,Acute Care Hospitals,1,212,258
BAPTIST HEALTH MEDICAL CENTER NORTH LITTLE ROCK,AR,Acute Care Hospitals,1,213,333
BROWN UNIVERSITY HEALTH MORTON HOSPITAL,MA,Acute Care Hospitals,1,213,332
WYNN HOSPITAL,NY,Acute Care Hospitals,1,215,377
EMORY HILLANDALE HOSPITAL,GA,Acute Care Hospitals,1,216,382
HEMET GLOBAL MEDICAL CENTER,CA,Acute Care Hospitals,1,217,441
PIKEVILLE MEDICAL CENTER,KY,Acute Care Hospitals,1,220,652
ST BERNARDS MEDICAL CENTER,AR,Acute Care Hospitals,1,223,399
DOCTORS MEDICAL CENTER,CA,Acute Care Hospitals,1,223,423
METROWEST MEDICAL CENTER,MA,Acute Care Hospitals,1,227,457
MERCY HOSPITAL JOPLIN,MO,Acute Care Hospitals,1,228,422
BROOKDALE HOSPITAL MEDICAL CENTER,NY,Acute Care Hospitals,1,228,386
ST JOHN'S EPISCOPAL HOSPITAL AT SOUTH SHORE,NY,Acute Care Hospitals,1,229,334
HEALTHALLIANCE HOSPITAL MARYS AVENUE CAMPUS,NY,Acute Care Hospitals,1,230,336
COMMUNITY REGIONAL MEDICAL CENTER,CA,Acute Care Hospitals,1,231,1018
NORTHEAST ALABAMA REGIONAL MEDICAL CENTER,AL,Acute Care Hospitals,1,232,374
HOWARD UNIVERSITY HOSPITAL CORP,DC,Acute Care Hospitals,1,232,461
ST BERNARD HOSPITAL,IL,Acute Care Hospitals,1,232,330
VALLEY PRESBYTERIAN HOSPITAL,CA,Acute Care Hospitals,1,234,337
COLUMBIA MEMORIAL HOSPITAL,NY,Acute Care Hospitals,1,234,362
UCI HEALTH - LOS ALAMITOS,CA,Acute Care Hospitals,1,236,341
NIAGARA FALLS MEMORIAL MEDICAL CENTER,NY,Acute Care Hospitals,1,236,315
JAMAICA HOSPITAL MEDICAL CENTER,NY,Acute Care Hospitals,1,237,375
OROVILLE HOSPITAL,CA,Acute Care Hospitals,1,238,276
CROZER CHESTER MEDICAL CENTER,PA,Acute Care Hospitals,1,238,103
ROSELAND COMMUNITY HOSPITAL,IL,Acute Care Hospitals,1,244,562
JACKSON PARK HOSPITAL,IL,Acute Care Hospitals,1,244,338
HOLY CROSS GERMANTOWN HOSPITAL,MD,Acute Care Hospitals,1,244,384
TRI-CITY MEDICAL CENTER,CA,Acute Care Hospitals,1,248,412
MERCYONE DES MOINES MEDICAL CENTER,IA,Acute Care Hospitals,1,250,437
ALBANY MEDICAL CENTER HOSPITAL,NY,Acute Care Hospitals,1,250,339
UNIVERSITY OF MD CAPITAL REGION MEDICAL CENTER,MD,Acute Care Hospitals,1,258,359
SOUTHERN REGIONAL MEDICAL CENTER,GA,Acute Care Hospitals,1,260,387
KINGS COUNTY HOSPITAL CENTER,NY,Acute Care Hospitals,1,260,359
ANTELOPE VALLEY HOSPITAL,CA,Acute Care Hospitals,1,266,346
"WELLSTAR MCG HEALTH, AFFILIATED WITH MED COL",GA,Acute Care Hospitals,1,269,325
WEST SUBURBAN MEDICAL CENTER,IL,Acute Care Hospitals,1,271,346
EL CENTRO REGIONAL MEDICAL CENTER,CA,Acute Care Hospitals,1,282,356
DELTA HEALTH SYSTEM - THE MEDICAL CENTER,MS,Acute Care Hospitals,1,283,167
REGIONAL ONE HEALTH,TN,Acute Care Hospitals,1,290,868
KERN MEDICAL CENTER,CA,Acute Care Hospitals,1,293,300
THE UNIVERSITY HOSPITAL,NJ,Acute Care Hospitals,1,294,337
LAC/HARBOR-UCLA MED CENTER,CA,Acute Care Hospitals,1,299,334
ST BARNABAS HOSPITAL,NY,Acute Care Hospitals,1,312,301
SSM HEALTH SAINT LOUIS UNIVERSITY HOSPITAL,MO,Acute Care Hospitals,1,336,264
MANATI MEDICAL CENTER DR OTERO LOPEZ,PR,Acute Care Hospitals,1,443,1883
GREATER EL MONTE COMMUNITY HOSPITAL,CA,Acute Care Hospitals,2,78,363
MAGEE GENERAL HOSPITAL,MS,Acute Care Hospitals,2,80,430
OCHSNER ST MARY,LA,Acute Care Hospitals,2,81,373
FITZGIBBON HOSPITAL,MO,Acute Care Hospitals,2,84,386
GREAT PLAINS REGIONAL MEDICAL CENTER,OK,Acute Care Hospitals,2,87,425
MONTEREY PARK HOSPITAL,CA,Acute Care Hospitals,2,88,415
RESEARCH MEDICAL CENTER,MO,Acute Care Hospitals,2,89,385
MARSHALL COUNTY HOSPITAL,KY,Critical Access Hospitals,2,94,284
BAPTIST MEDICAL CENTER-LEAKE,MS,Critical Access Hospitals,2,94,353
INTEGRIS SOUTHWEST MEDICAL CENTER,OK,Acute Care Hospitals,2,95,384
CROSSGATES RIVER OAKS HOSPITAL,MS,Acute Care Hospitals,2,96,410
SIMPSON GENERAL HOSPITAL CAH,MS,Critical Access Hospitals,2,96,239
BELTON REGIONAL MEDICAL CENTER,MO,Acute Care Hospitals,2,98,394
SOUTHERN COOS HOSPITAL & HEALTH CENTER,OR,Critical Access Hospitals,2,99,2792
OKLAHOMA STATE UNIVERSITY MEDICAL CENTER,OK,Acute Care Hospitals,2,101,386
HURON REGIONAL MEDICAL CENTER,SD,Critical Access Hospitals,2,101,415
TISHOMINGO HEALTH SERVICES INC,MS,Acute Care Hospitals,2,102,410
GRINNELL REGIONAL MEDICAL CENTER,IA,Acute Care Hospitals,2,104,337
OCHSNER AMERICAN LEGION HOSPITAL,LA,Acute Care Hospitals,2,104,366
HEART OF AMERICA MEDICAL CENTER,ND,Critical Access Hospitals,2,104,227
GRAND ISLAND REGIONAL MEDICAL CENTER,NE,Acute Care Hospitals,2,105,366
"HENRY COUNTY HOSPITAL, INC",OH,Critical Access Hospitals,2,105,346
MCLAREN OAKLAND,MI,Acute Care Hospitals,2,106,396
MASSAC MEMORIAL HOSPITAL,IL,Critical Access Hospitals,2,107,182
SCOTT COUNTY HOSPITAL,KS,Critical Access Hospitals,2,107,281
DESOTO REGIONAL HEALTH SYSTEM,LA,Acute Care Hospitals,2,107,331
LAFAYETTE REGIONAL HEALTH CENTER,MO,Critical Access Hospitals,2,107,347
CURRY GENERAL HOSPITAL,OR,Critical Access Hospitals,2,107,640
OSF SAINT CLARE MEDICAL CENTER,IL,Critical Access Hospitals,2,108,366
BOURBON COMMUNITY HOSPITAL,KY,Acute Care Hospitals,2,108,358
GARDEN CITY HOSPITAL,MI,Acute Care Hospitals,2,108,411
CHENANGO MEMORIAL HOSPITAL,NY,Acute Care Hospitals,2,108,403
SCOTLAND COUNTY  HOSPITAL,MO,Critical Access Hospitals,2,109,127
MCPHERSON HOSPITAL,KS,Acute Care Hospitals,2,110,422
OHIO COUNTY HOSPITAL,KY,Critical Access Hospitals,2,110,285
LITTLE FALLS HOSPITAL,NY,Critical Access Hospitals,2,110,369
MOREHOUSE GENERAL HOSPITAL,LA,Acute Care Hospitals,2,111,344
WAGONER COMMUNITY HOSPITAL,OK,Acute Care Hospitals,2,111,387
HCA FLORIDA MEMORIAL HOSPITAL,FL,Acute Care Hospitals,2,112,399
AVERA HOLY FAMILY HOSPITAL,IA,Critical Access Hospitals,2,112,2863
CRAWFORD COUNTY MEMORIAL HOSPITAL,IA,Critical Access Hospitals,2,112,390
COBRE VALLEY REGIONAL MEDICAL CENTER,AZ,Critical Access Hospitals,2,113,345
HCA FLORIDA POINCIANA HOSPITAL,FL,Acute Care Hospitals,2,113,426
ANDROSCOGGIN VALLEY HOSPITAL,NH,Critical Access Hospitals,2,113,1810
GRADY MEMORIAL HOSPITAL,OK,Acute Care Hospitals,2,113,467
BAPTIST HEALTH - FORT SMITH,AR,Acute Care Hospitals,2,114,316
HCA FLORIDA LARGO HOSPITAL,FL,Acute Care Hospitals,2,114,374
GOOD SAMARITAN MEDICAL CENTER,FL,Acute Care Hospitals,2,114,445
"TRANSYLVANIA REGIONAL HOSPITAL, INC",NC,Critical Access Hospitals,2,114,358
LIVINGSTON REGIONAL HOSPITAL,TN,Acute Care Hospitals,2,114,361
MEDICAL CITY FORT WORTH,TX,Acute Care Hospitals,2,115,420
TAYLORVILLE MEMORIAL HOSPITAL,IL,Critical Access Hospitals,2,116,325
MAYO CLINIC HEALTH SYSTEM NEW PRAGUE,MN,Critical Access Hospitals,2,116,372
AMERY HOSPITAL & CLINIC,WI,Critical Access Hospitals,2,116,337
HCA HealthOne Presbyterian St. Lukes,CO,Acute Care Hospitals,2,117,407
GOOD SAMARITAN HOSPITAL,IN,Acute Care Hospitals,2,117,371
JEFFERSON COUNTY HEALTH CENTER,IA,Critical Access Hospitals,2,117,349
MINDEN MEDICAL CENTER,LA,Acute Care Hospitals,2,117,327
ST FRANCIS MEMORIAL HOSPITAL,NE,Critical Access Hospitals,2,117,281
HCA FLORIDA TRINITY HOSPITAL,FL,Acute Care Hospitals,2,118,405
MARY LANNING HEALTHCARE,NE,Acute Care Hospitals,2,118,350
HCA FLORIDA PUTNAM HOSPITAL,FL,Acute Care Hospitals,2,119,397
CARLE RICHLAND MEMORIAL HOSPITAL,IL,Critical Access Hospitals,2,119,371
GOODLAND REGIONAL MEDICAL CENTER,KS,Critical Access Hospitals,2,119,181
HUMBOLDT GENERAL HOSPITAL,NV,Critical Access Hospitals,2,119,350
WHITFIELD REGIONAL HOSPITAL,AL,Acute Care Hospitals,2,120,361
HCA FLORIDA OSCEOLA HOSPITAL,FL,Acute Care Hospitals,2,120,424
UNION HOSPITAL CLINTON,IN,Critical Access Hospitals,2,120,739
ELLSWORTH COUNTY MEDICAL CENTER,KS,Critical Access Hospitals,2,120,279
MEMORIAL HEALTH,OK,Acute Care Hospitals,2,120,346
SAINT ALPHONSUS MEDICAL CENTER ONTARIO,OR,Acute Care Hospitals,2,120,371
COMMUNITY HOSPITAL,WY,Critical Access Hospitals,2,120,364
HCA FLORIDA CAPITAL HOSPITAL,FL,Acute Care Hospitals,2,121,425
MEMORIAL HOSPITAL,KS,Critical Access Hospitals,2,121,359
LEWISGALE MEDICAL CENTER,VA,Acute Care Hospitals,2,121,428
SONOMA VALLEY HOSPITAL,CA,Acute Care Hospitals,2,122,350
WESTSIDE REGIONAL MEDICAL CENTER,FL,Acute Care Hospitals,2,122,419
GIRARD MEDICAL CENTER,KS,Critical Access Hospitals,2,122,297
MERIT HEALTH RIVER REGION,MS,Acute Care Hospitals,2,122,401
MEDICAL CITY NORTH HILLS,TX,Acute Care Hospitals,2,122,414
OCEAN BEACH HOSPITAL,WA,Critical Access Hospitals,2,122,2060
ASTRIA SUNNYSIDE HOSPITAL,WA,Critical Access Hospitals,2,122,414
CENTRAL FLORIDA LAKE MONROE HOSPITAL,FL,Acute Care Hospitals,2,123,397
DOCTORS MEMORIAL HOSPITAL,FL,Critical Access Hospitals,2,123,1168
IBERIA MEDICAL CENTER,LA,Acute Care Hospitals,2,123,733
BYRD REGIONAL HOSPITAL,LA,Acute Care Hospitals,2,123,293
ALASKA NATIVE MEDICAL CENTER,AK,Acute Care Hospitals,2,124,362
HCA FLORIDA LEHIGH HOSPITAL,FL,Acute Care Hospitals,2,124,314
UNIVERSITY HOSPITAL AND MEDICAL CENTER,FL,Acute Care Hospitals,2,124,394
STEPHENS COUNTY HOSPITAL,GA,Acute Care Hospitals,2,124,450
CARLINVILLE AREA HOSPITAL,IL,Critical Access Hospitals,2,124,496
SOUTHWEST MS REGIONAL MEDICAL CENTER,MS,Acute Care Hospitals,2,124,552
BANNER CHURCHILL COMMUNITY HOSPITAL,NV,Critical Access Hospitals,2,124,371
ANGEL MEDICAL CENTER,NC,Critical Access Hospitals,2,124,368
NORTHEASTERN HEALTH SYSTEM,OK,Acute Care Hospitals,2,124,403
LAS PALMAS MEDICAL CENTER A CAMPUS OF LPDS HEALTHC,TX,Acute Care Hospitals,2,124,442
ASCENSION ST VINCENT HOSPITAL,IN,Acute Care Hospitals,2,125,294
LAKES REGIONAL HEALTHCARE,IA,Acute Care Hospitals,2,125,6666
INTEGRIS HEALTH EDMOND HOSPITAL,OK,Acute Care Hospitals,2,125,397
BAPTIST HEALTH MEDICAL CENTER-DREW COUNTY,AR,Acute Care Hospitals,2,126,314
NORTON SCOTT HOSPITAL,IN,Critical Access Hospitals,2,126,410
TEXAS COUNTY MEMORIAL HOSPITAL,MO,Acute Care Hospitals,2,126,424
MOBERLY REGIONAL MEDICAL CENTER,MO,Acute Care Hospitals,2,126,396
CABINET PEAKS MEDICAL CENTER,MT,Critical Access Hospitals,2,126,380
LOVELACE REGIONAL HOSPITAL - ROSWELL,NM,Acute Care Hospitals,2,126,400
MEDICAL CITY ARLINGTON,TX,Acute Care Hospitals,2,126,435
HCA FLORIDA PALMS WEST HOSPITAL,FL,Acute Care Hospitals,2,127,414
DEACONESS HENDERSON HOSPITAL,KY,Acute Care Hospitals,2,127,364
WESTERN ARIZONA REGIONAL MEDICAL CENTER,AZ,Acute Care Hospitals,2,128,384
HCA FLORIDA GULF COAST HOSPITAL,FL,Acute Care Hospitals,2,128,434
DUKES MEMORIAL HOSPITAL,IN,Critical Access Hospitals,2,128,375
ST. CATHERINE HOSPITAL - GARDEN CITY,KS,Acute Care Hospitals,2,128,375
OPELOUSAS GENERAL HEALTH SYSTEM,LA,Acute Care Hospitals,2,128,413
CHIPPEWA COUNTY WAR MEMORIAL HOSPITAL,MI,Acute Care Hospitals,2,128,394
ABRAZO ARROWHEAD HOSPITAL,AZ,Acute Care Hospitals,2,129,848
AVERA ST MARY'S HOSPITAL,SD,Acute Care Hospitals,2,129,6811
DE TAR HOSPITAL NAVARRO,TX,Acute Care Hospitals,2,129,408
GREAT RIVER MEDICAL CENTER,AR,Acute Care Hospitals,2,130,318
SUTTER COAST HOSPITAL,CA,Acute Care Hospitals,2,130,374
ADVENTHEALTH LAKE WALES,FL,Acute Care Hospitals,2,130,383
NORTHERN LOUISIANA MEDICAL CENTER,LA,Acute Care Hospitals,2,130,386
OLIVIA HOSPITAL & CLINIC,MN,Critical Access Hospitals,2,130,289
GRAND STRAND REGIONAL MEDICAL CENTER,SC,Acute Care Hospitals,2,130,364
BON SECOURS SOUTHSIDE MEDICAL CENTER,VA,Acute Care Hospitals,2,130,381
The Medical Center at Russellville,KY,Acute Care Hospitals,2,131,277
MEDICAL CITY WEATHERFORD,TX,Acute Care Hospitals,2,131,395
HCA FLORIDA ST PETERSBURG HOSPITAL,FL,Acute Care Hospitals,2,132,403
CHEROKEE REGIONAL MEDICAL CENTER,IA,Critical Access Hospitals,2,132,331
ST ANTHONY REGIONAL HOSPITAL & NURSING HOME,IA,Critical Access Hospitals,2,132,418
SAMPSON REGIONAL MEDICAL CENTER,NC,Acute Care Hospitals,2,132,368
METHODIST FREMONT HEALTH,NE,Acute Care Hospitals,2,133,351
CHAN SOON- SHIONG MEDICAL CENTER AT WINDBER,PA,Acute Care Hospitals,2,133,331
MULTICARE GOOD SAMARITAN HOSPITAL,WA,Acute Care Hospitals,2,133,1543
HCA FLORIDA BLAKE HOSPITAL,FL,Acute Care Hospitals,2,134,411
NEWMAN REGIONAL HEALTH,KS,Critical Access Hospitals,2,134,352
RAPIDES REGIONAL MEDICAL CENTER,LA,Acute Care Hospitals,2,134,406
EAST OHIO REGIONAL HOSPITAL,OH,Acute Care Hospitals,2,134,192
CONWAY MEDICAL CENTER,SC,Acute Care Hospitals,2,134,416
CASTLEVIEW HOSPITAL,UT,Acute Care Hospitals,2,134,373
GOOD SAMARITAN HOSPITAL,CA,Acute Care Hospitals,2,135,414
ORLANDO HEALTH BAYFRONT HOSPITAL,FL,Acute Care Hospitals,2,135,405
HCA FLORIDA MERCY HOSPITAL,FL,Acute Care Hospitals,2,135,413
ST JOSEPH REGIONAL MEDICAL CENTER,ID,Acute Care Hospitals,2,135,363
REDINGTON FAIRVIEW GENERAL HOSPITAL,ME,Critical Access Hospitals,2,135,371
INGALLS MEMORIAL HOSPITAL,IL,Acute Care Hospitals,2,136,358
SAINT JOSEPH EAST,KY,Acute Care Hospitals,2,136,369
GREAT FALLS CLINIC HOSPITAL,MT,Acute Care Hospitals,2,136,352
MONADNOCK COMMUNITY HOSPITAL,NH,Critical Access Hospitals,2,136,387
PUNXSUTAWNEY AREA HOSPITAL,PA,Acute Care Hospitals,2,136,483
TITUSVILLE AREA HOSPITAL,PA,Critical Access Hospitals,2,136,376
COPLEY HOSPITAL,VT,Critical Access Hospitals,2,136,177
HCA FLORIDA JFK HOSPITAL,FL,Acute Care Hospitals,2,137,398
TAMPA GENERAL HOSPITAL CRYSTAL RIVER,FL,Acute Care Hospitals,2,137,372
NORTHWEST HEALTH - PORTER,IN,Acute Care Hospitals,2,137,393
TAYLOR REGIONAL HOSPITAL,KY,Acute Care Hospitals,2,137,401
BAPTIST MEMORIAL HOSPITAL-OKTIBBEHA COUNTY,MS,Acute Care Hospitals,2,137,397
CANTON-POTSDAM HOSPITAL,NY,Acute Care Hospitals,2,137,22148
UINTAH BASIN MEDICAL CENTER,UT,Acute Care Hospitals,2,137,641
GARDEN GROVE HOSPITAL & MEDICAL CENTER,CA,Acute Care Hospitals,2,138,384
TERRE HAUTE REGIONAL HOSPITAL,IN,Acute Care Hospitals,2,138,384
CHI ST ALEXIUS HEALTH DEVILS LAKE,ND,Critical Access Hospitals,2,138,253
CHINESE HOSPITAL,CA,Acute Care Hospitals,2,139,403
MESA VIEW REGIONAL HOSPITAL,NV,Critical Access Hospitals,2,139,392
VIDANT ROANOKE CHOWAN HOSPITAL,NC,Acute Care Hospitals,2,139,371
NORMAN REGIONAL,OK,Acute Care Hospitals,2,139,384
SOUTHWESTERN MEDICAL CENTER,OK,Acute Care Hospitals,2,139,388
ADVENTIST HEALTH TWIN CITIES,CA,Acute Care Hospitals,2,140,418
PERRY COUNTY MEMORIAL HOSPITAL,IN,Critical Access Hospitals,2,140,358
MERCY HOSPITAL PERRY,MO,Critical Access Hospitals,2,140,356
CAROLINA PINES REGIONAL MEDICAL CENTER,SC,Acute Care Hospitals,2,140,402
HCA HOUSTON HEALTHCARE NORTHWEST,TX,Acute Care Hospitals,2,140,414
SUMMERSVILLE REGIONAL MEDICAL CENTER,WV,Critical Access Hospitals,2,140,368
JACKSON HOSPITAL & CLINIC INC,AL,Acute Care Hospitals,2,141,1493
OUACHITA COUNTY MEDICAL CENTER,AR,Acute Care Hospitals,2,141,311
FAIRCHILD MEDICAL CENTER,CA,Critical Access Hospitals,2,141,2542
HANNIBAL REGIONAL HOSPITAL,MO,Acute Care Hospitals,2,141,340
LINCOLN COUNTY MEDICAL CENTER,NM,Critical Access Hospitals,2,141,426
RUTHERFORD REGIONAL MEDICAL CENTER,NC,Acute Care Hospitals,2,141,377
SAGEWEST HEALTH CARE,WY,Acute Care Hospitals,2,141,367
GATEWAY REGIONAL MEDICAL CENTER,IL,Acute Care Hospitals,2,142,364
HARRISBURG MEDICAL CENTER,IL,Acute Care Hospitals,2,142,352
CLARA BARTON HOSPITAL,KS,Critical Access Hospitals,2,142,332
"ROCKCASTLE COUNTY HOSPITAL, INC.",KY,Acute Care Hospitals,2,142,437
INSIGHT HOSPITAL AND MEDICAL CENTER COLDWATER,MI,Acute Care Hospitals,2,142,370
BARRETT HOSPITAL & HEALTHCARE,MT,Critical Access Hospitals,2,142,2290
HARLEM HOSPITAL CENTER,NY,Acute Care Hospitals,2,142,343
INTEGRIS HEALTH PONCA CITY,OK,Acute Care Hospitals,2,142,398
SAMARITAN HOSPITAL,WA,Acute Care Hospitals,2,142,14680
"ASCENSION VIA CHRISTI HOSPITALS WICHITA, INC.",KS,Acute Care Hospitals,2,143,258
NORTHERN LIGHT MAYO HOSPITAL,ME,Critical Access Hospitals,2,143,397
MAGNOLIA REGIONAL HEALTH CENTER,MS,Acute Care Hospitals,2,143,391
NORTH ALABAMA MEDICAL CENTER,AL,Acute Care Hospitals,2,144,320
PALM BEACH GARDENS MEDICAL CENTER,FL,Acute Care Hospitals,2,144,454
MAUI MEMORIAL MEDICAL CENTER,HI,Acute Care Hospitals,2,144,378
CHRISTUS SPOHN HOSPITAL BEEVILLE,TX,Acute Care Hospitals,2,144,361
DESOTO MEMORIAL HOSPITAL,FL,Acute Care Hospitals,2,145,373
ORLANDO HEALTH ST CLOUD HOSPITAL,FL,Acute Care Hospitals,2,145,401
KNOXVILLE HOSPITAL & CLINICS,IA,Critical Access Hospitals,2,145,382
UOFL HEALTH - JEWISH HOSPITAL and Mary & Elizabeth Hospital,KY,Acute Care Hospitals,2,145,1013
MOUNT CARMEL EAST & WEST,OH,Acute Care Hospitals,2,145,687
NORTH ARKANSAS REGIONAL MEDICAL CENTER,AR,Acute Care Hospitals,2,146,324
HCA FLORIDA NORTHWEST HOSPITAL,FL,Acute Care Hospitals,2,146,407
HCA FLORIDA SOUTH SHORE HOSPITAL,FL,Acute Care Hospitals,2,146,394
CLEARWATER VALLEY HOSPITAL & CLINICS,ID,Critical Access Hospitals,2,147,347
NORTHEAST REGIONAL MEDICAL CENTER,MO,Acute Care Hospitals,2,147,381
BAPTIST HEALTH MEDICAL CENTER- CONWAY,AR,Acute Care Hospitals,2,148,320
JOHN F KENNEDY MEMORIAL HOSPITAL,CA,Acute Care Hospitals,2,148,414
SHASTA REGIONAL MEDICAL CENTER,CA,Acute Care Hospitals,2,148,366
ASCENSION ALL SAINTS HOSPITAL,WI,Acute Care Hospitals,2,148,264
WINONA HEALTH SERVICES,MN,Acute Care Hospitals,2,149,328
UT HEALTH EAST TEXAS ATHENS HOSPITAL,TX,Acute Care Hospitals,2,149,375
NATIONAL PARK MEDICAL CENTER,AR,Acute Care Hospitals,2,150,405
WILCOX MEMORIAL HOSPITAL,HI,Acute Care Hospitals,2,150,364
THREE RIVERS HEALTH,MI,Acute Care Hospitals,2,150,656
DAVIS MEDICAL CENTER,WV,Acute Care Hospitals,2,150,376
ANAHEIM GLOBAL MEDICAL CENTER,CA,Acute Care Hospitals,2,151,379
BUENA VISTA REGIONAL MEDICAL CENTER,IA,Critical Access Hospitals,2,151,370
COREWELL HEALTH WAYNE HOSPITAL,MI,Acute Care Hospitals,2,151,378
MERIT HEALTH WESLEY,MS,Acute Care Hospitals,2,151,420
WILSON MEMORIAL HOSPITAL,OH,Acute Care Hospitals,2,151,467
FAIRFIELD MEDICAL CENTER,OH,Acute Care Hospitals,2,151,373
CENTRAL PENINSULA GENERAL HOSPITAL,AK,Acute Care Hospitals,2,152,430
SANTA CLARA VALLEY MEDICAL CENTER,CA,Acute Care Hospitals,2,152,1158
TRISTAR GREENVIEW REGIONAL HOSPITAL,KY,Acute Care Hospitals,2,152,393
GLENWOOD REGIONAL MEDICAL CENTER,LA,Acute Care Hospitals,2,152,365
MYMICHIGAN MEDICAL CENTER CLARE,MI,Acute Care Hospitals,2,152,400
VALLEY VIEW MEDICAL CENTER,AZ,Acute Care Hospitals,2,153,365
DAMERON HOSPITAL,CA,Acute Care Hospitals,2,153,379
SHERMAN OAKS HOSPITAL,CA,Acute Care Hospitals,2,153,328
BONNER GENERAL HOSPITAL,ID,Critical Access Hospitals,2,153,309
FRANCISCAN HEALTH DYER,IN,Acute Care Hospitals,2,153,379
MERCY REGIONAL MEDICAL CENTER,OH,Acute Care Hospitals,2,153,376
WILSON N JONES REGIONAL MEDICAL CENTER,TX,Acute Care Hospitals,2,153,341
ATRIUM HEALTH FLOYD MEDICAL CENTER,GA,Acute Care Hospitals,2,154,392
ST JAMES HOSPITAL,MT,Acute Care Hospitals,2,154,360
SYCAMORE SHOALS HOSPITAL,TN,Acute Care Hospitals,2,154,344
HARDIN MEDICAL CENTER,TN,Acute Care Hospitals,2,154,378
VHS HARLINGEN HOSPITAL COMPANY LLC,TX,Acute Care Hospitals,2,154,472
SUMMIT PACIFIC MEDICAL CENTER,WA,Critical Access Hospitals,2,154,311
FROEDTERT SOUTH INC.,WI,Acute Care Hospitals,2,154,356
GUAM MEMORIAL  HOSPITAL AUTHORITY,GU,Acute Care Hospitals,2,154,308
HI-DESERT MEDICAL CENTER,CA,Acute Care Hospitals,2,155,421
SAN DIMAS COMMUNITY HOSPITAL,CA,Acute Care Hospitals,2,155,406
ADVENTIST HEALTH DELANO,CA,Acute Care Hospitals,2,156,410
BON SECOURS COMMUNITY HOSPITAL,NY,Acute Care Hospitals,2,156,358
RHEA MEDICAL CENTER,TN,Critical Access Hospitals,2,156,361
HCA HOUSTON HEALTHCARE CONROE,TX,Acute Care Hospitals,2,156,431
UCLA WEST VALLEY MEDICAL CENTER,CA,Acute Care Hospitals,2,157,371
SSM HEALTH ST ANTHONY HOSPITAL - MIDWEST,OK,Acute Care Hospitals,2,157,383
CULLMAN REGIONAL MEDICAL CENTER,AL,Acute Care Hospitals,2,158,407
ANDALUSIA HEALTH,AL,Acute Care Hospitals,2,158,390
SPARROW IONIA HOSPITAL,MI,Critical Access Hospitals,2,158,464
GRANT MEDICAL CENTER,OH,Acute Care Hospitals,2,158,377
INDEPENDENCE HEALTH SYSTEM CLARION HOSPITAL,PA,Acute Care Hospitals,2,158,337
CHI ST JOSEPH HEALTH REGIONAL HOSPITAL,TX,Acute Care Hospitals,2,158,393
UT HEALTH EAST TEXAS TYLER REGIONAL HOSPITAL,TX,Acute Care Hospitals,2,158,408
ONEIDA HEALTH HOSPITAL,NY,Acute Care Hospitals,2,159,384
GREENEVILLE COMMUNITY HOSPITAL,TN,Acute Care Hospitals,2,159,351
ADVENTIST HEALTH SIMI VALLEY,CA,Acute Care Hospitals,2,160,400
CHAPMAN GLOBAL MEDICAL CENTER,CA,Acute Care Hospitals,2,160,364
MERCY HOSPITAL SOUTHEAST,MO,Acute Care Hospitals,2,160,400
DESERT VIEW HOSPITAL,NV,Critical Access Hospitals,2,160,445
UPMC CHAUTAUQUA AT WCA,NY,Acute Care Hospitals,2,160,532
TRIHEALTH CLINTON REGIONAL HOSPITAL,OH,Acute Care Hospitals,2,160,361
BAY AREA HOSPITAL,OR,Acute Care Hospitals,2,160,404
UCI HEALTH - FOUNTAIN VALLEY,CA,Acute Care Hospitals,2,161,349
THE HOSPITAL OF CENTRAL CONNECTICUT,CT,Acute Care Hospitals,2,161,333
HCA FLORIDA CITRUS HOSPITAL,FL,Acute Care Hospitals,2,161,437
PIEDMONT COLUMBUS REGIONAL MIDTOWN,GA,Acute Care Hospitals,2,161,409
REID HEALTH,IN,Acute Care Hospitals,2,161,359
HEIGHTS UNIVERSITY HOSPITAL,NJ,Acute Care Hospitals,2,161,375
VIRTUA OUR LADY OF LOURDES HOSPITAL,NJ,Acute Care Hospitals,2,161,373
TIDELANDS GEORGETOWN MEMORIAL HOSPITAL,SC,Acute Care Hospitals,2,161,403
"REYNOLDS MEMORIAL HOSPITAL, INC",WV,Acute Care Hospitals,2,161,376
ST JOHNS HOSPITAL,IL,Acute Care Hospitals,2,162,364
HEARTLAND REGIONAL MEDICAL CENTER,IL,Acute Care Hospitals,2,162,382
EAST JEFFERSON GENERAL HOSPITAL,LA,Acute Care Hospitals,2,162,794
CARSON TAHOE REGIONAL MEDICAL CENTER,NV,Acute Care Hospitals,2,162,351
CHEROKEE MEDICAL CENTER,SC,Acute Care Hospitals,2,162,366
VOLUNTEER COMMUNITY HOSPITAL,TN,Acute Care Hospitals,2,162,420
PHYSICIANS REGIONAL MEDICAL CENTER - PINE RIDGE,FL,Acute Care Hospitals,2,163,398
SINGING RIVER GULFPORT,MS,Acute Care Hospitals,2,163,502
HENDERSON HOSPITAL,NV,Acute Care Hospitals,2,163,377
MOUNT ST. MARY'S HOSPITAL & HEALTH CENTER,NY,Acute Care Hospitals,2,163,372
INDIANA REGIONAL MEDICAL CENTER,PA,Acute Care Hospitals,2,163,395
UVA HEALTH CULPEPER MEDICAL CENTER,VA,Acute Care Hospitals,2,163,375
WARREN MEMORIAL HOSPITAL,VA,Acute Care Hospitals,2,163,439
THE HOSPITALS OF PROVIDENCE - EAST CAMPUS,TX,Acute Care Hospitals,2,163,478
CRESCENT MEDICAL CENTER LANCASTER,TX,Acute Care Hospitals,2,163,245
DEKALB REGIONAL MEDICAL CENTER,AL,Acute Care Hospitals,2,164,378
WELLINGTON REGIONAL MEDICAL CENTER,FL,Acute Care Hospitals,2,164,389
SUNRISE HOSPITAL AND MEDICAL CENTER,NV,Acute Care Hospitals,2,164,333
SAINT CLARE'S HOSPITAL/ DENVILLE CAMPUS,NJ,Acute Care Hospitals,2,164,400
UNITED MEMORIAL MEDICAL CENTER,NY,Acute Care Hospitals,2,164,20214
PENN HIGHLANDS DUBOIS,PA,Acute Care Hospitals,2,164,398
TENNOVA HEALTHCARE-JEFFERSON MEMORIAL HOSPITAL,TN,Acute Care Hospitals,2,165,379
ABRAZO CENTRAL CAMPUS,AZ,Acute Care Hospitals,2,166,434
PAINTSVILLE ARH HOSPITAL,KY,Acute Care Hospitals,2,166,441
CAPITAL HEALTH REGIONAL MEDICAL CENTER,NJ,Acute Care Hospitals,2,166,352
MOUNTAIN VIEW REGIONAL MEDICAL CENTER,NM,Acute Care Hospitals,2,166,374
ROBERT PACKER HOSPITAL,PA,Acute Care Hospitals,2,166,561
WYANDOTTE HOSPITAL AND MEDICAL CENTER,MI,Acute Care Hospitals,2,167,350
CENTENNIAL HILLS HOSPITAL MEDICAL CENTER,NV,Acute Care Hospitals,2,167,382
MARIA PARHAM MEDICAL CENTER,NC,Acute Care Hospitals,2,167,373
MARSHFIELD MEDICAL CENTER - RICE LAKE,WI,Acute Care Hospitals,2,167,435
DOCTORS HOSPITAL OF MANTECA,CA,Acute Care Hospitals,2,168,456
HCA FLORIDA BAYONET POINT HOSPITAL,FL,Acute Care Hospitals,2,168,406
TRINITY REGIONAL MEDICAL CENTER,IA,Acute Care Hospitals,2,168,366
DICKINSON COUNTY MEMORIAL HOSPITAL,MI,Acute Care Hospitals,2,168,404
BELLEVUE HOSPITAL CENTER,NY,Acute Care Hospitals,2,168,373
CLIFTON SPRINGS HOSPITAL AND CLINIC,NY,Acute Care Hospitals,2,168,8066
LEXINGTON MEMORIAL HOSPITAL INC,NC,Acute Care Hospitals,2,168,423
SIERRA MEDICAL CENTER,TX,Acute Care Hospitals,2,168,424
LUBBOCK HEART HOSPITAL LP,TX,Acute Care Hospitals,2,168,293
TRIOS HEALTH,WA,Acute Care Hospitals,2,168,353
KONA COMMUNITY HOSPITAL,HI,Acute Care Hospitals,2,169,380
OTTUMWA REGIONAL HEALTH CENTER,IA,Acute Care Hospitals,2,169,370
KANSAS MEDICAL CENTER LLC,KS,Acute Care Hospitals,2,169,457
LAKE CUMBERLAND REGIONAL HOSPITAL,KY,Acute Care Hospitals,2,169,424
HURLEY MEDICAL CENTER,MI,Acute Care Hospitals,2,169,276
NEWARK BETH ISRAEL MEDICAL CENTER,NJ,Acute Care Hospitals,2,169,402
THE HOSPITALS OF PROVIDENCE - MEMORIAL CAMPUS,TX,Acute Care Hospitals,2,169,462
VAUGHAN REGIONAL MEDICAL CENTER PARKWAY CAMPUS,AL,Acute Care Hospitals,2,170,388
FAIRBANKS MEMORIAL HOSPITAL,AK,Acute Care Hospitals,2,170,341
SOUTHEAST GEORGIA HEALTH SYSTEM- BRUNSWICK CAMPUS,GA,Acute Care Hospitals,2,170,383
HOLY CROSS HOSPITAL,IL,Acute Care Hospitals,2,170,361
SOUTH BROOKLYN HEALTH,NY,Acute Care Hospitals,2,170,401
GENESIS MEDICAL CENTER-DAVENPORT,IA,Acute Care Hospitals,2,171,386
SOUTH SUNFLOWER COUNTY HOSPITAL,MS,Acute Care Hospitals,2,171,259
MISSOURI BAPTIST SULLIVAN HOSPITAL,MO,Critical Access Hospitals,2,171,365
WILLAMETTE VALLEY MEDICAL CENTER,OR,Acute Care Hospitals,2,171,404
HENRY MAYO NEWHALL  HOSPITAL,CA,Acute Care Hospitals,2,172,1046
NATHAN LITTAUER HOSPITAL,NY,Acute Care Hospitals,2,172,370
NOVANT HEALTH HILTON HEAD MEDICAL CENTER,SC,Acute Care Hospitals,2,172,465
CHI ST LUKES HEALTH MEMORIAL LUFKIN,TX,Acute Care Hospitals,2,172,376
HAZARD ARH REGIONAL MEDICAL CENTER,KY,Acute Care Hospitals,2,173,397
CONEMAUGH MEMORIAL MEDICAL CENTER,PA,Acute Care Hospitals,2,173,1158
TRISTAR SKYLINE MEDICAL CENTER,TN,Acute Care Hospitals,2,173,401
LOGAN REGIONAL MEDICAL CENTER,WV,Acute Care Hospitals,2,173,440
HUDSON REGIONAL HOSPITAL,NJ,Acute Care Hospitals,2,174,401
FRYE REGIONAL MEDICAL CENTER,NC,Acute Care Hospitals,2,174,394
PRINCETON COMMUNITY HOSPITAL ASSN INC,WV,Acute Care Hospitals,2,174,332
BANNER CASA GRANDE MEDICAL CENTER,AZ,Acute Care Hospitals,2,175,365
OSF SAINT KATHARINE MEDICAL CENTER,IL,Acute Care Hospitals,2,175,391
LEGACY MERIDIAN PARK MEDICAL CENTER,OR,Acute Care Hospitals,2,175,389
AIKEN REGIONAL MEDICAL CENTER,SC,Acute Care Hospitals,2,175,373
"CONWAY REGIONAL MEDICAL CENTER, INC",AR,Acute Care Hospitals,2,176,358
ADVENTIST HEALTH CLEARLAKE,CA,Critical Access Hospitals,2,176,385
PIEDMONT EASTSIDE MEDICAL CENTER,GA,Acute Care Hospitals,2,176,389
NORTON-KING'S DAUGHTERS' HEALTH,IN,Acute Care Hospitals,2,176,458
HUTCHINSON REGIONAL MEDICAL CENTER INC,KS,Acute Care Hospitals,2,176,389
TUG VALLEY ARH REGIONAL MEDICAL CENTER,KY,Acute Care Hospitals,2,176,425
ATHOL MEMORIAL HOSPITAL,MA,Critical Access Hospitals,2,176,306
MERCY HOSPITAL STODDARD,MO,Acute Care Hospitals,2,176,310
COLUMBUS COMMUNITY HOSPITAL,TX,Acute Care Hospitals,2,176,350
OVERLAKE HOSPITAL MEDICAL CENTER & CLINICS,WA,Acute Care Hospitals,2,176,359
JOHN MUIR MEDICAL CENTER - WALNUT CREEK CAMPUS,CA,Acute Care Hospitals,2,177,363
HALIFAX HEALTH MEDICAL CENTER,FL,Acute Care Hospitals,2,177,333
ARKANSAS METHODIST MEDICAL CENTER,AR,Acute Care Hospitals,2,178,339
VENTURA COUNTY MEDICAL CENTER,CA,Acute Care Hospitals,2,178,362
WELLSTAR NORTH FULTON MEDICAL CENTER,GA,Acute Care Hospitals,2,178,352
NORTHERN LIGHT SEBASTICOOK VALLEY HOSPITAL,ME,Critical Access Hospitals,2,178,460
NACOGDOCHES MEMORIAL HOSPITAL,TX,Acute Care Hospitals,2,178,342
ABRAZO WEST CAMPUS,AZ,Acute Care Hospitals,2,179,471
VALLEY REGIONAL MEDICAL CENTER,TX,Acute Care Hospitals,2,179,408
YUMA REGIONAL MEDICAL CENTER,AZ,Acute Care Hospitals,2,180,376
WHITE COUNTY MEDICAL CENTER,AR,Acute Care Hospitals,2,180,382
WATSONVILLE COMMUNITY HOSPITAL,CA,Acute Care Hospitals,2,180,309
WASHINGTON HOSPITAL,CA,Acute Care Hospitals,2,180,374
CRISP REGIONAL HOSPITAL,GA,Acute Care Hospitals,2,180,345
ST LUKES REGIONAL MEDICAL CENTER,IA,Acute Care Hospitals,2,180,368
NORTH OAKS MEDICAL CENTER,LA,Acute Care Hospitals,2,180,344
UNIVERSITY OF MISSISSIPPI MED CENTER,MS,Acute Care Hospitals,2,180,348
GARNET HEALTH  MEDICAL CENTER CATSKILLS,NY,Acute Care Hospitals,2,180,368
CENTRAL CAROLINA HOSPITAL,NC,Acute Care Hospitals,2,180,402
SPARTANBURG MEDICAL CENTER,SC,Acute Care Hospitals,2,180,389
HUNT REGIONAL MEDICAL CENTER,TX,Acute Care Hospitals,2,180,402
NAVARRO REGIONAL HOSPITAL,TX,Acute Care Hospitals,2,180,377
ST BERNARDINE MEDICAL CENTER,CA,Acute Care Hospitals,2,181,353
DESERT REGIONAL MEDICAL CENTER,CA,Acute Care Hospitals,2,181,454
SAINT FRANCIS HOSPITAL-EVANSTON,IL,Acute Care Hospitals,2,181,261
ST CLAIRE REGIONAL MEDICAL CENTER,KY,Acute Care Hospitals,2,181,385
POPLAR BLUFF REGIONAL MEDICAL CENTER,MO,Acute Care Hospitals,2,181,384
CHARLESTON AREA MEDICAL CENTER,WV,Acute Care Hospitals,2,181,379
MARSHFIELD MEDICAL CENTER - BEAVER DAM (MMC-BD),WI,Acute Care Hospitals,2,181,461
MERIT HEALTH NATCHEZ,MS,Acute Care Hospitals,2,182,393
OZARKS HEALTHCARE,MO,Acute Care Hospitals,2,182,366
VALLEY HOSPITAL MEDICAL CENTER,NV,Acute Care Hospitals,2,182,335
"ROME MEMORIAL HOSPITAL, INC",NY,Acute Care Hospitals,2,182,378
ROXBOROUGH MEMORIAL HOSPITAL,PA,Acute Care Hospitals,2,182,418
THE HOSPITALS OF PROVIDENCE TRANSMOUNTAIN CAMPUS,TX,Acute Care Hospitals,2,182,476
ATHENS LIMESTONE HOSPITAL,AL,Acute Care Hospitals,2,183,354
NORTHBAY MEDICAL CENTER,CA,Acute Care Hospitals,2,183,453
ORANGE COUNTY GLOBAL MEDICAL CENTER,CA,Acute Care Hospitals,2,183,448
GENEVA GENERAL HOSPITAL,NY,Acute Care Hospitals,2,183,459
GUADALUPE REGIONAL MEDICAL CENTER,TX,Acute Care Hospitals,2,183,345
RIVERSIDE COMMUNITY HOSPITAL,CA,Acute Care Hospitals,2,184,360
ATRIUM HEALTH NAVICENT THE MEDICAL CENTER,GA,Acute Care Hospitals,2,184,365
GILA REGIONAL MEDICAL CENTER,NM,Critical Access Hospitals,2,184,335
HELEN KELLER HOSPITAL,AL,Acute Care Hospitals,2,185,349
MOBILE INFIRMARY MEDICAL CENTER,AL,Acute Care Hospitals,2,185,395
CHI ST ALEXIUS HEALTH DICKINSON,ND,Critical Access Hospitals,2,185,353
ST. MARY'S HOSPITAL,AZ,Acute Care Hospitals,2,186,458
HONORHEALTH FOUR PEAKS MEDICAL CENTER,AZ,Acute Care Hospitals,2,186,590
ST MARY MEDICAL CENTER,IL,Acute Care Hospitals,2,186,327
MCLAREN FLINT,MI,Acute Care Hospitals,2,186,414
MCLAREN LAPEER REGION,MI,Acute Care Hospitals,2,186,351
BEAUMONT HOSPITAL - TAYLOR,MI,Acute Care Hospitals,2,186,371
ANDERSON REGIONAL MEDICAL CENTER,MS,Acute Care Hospitals,2,186,395
REGIONAL HOSPITAL OF SCRANTON,PA,Acute Care Hospitals,2,186,499
CHRISTUS SPOHN HOSPITAL KLEBERG,TX,Acute Care Hospitals,2,186,360
MERCY MEDICAL CENTER REDDING,CA,Acute Care Hospitals,2,187,364
BAPTIST HEALTH DEACONESS MADISONVILLE,KY,Acute Care Hospitals,2,187,376
SHELBY BAPTIST MEDICAL CENTER,AL,Acute Care Hospitals,2,188,423
ARKANSAS HEART HOSPITAL-ENCORE,AR,Acute Care Hospitals,2,188,358
BOCA RATON REGIONAL HOSPITAL,FL,Acute Care Hospitals,2,188,348
OSF SACRED HEART MEDICAL CENTER,IL,Acute Care Hospitals,2,188,337
SAINT JOSEPH REGIONAL MEDICAL CENTER,IN,Acute Care Hospitals,2,188,410
MERCYONE NORTH IOWA MEDICAL CENTER,IA,Acute Care Hospitals,2,188,467
PIEDMONT MEDICAL CENTER,SC,Acute Care Hospitals,2,188,859
THOMAS HOSPITAL,AL,Acute Care Hospitals,2,189,374
DEACONESS HOSPITAL INC,IN,Acute Care Hospitals,2,189,387
UNIONTOWN HOSPITAL,PA,Acute Care Hospitals,2,189,369
"CAMC GREENBRIER VALLEY MEDICAL CENTER, INC",WV,Acute Care Hospitals,2,189,371
BAXTER HEALTH,AR,Acute Care Hospitals,2,190,320
BENEFIS HOSPITALS INC,MT,Acute Care Hospitals,2,190,368
SAN JUAN REGIONAL MEDICAL CENTER INC,NM,Acute Care Hospitals,2,190,390
PLAINS REGIONAL MEDICAL CENTER,NM,Acute Care Hospitals,2,190,438
LICKING MEMORIAL HOSPITAL,OH,Acute Care Hospitals,2,190,367
HUNTSVILLE MEMORIAL HOSPITAL,TX,Acute Care Hospitals,2,190,352
STARR COUNTY MEMORIAL HOSPITAL,TX,Acute Care Hospitals,2,190,358
UNIVERSITY MEDICAL CENTER,TX,Acute Care Hospitals,2,190,387
YAVAPAI REGIONAL MEDICAL CENTER,AZ,Acute Care Hospitals,2,191,379
TANNER MEDICAL CENTER - CARROLLTON,GA,Acute Care Hospitals,2,191,389
CANDLER HOSPITAL,GA,Acute Care Hospitals,2,191,363
VISTA MEDICAL CENTER EAST,IL,Acute Care Hospitals,2,191,352
SAINT ANTHONY HOSPITAL,IL,Acute Care Hospitals,2,191,354
WELLSTAR SPALDING MEDICAL CENTER,GA,Acute Care Hospitals,2,192,344
LIBERTY HOSPITAL,MO,Acute Care Hospitals,2,192,358
MONTEFIORE ST LUKE'S CORNWALL,NY,Acute Care Hospitals,2,192,698
WELLMONT BRISTOL REGIONAL MEDICAL CENTER,TN,Acute Care Hospitals,2,192,353
RALEIGH GENERAL HOSPITAL,WV,Acute Care Hospitals,2,192,412
HIGHLANDS ARH REGIONAL MEDICAL CENTER,KY,Acute Care Hospitals,2,193,439
HARLAN ARH HOSPITAL,KY,Acute Care Hospitals,2,193,402
BROOKLYN HOSPITAL CENTER - DOWNTOWN CAMPUS,NY,Acute Care Hospitals,2,193,368
ADVENTIST HEALTH AND RIDEOUT,CA,Acute Care Hospitals,2,194,386
BRISTOL HOSPITAL,CT,Acute Care Hospitals,2,194,437
PALMETTO GENERAL HOSPITAL,FL,Acute Care Hospitals,2,194,347
GENESIS HLTH SYSTEM DBA GENESIS MDL CTR-ILLINI,IL,Acute Care Hospitals,2,194,392
HEYWOOD HOSPITAL -,MA,Acute Care Hospitals,2,194,340
GRANVILLE HEALTH SYSTEMS,NC,Acute Care Hospitals,2,194,359
SKY LAKES MEDICAL CENTER,OR,Acute Care Hospitals,2,194,365
INDEPENDENCE HEALTH SYSTEM BUTLER MEMORIAL HOSPITA,PA,Acute Care Hospitals,2,194,334
LEHIGH VALLEY HOSPITAL - HAZLETON,PA,Acute Care Hospitals,2,194,354
WHITE ROCK MEDICAL CENTER,TX,Acute Care Hospitals,2,194,333
BETHESDA HOSPITAL EAST,FL,Acute Care Hospitals,2,195,374
TRINITY HEALTH OAKLAND HOSPITAL,MI,Acute Care Hospitals,2,195,371
WEST ANAHEIM MEDICAL CENTER,CA,Acute Care Hospitals,2,196,358
BANNER WYOMING MEDICAL CENTER,WY,Acute Care Hospitals,2,196,385
NAVICENT HEALTH BALDWIN,GA,Acute Care Hospitals,2,197,353
"NORTON HOSPITALS, INC",KY,Acute Care Hospitals,2,197,641
MISSOURI DELTA MEDICAL CENTER,MO,Acute Care Hospitals,2,197,385
ROBERT WOOD JOHNSON UNIVERSITY HOSPITAL,NJ,Acute Care Hospitals,2,197,404
ST JOSEPH MEDICAL CENTER,IL,Acute Care Hospitals,2,198,364
MEMORIAL HOSPITAL OF SOUTH BEND,IN,Acute Care Hospitals,2,198,447
MERCYONE SIOUXLAND MEDICAL CENTER,IA,Acute Care Hospitals,2,198,363
BEAUMONT HOSPITAL - DEARBORN,MI,Acute Care Hospitals,2,198,380
MASON GENERAL HOSPITAL & FAMILY OF CLINICS,WA,Critical Access Hospitals,2,198,401
BASSETT HEALTHCARE,NY,Acute Care Hospitals,2,199,372
MORRISTOWN HAMBLEN HOSPITAL ASSOCIATION,TN,Acute Care Hospitals,2,199,451
ADVENTIST HEALTHCARE SHADY GROVE MEDICAL CENTER,MD,Acute Care Hospitals,2,200,496
POTTSTOWN HOSPITAL,PA,Acute Care Hospitals,2,200,388
SOVAH HEALTH DANVILLE,VA,Acute Care Hospitals,2,200,401
VALLEY MEDICAL CENTER,WA,Acute Care Hospitals,2,200,384
REGIONAL WEST MEDICAL CENTER,NE,Acute Care Hospitals,2,201,399
GADSDEN REGIONAL MEDICAL CENTER,AL,Acute Care Hospitals,2,202,399
CENTINELA HOSPITAL MEDICAL CENTER,CA,Acute Care Hospitals,2,202,335
NORTHERN LIGHT  A R GOULD HOSPITAL,ME,Acute Care Hospitals,2,202,401
CAPE COD HOSPITAL,MA,Acute Care Hospitals,2,202,372
ECU HEALTH NORTH HOSPITAL,NC,Acute Care Hospitals,2,202,367
CANYON VISTA MEDICAL CENTER,AZ,Acute Care Hospitals,2,203,676
SLIDELL MEMORIAL HOSPITAL,LA,Acute Care Hospitals,2,203,371
WOODHULL MEDICAL & MENTAL HEALTH CENTER,NY,Acute Care Hospitals,2,203,345
O U MEDICAL CENTER,OK,Acute Care Hospitals,2,203,367
BLOUNT MEMORIAL HOSPITAL,TN,Acute Care Hospitals,2,203,366
SGMC HEALTH,GA,Acute Care Hospitals,2,204,452
MEMORIAL MEDICAL CENTER,NM,Acute Care Hospitals,2,204,408
GEISINGER-COMMUNITY MEDICAL CENTER,PA,Acute Care Hospitals,2,204,666
TWIN COUNTY REGIONAL HOSPITAL,VA,Acute Care Hospitals,2,204,382
EMANUEL MEDICAL CENTER,CA,Acute Care Hospitals,2,205,408
NORTH MISSISSIPPI MEDICAL CENTER,MS,Acute Care Hospitals,2,205,400
TRINITY MEDICAL CTR EAST &TRINITY MEDICAL CTR WEST,OH,Acute Care Hospitals,2,205,388
MUSC MEDICAL CENTER,SC,Acute Care Hospitals,2,205,373
AFFILIATE OF VITRUVIAN HEALTH,TN,Acute Care Hospitals,2,205,387
ST JOSEPH'S HOSPITAL - SAVANNAH,GA,Acute Care Hospitals,2,206,367
CAPITAL HEALTH MEDICAL CENTER - HOPEWELL,NJ,Acute Care Hospitals,2,206,365
NEWARK-WAYNE COMMUNITY HOSPITAL,NY,Acute Care Hospitals,2,206,17544
MAIMONIDES MEDICAL CENTER,NY,Acute Care Hospitals,2,206,396
TUCSON MEDICAL CENTER,AZ,Acute Care Hospitals,2,207,385
ARROWHEAD REGIONAL MEDICAL CENTER,CA,Acute Care Hospitals,2,207,417
KERALTY HOSPITAL,FL,Acute Care Hospitals,2,207,532
PALISADES MEDICAL CENTER,NJ,Acute Care Hospitals,2,207,361
INSIGHT HOSPITAL AND MEDICAL CENTER TRUMBULL,OH,Acute Care Hospitals,2,207,161
WELLMONT HOLSTON VALLEY MEDICAL CENTER,TN,Acute Care Hospitals,2,207,346
CARROLLTON REGIONAL MEDICAL CENTER,TX,Acute Care Hospitals,2,207,503
"WHEELING HOSPITAL, INC",WV,Acute Care Hospitals,2,207,440
OWENSBORO HEALTH REGIONAL HOSPITAL,KY,Acute Care Hospitals,2,208,384
COVENANT MEDICAL CENTER,MI,Acute Care Hospitals,2,208,324
WILKES-BARRE GENERAL HOSPITAL,PA,Acute Care Hospitals,2,208,386
UNIVERSITY OF IOWA HOSPITAL & CLINICS,IA,Acute Care Hospitals,2,210,369
TACOMA GENERAL ALLENMORE HOSPITAL,WA,Acute Care Hospitals,2,210,737
TUFTS MEDICAL CENTER,MA,Acute Care Hospitals,2,211,352
PIEDMONT AUGUSTA HOSPITAL,GA,Acute Care Hospitals,2,212,390
PHELPS COUNTY REGIONAL MEDICAL CENTER,MO,Acute Care Hospitals,2,212,344
ARNOT OGDEN MEDICAL CENTER,NY,Acute Care Hospitals,2,212,319
MISSISSIPPI BAPTIST MEDICAL CENTER,MS,Acute Care Hospitals,2,213,487
MERCY CATHOLIC MEDICAL CENTER- MERCY FITZGERALD,PA,Acute Care Hospitals,2,213,407
MULTICARE AUBURN MEDICAL CENTER,WA,Acute Care Hospitals,2,213,370
BAPTIST MEDICAL CENTER SOUTH,AL,Acute Care Hospitals,2,214,397
USA HEALTH UNIVERSITY HOSPITAL,AL,Acute Care Hospitals,2,214,382
CARLE FOUNDATION HOSPITAL,IL,Acute Care Hospitals,2,214,373
WAYNE MEMORIAL HOSPITAL,PA,Acute Care Hospitals,2,214,318
UNIVERSITY OF ALABAMA HOSPITAL,AL,Acute Care Hospitals,2,215,1986
THE MEDICAL CENTER (BOWLING GREEN),KY,Acute Care Hospitals,2,216,1437
BAYSTATE NOBLE HOSPITAL,MA,Acute Care Hospitals,2,216,331
COOPER UNIVERSITY HOSPITAL,NJ,Acute Care Hospitals,2,216,350
PECONIC BAY MEDICAL CENTER,NY,Acute Care Hospitals,2,216,368
NAZARETH HOSPITAL,PA,Acute Care Hospitals,2,216,395
ASCENSION PROVIDENCE,TX,Acute Care Hospitals,2,216,286
SOUTHERN NH MEDICAL CENTER,NH,Acute Care Hospitals,2,217,511
LOVELACE MEDICAL CENTER,NM,Acute Care Hospitals,2,217,367
JACOBI MEDICAL CENTER,NY,Acute Care Hospitals,2,217,366
FLUSHING HOSPITAL MEDICAL CENTER,NY,Acute Care Hospitals,2,217,395
BSA HOSPITAL,TX,Acute Care Hospitals,2,217,381
SAN JOAQUIN GENERAL HOSPITAL,CA,Acute Care Hospitals,2,218,850
UCI HEALTH-LAKEWOOD,CA,Acute Care Hospitals,2,218,340
CAPE FEAR VALLEY MEDICAL CENTER,NC,Acute Care Hospitals,2,219,360
PARRISH MEDICAL CENTER,FL,Acute Care Hospitals,2,220,460
CARLE HEALTH METHODIST HOSPITAL,IL,Acute Care Hospitals,2,220,351
ST VINCENT HOSPITAL,MA,Acute Care Hospitals,2,220,526
WYCKOFF HEIGHTS MEDICAL CENTER,NY,Acute Care Hospitals,2,220,419
TEMPLE HEALTH - CHESTNUT HILL HOSPITAL,PA,Acute Care Hospitals,2,220,355
REDLANDS COMMUNITY HOSPITAL,CA,Acute Care Hospitals,2,222,322
FORREST GENERAL HOSPITAL,MS,Acute Care Hospitals,2,222,514
AUBURN  COMMUNITY  HOSPITAL,NY,Acute Care Hospitals,2,223,381
CATAWBA VALLEY MEDICAL CENTER,NC,Acute Care Hospitals,2,223,473
FLOWERS HOSPITAL,AL,Acute Care Hospitals,2,224,401
WATERBURY HOSPITAL,CT,Acute Care Hospitals,2,224,358
ASCENSION ST VINCENT ANDERSON,IN,Acute Care Hospitals,2,224,269
SOUTH SHORE HOSPITAL,MA,Acute Care Hospitals,2,225,357
PROVIDENCE MEDFORD MEDICAL CENTER,OR,Acute Care Hospitals,2,225,398
LOMA LINDA UNIVERSITY MEDICAL CENTER-MURRIETA,CA,Acute Care Hospitals,2,226,371
DAY KIMBALL HOSPITAL,CT,Acute Care Hospitals,2,226,361
ARCHBOLD MEMORIAL HOSPITAL,GA,Acute Care Hospitals,2,226,469
SAINT ANTHONY MEDICAL CENTER,IL,Acute Care Hospitals,2,226,348
F F THOMPSON HOSPITAL,NY,Acute Care Hospitals,2,226,379
CAMDEN CLARK MEDICAL CENTER,WV,Acute Care Hospitals,2,226,359
CROUSE HOSPITAL,NY,Acute Care Hospitals,2,227,375
DCH REGIONAL MEDICAL CENTER,AL,Acute Care Hospitals,2,228,380
PROVIDENCE ST MARY MEDICAL CENTER,CA,Acute Care Hospitals,2,228,352
ST JOSEPH'S HOSPITAL HEALTH CENTER,NY,Acute Care Hospitals,2,228,326
ST MARY MEDICAL CENTER,PA,Acute Care Hospitals,2,229,405
LANDMARK MEDICAL CENTER,RI,Acute Care Hospitals,2,229,404
BAYLOR SCOTT AND WHITE MEDICAL CENTER SUNNYVALE,TX,Acute Care Hospitals,2,229,431
PIH HEALTH GOOD SAMARITAN HOSPITAL,CA,Acute Care Hospitals,2,230,215
THE UNIVERSITY OF VERMONT HEALTH NETWORK  - CHAMPL,NY,Acute Care Hospitals,2,230,537
COMMUNITY FIRST MEDICAL CENTER,IL,Acute Care Hospitals,2,233,311
HOLY FAMILY HOSPITAL,MA,Acute Care Hospitals,2,233,403
"UNITED HEALTH SERVICES HOSPITALS, INC",NY,Acute Care Hospitals,2,234,533
JEFFERSON STRATFORD HOSPITAL,NJ,Acute Care Hospitals,2,235,340
MARLBOROUGH HOSPITAL,MA,Acute Care Hospitals,2,236,350
CARTERET GENERAL HOSPITAL,NC,Acute Care Hospitals,2,236,374
ROCHESTER GENERAL HOSPITAL,NY,Acute Care Hospitals,2,237,70198
MCLAREN PORT HURON,MI,Acute Care Hospitals,2,238,343
HIGH POINT REGIONAL HEALTH SYSTEM,NC,Acute Care Hospitals,2,238,428
NORTHWEST MEDICAL CENTER,AZ,Acute Care Hospitals,2,240,363
UMD UPPER CHESAPEAKE MEDICAL CENTER,MD,Acute Care Hospitals,2,240,396
UNIVERSITY MEDICAL CENTER,NV,Acute Care Hospitals,2,240,357
ST JOE MERCY HOSPITAL SYSTEM LIVONIA,MI,Acute Care Hospitals,2,242,360
FREEMAN HEALTH SYSTEM - FREEMAN WEST,MO,Acute Care Hospitals,2,242,326
WESTCHESTER MEDICAL CENTER,NY,Acute Care Hospitals,2,242,717
SAINT AGNES MEDICAL CENTER,CA,Acute Care Hospitals,2,244,411
CLOVIS COMMUNITY MEDICAL CENTER,CA,Acute Care Hospitals,2,244,1094
PIEDMONT HENRY HOSPITAL,GA,Acute Care Hospitals,2,244,361
ADVOCATE TRINITY HOSPITAL,IL,Acute Care Hospitals,2,244,711
MERRIMACK HEALTH LAWRENCE HOSPITAL,MA,Acute Care Hospitals,2,245,416
EMORY DECATUR HOSPITAL,GA,Acute Care Hospitals,2,246,361
MERCY HOSPITAL SOUTH,MO,Acute Care Hospitals,2,246,409
NYACK HOSPITAL,NY,Acute Care Hospitals,2,246,546
QUEENS HOSPITAL CENTER,NY,Acute Care Hospitals,2,246,390
OCHSNER LSU HEALTH SHREVEPORT,LA,Acute Care Hospitals,2,247,282
NORTHWEST HOSPITAL CENTER,MD,Acute Care Hospitals,2,248,452
LINCOLN MEDICAL & MENTAL HEALTH CENTER,NY,Acute Care Hospitals,2,248,311
SOUTHEASTERN REGIONAL MEDICAL CENTER,NC,Acute Care Hospitals,2,248,338
COOKEVILLE REGIONAL MEDICAL CENTER,TN,Acute Care Hospitals,2,249,373
"COOLEY DICKINSON HOSPITAL INC,THE",MA,Acute Care Hospitals,2,252,370
University of Arkansas Medical Sciences,AR,Acute Care Hospitals,2,253,2963
CALIFORNIA HOSPITAL MEDICAL CENTER LA,CA,Acute Care Hospitals,2,254,370
ST DOMINIC-JACKSON MEMORIAL HOSPITAL,MS,Acute Care Hospitals,2,254,1804
ELMHURST HOSPITAL CENTER,NY,Acute Care Hospitals,2,256,344
EMORY HOUSTON HOSPITAL WARNER ROBINS,GA,Acute Care Hospitals,2,258,552
OSF LITTLE COMPANY OF MARY MEDICAL CENTER,IL,Acute Care Hospitals,2,259,299
SAMARITAN MEDICAL CENTER,NY,Acute Care Hospitals,2,260,322
LOWELL GENERAL HOSPITAL,MA,Acute Care Hospitals,2,262,362
GOOD SAMARITAN MEDICAL CENTER,MA,Acute Care Hospitals,2,264,321
BANNER BAYWOOD MEDICAL CENTER,AZ,Acute Care Hospitals,2,266,342
BANNER DESERT MEDICAL CENTER,AZ,Acute Care Hospitals,2,269,371
HMHP ST ELIZABETH BOARDMAN HEALTH CENTER,OH,Acute Care Hospitals,2,272,366
LOYOLA UNIVERSITY MEDICAL CENTER,IL,Acute Care Hospitals,2,273,357
ST FRANCIS HOSPITAL & MEDICAL CENTER,CT,Acute Care Hospitals,2,275,385
"BAYHEALTH MEDICAL CENTER, KENT CAMPUS",DE,Acute Care Hospitals,2,278,342
SAINT FRANCIS MEDICAL CENTER,IL,Acute Care Hospitals,2,278,358
MERCY MEDICAL CTR,MA,Acute Care Hospitals,2,278,372
UNM HOSPITAL,NM,Acute Care Hospitals,2,279,323
ADVENTIST HEALTH BAKERSFIELD,CA,Acute Care Hospitals,2,280,394
JOHN H STROGER JR HOSPITAL,IL,Acute Care Hospitals,2,280,389
ECU HEALTH MEDICAL CENTER,NC,Acute Care Hospitals,2,280,378
BAYSTATE MEDICAL CENTER,MA,Acute Care Hospitals,2,282,344
ELLIOT HOSPITAL,NH,Acute Care Hospitals,2,283,374
MEMORIALCARE LONG BEACH MEDICAL CENTER,CA,Acute Care Hospitals,2,287,323
PHOEBE PUTNEY MEMORIAL HOSPITAL,GA,Acute Care Hospitals,2,287,442
PRESBYTERIAN HOSPITAL,NM,Acute Care Hospitals,2,287,375
JEFFERSON HEALTH- NORTHEAST,PA,Acute Care Hospitals,2,290,293
UNITY HOSPITAL,NY,Acute Care Hospitals,2,294,34968
HARBORVIEW MEDICAL CENTER,WA,Acute Care Hospitals,2,306,590
MERCY HOSPITAL OF BUFFALO,NY,Acute Care Hospitals,2,309,365
HOLY CROSS HOSPITAL,MD,Acute Care Hospitals,2,314,394
LAC/OLIVE VIEW-UCLA MEDICAL CENTER,CA,Acute Care Hospitals,2,318,337
ZUCKERBERG SAN FRANCISCO GENERAL HOSP & TRAUMA CTR,CA,Acute Care Hospitals,2,319,322
GRADY MEMORIAL HOSPITAL,GA,Acute Care Hospitals,2,324,332
LOS ANGELES GENERAL MEDICAL CENTER,CA,Acute Care Hospitals,2,325,359
DOCTORS CENTER HOSPITAL ORLANDO HEALTH DORADO,PR,Acute Care Hospitals,2,328,369
EMORY UNIVERSITY HOSPITAL MIDTOWN,GA,Acute Care Hospitals,2,345,364
ERIE COUNTY MEDICAL CENTER,NY,Acute Care Hospitals,2,346,329
UNIVERSITY MEDICAL CENTER NEW ORLEANS,LA,Acute Care Hospitals,2,353,368
ST PETER'S HOSPITAL,NY,Acute Care Hospitals,2,374,389
GEORGE WASHINGTON UNIV HOSPITAL,DC,Acute Care Hospitals,2,380,372
MEDSTAR SOUTHERN MARYLAND HOSPITAL CENTER,MD,Acute Care Hospitals,2,386,333
MYRTUE MEDICAL CENTER,IA,Critical Access Hospitals,3,59,369
PURCELL MUNICIPAL HOSPITAL,OK,Acute Care Hospitals,3,69,350
RUSSELL REGIONAL HOSPITAL,KS,Critical Access Hospitals,3,75,233
SILOAM SPRINGS REGIONAL HOSPITAL,AR,Acute Care Hospitals,3,83,667
PERSHING MEMORIAL HOSPITAL,MO,Critical Access Hospitals,3,84,368
MITCHELL COUNTY REGIONAL HEALTH,IA,Critical Access Hospitals,3,86,186
CLAY COUNTY HOSPITAL,IL,Critical Access Hospitals,3,88,246
YOAKUM COMMUNITY HOSPITAL,TX,Critical Access Hospitals,3,90,337
HIAWATHA COMMUNITY HOSPITAL,KS,Critical Access Hospitals,3,92,290
BATES COUNTY MEMORIAL HOSPITAL,MO,Acute Care Hospitals,3,93,399
ADVENTHEALTH OTTAWA,KS,Acute Care Hospitals,3,94,378
COMMUNITY HOSPITAL ASSOCIATION,MO,Critical Access Hospitals,3,94,226
NESHOBA COUNTY GENERAL HOSPITAL,MS,Acute Care Hospitals,3,95,417
FAIRFIELD MEMORIAL HOSPITAL 1,IL,Critical Access Hospitals,3,96,624
MEMORIAL HEALTH CARE SYSTEMS,NE,Critical Access Hospitals,3,97,281
LAKELAND COMMUNITY HOSPITAL,AL,Acute Care Hospitals,3,98,422
GREATER REGIONAL MEDICAL CENTER,IA,Critical Access Hospitals,3,98,360
MERIT HEALTH CENTRAL,MS,Acute Care Hospitals,3,98,398
STERLING REGIONAL MEDCENTER,CO,Acute Care Hospitals,3,99,377
HCA FLORIDA NORTH FLORIDA HOSPITAL,FL,Acute Care Hospitals,3,99,429
CASEY COUNTY HOSPITAL,KY,Critical Access Hospitals,3,100,323
CUYUNA REGIONAL MEDICAL CENTER,MN,Critical Access Hospitals,3,100,408
BAPTIST HEALTH MEDICAL CENTER-STUTTGART,AR,Acute Care Hospitals,3,101,311
HCA FLORIDA ORANGE PARK HOSPITAL,FL,Acute Care Hospitals,3,101,407
FULTON COUNTY MEDICAL CENTER,PA,Critical Access Hospitals,3,101,359
PALO PINTO GENERAL HOSPITAL,TX,Acute Care Hospitals,3,101,393
SOUTH ARKANSAS REGIONAL HOSPITAL LLC,AR,Acute Care Hospitals,3,102,383
OVIEDO MEDICAL CENTER,FL,Acute Care Hospitals,3,102,398
"TY COBB REGIONAL MEDICAL CENTER, LLC",GA,Acute Care Hospitals,3,102,392
FAITH HEALTH,NE,Acute Care Hospitals,3,102,381
COMANCHE COUNTY MEDICAL CENTER,TX,Critical Access Hospitals,3,102,348
ST MARYS HOSPITAL MEDICAL CTR,WI,Acute Care Hospitals,3,102,358
MARION REGIONAL MEDICAL CENTER,AL,Acute Care Hospitals,3,103,409
HCA FLORIDA BRANDON HOSPITAL,FL,Acute Care Hospitals,3,103,422
ESSENTIA HEALTH,ND,Acute Care Hospitals,3,104,351
"SAINT FRANCIS HOSPITAL VINITA, INC",OK,Acute Care Hospitals,3,104,420
GRANT MEMORIAL HOSPITAL,WV,Critical Access Hospitals,3,105,347
HOWARD MEMORIAL HOSPITAL,AR,Critical Access Hospitals,3,106,389
CARLE HEALTH PEKIN HOSPITAL,IL,Acute Care Hospitals,3,106,344
HSHS HOLY FAMILY HOSPITAL INC,IL,Acute Care Hospitals,3,106,333
REPUBLIC COUNTY HOSPITAL,KS,Critical Access Hospitals,3,106,292
BAPTIST MEMORIAL HOSPITAL BOONEVILLE,MS,Acute Care Hospitals,3,106,404
OAKBEND MEDICAL CENTER,TX,Acute Care Hospitals,3,106,353
ASCENSION SACRED HEART GULF,FL,Acute Care Hospitals,3,107,306
OGDEN REGIONAL MEDICAL CENTER,UT,Acute Care Hospitals,3,107,430
ACADIA GENERAL HOSPITAL,LA,Acute Care Hospitals,3,108,364
CLAY COUNTY MEDICAL CORPORATION,MS,Acute Care Hospitals,3,108,411
CHADRON HOSPITAL,NE,Critical Access Hospitals,3,108,272
WALLOWA MEMORIAL HOSPITAL,OR,Critical Access Hospitals,3,108,240
MACON COMMUNITY HOSPITAL,TN,Critical Access Hospitals,3,108,397
PARIS COMMUNITY HOSPITAL,IL,Critical Access Hospitals,3,109,401
HARRISON COUNTY COMMUNITY HOSPITAL,MO,Critical Access Hospitals,3,109,293
NEWBERRY COUNTY MEMORIAL HOSPITAL,SC,Acute Care Hospitals,3,109,472
FLAMBEAU HOSPITAL,WI,Critical Access Hospitals,3,109,453
MEDICAL CITY ALLIANCE,TX,Acute Care Hospitals,3,109,412
Integris Health Woodward Hospital,OK,Acute Care Hospitals,3,110,361
WATERTOWN MEMORIAL HOSPITAL,WI,Acute Care Hospitals,3,110,397
THEDACARE MEDICAL CENTER - BERLIN INC,WI,Critical Access Hospitals,3,110,365
SHERIDAN MEMORIAL HOSPITAL,WY,Acute Care Hospitals,3,110,402
HCA FLORIDA RAULERSON HOSPITAL,FL,Acute Care Hospitals,3,112,397
DAVIESS COMMUNITY HOSPITAL,IN,Acute Care Hospitals,3,112,382
PARKVIEW NOBLE HOSPITAL,IN,Acute Care Hospitals,3,112,357
DECATUR COUNTY MEMORIAL HOSPITAL,IN,Critical Access Hospitals,3,112,430
OAKDALE COMMUNITY HOSPITAL,LA,Acute Care Hospitals,3,112,330
BAYLOR SCOTT & WHITE MEDICAL CENTER - FRISCO,TX,Acute Care Hospitals,3,112,378
ACADIAN MEDICAL CENTER,LA,Acute Care Hospitals,3,113,383
LIVINGSTON HEALTHCARE,MT,Critical Access Hospitals,3,113,424
TAHOE FOREST HOSPITAL,CA,Critical Access Hospitals,3,114,346
ILLINI COMMUNITY HOSPITAL,IL,Critical Access Hospitals,3,114,347
FINLEY HOSPITAL,IA,Acute Care Hospitals,3,114,352
HAYS MEDICAL CENTER,KS,Acute Care Hospitals,3,114,382
JACKSON COUNTY MEMORIAL HOSPITAL AUTHORITY,OK,Acute Care Hospitals,3,114,402
BAPTIST HEALTH MEDICAL CENTER HEBER SPRINGS,AR,Critical Access Hospitals,3,115,307
NORTHERN INYO HOSPITAL,CA,Critical Access Hospitals,3,115,358
HCA FLORIDA WEST HOSPITAL,FL,Acute Care Hospitals,3,115,406
MOUNTAIN VIEW HOSPITAL,ID,Acute Care Hospitals,3,115,847
SHOSHONE MEDICAL CENTER,ID,Critical Access Hospitals,3,115,400
METHODIST HOSPITAL ATASCOSA,TX,Acute Care Hospitals,3,115,379
BANNER LASSEN MEDICAL CENTER,CA,Critical Access Hospitals,3,116,367
OWENSBORO HEALTH TWIN LAKES MEDICAL CENTER,KY,Acute Care Hospitals,3,116,389
NANTUCKET COTTAGE HOSPITAL,MA,Acute Care Hospitals,3,116,372
MERCER COUNTY JOINT TOWNSHIP COMMUNITY HOSPITAL,OH,Acute Care Hospitals,3,116,372
AVERA SACRED HEART HOSPITAL,SD,Acute Care Hospitals,3,116,8280
TRISTAR HORIZON MEDICAL CENTER,TN,Acute Care Hospitals,3,116,393
SPOTSYLVANIA REGIONAL MEDICAL CENTER,VA,Acute Care Hospitals,3,116,408
LOURDES MEDICAL CENTER,WA,Critical Access Hospitals,3,116,355
THEDACARE MEDICAL CENTER-WAUPACA,WI,Critical Access Hospitals,3,116,355
BRYAN MEDICAL CENTER,NE,Acute Care Hospitals,3,117,378
CONNALLY MEMORIAL MEDICAL CENTER,TX,Acute Care Hospitals,3,117,385
HCA HOUSTON HEALTHCARE TOMBALL,TX,Acute Care Hospitals,3,117,429
EL CAMPO MEMORIAL HOSPITAL,TX,Acute Care Hospitals,3,117,805
GUNNISON VALLEY HOSPITAL,UT,Critical Access Hospitals,3,117,350
COMMONSPIRIT-MEMORIAL HOSPITAL-NORTH GEORGIA,GA,Acute Care Hospitals,3,118,352
INDIANA UNIVERSITY HEALTH TIPTON HOSPITAL INC,IN,Critical Access Hospitals,3,118,417
LABETTE HEALTH,KS,Acute Care Hospitals,3,118,474
BRIDGTON HOSPITAL,ME,Critical Access Hospitals,3,118,282
FORT HAMILTON HUGHES MEMORIAL HOSPITAL,OH,Acute Care Hospitals,3,118,378
"PRAIRIE LAKES HEALTHCARE SYSTEM, INC",SD,Acute Care Hospitals,3,118,333
CENTURA ST. CATHERINE-DODGE CITY,KS,Acute Care Hospitals,3,119,377
ABBEVILLE GENERAL HOSPITAL,LA,Acute Care Hospitals,3,119,397
HIGHLAND DISTRICT HOSPITAL,OH,Critical Access Hospitals,3,119,511
PIGGOTT COMMUNITY HOSPITAL,AR,Critical Access Hospitals,3,120,343
HCA FLORIDA LAKE CITY HOSPITAL,FL,Acute Care Hospitals,3,120,408
ORANGE CITY AREA HEALTH SYSTEM,IA,Critical Access Hospitals,3,120,58
MORRIS COUNTY HOSPITAL,KS,Critical Access Hospitals,3,120,288
ESSENTIA HEALTH ST JOSEPH'S MEDICAL CENTER,MN,Acute Care Hospitals,3,120,336
COOPERMAN BARNABAS MEDICAL CENTER,NJ,Acute Care Hospitals,3,120,426
GEISINGER JERSEY SHORE HOSPITAL,PA,Critical Access Hospitals,3,120,372
TRIDENT MEDICAL CENTER,SC,Acute Care Hospitals,3,120,361
HCA HOUSTON HEALTHCARE KINGWOOD,TX,Acute Care Hospitals,3,120,459
BAYLOR SCOTT AND WHITE SURGICAL HOSPITAL AT SHERMA,TX,Acute Care Hospitals,3,120,237
UOFL HEALTH - SHELBYVILLE HOSPITAL,KY,Acute Care Hospitals,3,121,1025
BLUE RIDGE REGIONAL HOSPITAL,NC,Critical Access Hospitals,3,121,367
COOSA VALLEY MEDICAL CENTER,AL,Acute Care Hospitals,3,122,510
NORTH OKALOOSA MEDICAL CENTER,FL,Acute Care Hospitals,3,122,407
HAMILTON MEMORIAL HOSPITAL,IL,Critical Access Hospitals,3,122,280
PARKVIEW DEKALB HOSPITAL,IN,Acute Care Hospitals,3,122,350
"COLUMBUS COMMUNITY HOSPITAL, INC",NE,Acute Care Hospitals,3,122,464
J ARTHUR DOSHER MEMORIAL HOSPITAL,NC,Critical Access Hospitals,3,122,382
MEDICAL CITY LEWISVILLE,TX,Acute Care Hospitals,3,122,434
ST NICHOLAS HOSPITAL,WI,Acute Care Hospitals,3,122,342
BELOIT HEALTH SYSTEM,WI,Acute Care Hospitals,3,122,380
TAMARACK HEALTH ASHLAND MEDICAL CENTER,WI,Critical Access Hospitals,3,122,363
HCA HOUSTON HEALTHCARE PEARLAND,TX,Acute Care Hospitals,3,122,386
ATMORE COMMUNITY HOSPITAL,AL,Acute Care Hospitals,3,123,409
LAWRENCE & MEMORIAL HOSPITAL,CT,Acute Care Hospitals,3,123,361
PROVIDENCE MEDICAL CENTER,KS,Acute Care Hospitals,3,123,427
CITIZENS MEDICAL CENTER,LA,Acute Care Hospitals,3,123,810
ASCENSION RIVER DISTRICT HOSPITAL,MI,Acute Care Hospitals,3,123,235
AURELIA OSBORN FOX MEMORIAL HOSPITAL,NY,Acute Care Hospitals,3,123,357
COMMUNITY HOSPITALS AND WELLNESS CENTERS,OH,Acute Care Hospitals,3,123,635
ST CHARLES MEDICAL CENTER PRINEVILLE,OR,Critical Access Hospitals,3,123,338
MUSC HEALTH MARION MEDICAL CENTER,SC,Acute Care Hospitals,3,123,363
HCA HOUSTON HEALTHCARE SOUTHEAST,TX,Acute Care Hospitals,3,123,343
EVERGREEN MEDICAL CENTER,AL,Acute Care Hospitals,3,124,341
ADVENTHEALTH HEART OF FLORIDA,FL,Acute Care Hospitals,3,124,372
HCA FLORIDA UNIVERSITY HOSPITAL,FL,Acute Care Hospitals,3,124,403
GRAHAM HOSPITAL ASSOCIATION,IL,Acute Care Hospitals,3,124,372
SAINT JOHN HOSPITAL,KS,Acute Care Hospitals,3,124,381
TAWAS ST JOSEPH HOSPITAL,MI,Acute Care Hospitals,3,124,271
EXCELA HEALTH - FRICK HOSPITAL,PA,Acute Care Hospitals,3,124,468
COLLETON MEDICAL CENTER,SC,Acute Care Hospitals,3,124,382
HCA HEALTHONE MOUNTAIN RIDGE,CO,Acute Care Hospitals,3,125,382
HCA FLORIDA HIGHLANDS HOSPITAL,FL,Acute Care Hospitals,3,125,399
CASSIA REGIONAL HOSPITAL,ID,Critical Access Hospitals,3,125,464
NORTHWEST MEDICAL CENTER-SPRINGDALE,AR,Acute Care Hospitals,3,126,407
JERSEY COMMUNITY HOSPITAL,IL,Acute Care Hospitals,3,126,352
MARION GENERAL HOSPITAL,IN,Acute Care Hospitals,3,126,364
"PARKVIEW WABASH HOSPITAL, INC",IN,Critical Access Hospitals,3,126,354
ST JOSEPH MEDICAL CENTER,MO,Acute Care Hospitals,3,126,409
SSM HEALTH ST ANTHONY HOSPITAL - SHAWNEE,OK,Acute Care Hospitals,3,126,359
UNITY MEDICAL CENTER,TN,Acute Care Hospitals,3,126,349
SOUTHERN TENNESSEE REGIONAL HEALTH SYSTEM PULASKI,TN,Acute Care Hospitals,3,126,433
LINCOLN MEDICAL CENTER,TN,Acute Care Hospitals,3,126,365
PROSSER MEMORIAL HOSPITAL,WA,Critical Access Hospitals,3,126,1209
MERCY WALWORTH HOSPITAL & MEDICAL CENTER,WI,Critical Access Hospitals,3,126,540
MERIT HEALTH MADISON,MS,Acute Care Hospitals,3,127,391
GREAT PLAINS HEALTH,NE,Acute Care Hospitals,3,127,405
MERCY HEALTH - TIFFIN HOSPITAL,OH,Acute Care Hospitals,3,127,355
OHIOHEALTH MANSFIELD HOSPITAL,OH,Acute Care Hospitals,3,127,386
MADISON HEALTH,OH,Acute Care Hospitals,3,127,381
"BAPTIST MEMORIAL HOSPITAL JONESBORO, INC.",AR,Acute Care Hospitals,3,128,583
MARK TWAIN MEDICAL CENTER,CA,Critical Access Hospitals,3,128,360
HIALEAH HOSPITAL,FL,Acute Care Hospitals,3,128,372
BARTOW REGIONAL MEDICAL CENTER,FL,Acute Care Hospitals,3,128,625
ORLANDO HEALTH MELBOURNE HOSPITAL,FL,Acute Care Hospitals,3,128,396
GRITMAN MEDICAL CENTER,ID,Critical Access Hospitals,3,128,386
LEONARD J CHABERT MEDICAL CENTER,LA,Acute Care Hospitals,3,128,379
COMMUNITY MEDICAL CENTER,MT,Acute Care Hospitals,3,128,370
BAY PARK COMMUNITY HOSPITAL,OH,Acute Care Hospitals,3,128,385
ADENA FAYETTE MEDICAL CENTER,OH,Critical Access Hospitals,3,128,315
LAKE GRANBURY MEDICAL CENTER,TX,Acute Care Hospitals,3,128,387
JOHN RANDOLPH MEDICAL CENTER,VA,Acute Care Hospitals,3,128,407
WHITE RIVER MEDICAL CENTER,AR,Acute Care Hospitals,3,129,319
MONMOUTH MEDICAL CENTER,NJ,Acute Care Hospitals,3,129,396
SHARON REGIONAL MEDICAL CENTER,PA,Acute Care Hospitals,3,129,171
MCLEOD HEALTH CHERAW,SC,Acute Care Hospitals,3,129,342
HCA FLORIDA FORT WALTON-DESTIN HOSPITAL,FL,Acute Care Hospitals,3,130,393
SAINT ALPHONSUS MEDICAL CENTER - NAMPA,ID,Acute Care Hospitals,3,130,407
OSF HEART OF MARY MEDICAL CENTER,IL,Acute Care Hospitals,3,130,342
COREWELL HEALTH PENNOCK HOSPITAL,MI,Critical Access Hospitals,3,130,406
GALION COMMUNITY HOSPITAL,OH,Critical Access Hospitals,3,130,379
SOUTHERN TENNESSEE REGIONAL HEALTH SYSTEM LAWRENCE,TN,Acute Care Hospitals,3,130,365
HENDRICK MEDICAL CENTER,TX,Acute Care Hospitals,3,130,399
LEWISGALE HOSPITAL MONTGOMERY,VA,Acute Care Hospitals,3,130,412
CHI HEALTH - MERCY CORNING,IA,Critical Access Hospitals,3,131,249
PERHAM HEALTH,MN,Critical Access Hospitals,3,131,352
LONGVIEW REGIONAL MEDICAL CENTER,TX,Acute Care Hospitals,3,131,409
EASTERN IDAHO REGIONAL MEDICAL CENTER,ID,Acute Care Hospitals,3,132,408
CLAY COUNTY MEDICAL CENTER,KS,Critical Access Hospitals,3,132,377
AdventHealthManchester,KY,Acute Care Hospitals,3,132,389
OCHSNER UNIVERSITY HOSPITAL AND CLINICS,LA,Acute Care Hospitals,3,132,336
MCLAREN CENTRAL MICHIGAN,MI,Acute Care Hospitals,3,132,360
LOGAN HEALTH - WHITEFISH,MT,Critical Access Hospitals,3,132,9089
CHI HEALTH IMMANUEL,NE,Acute Care Hospitals,3,132,337
SPEARE MEMORIAL HOSPITAL,NH,Critical Access Hospitals,3,132,356
MCCULLOUGH-HYDE MEMORIAL HOSPITAL,OH,Acute Care Hospitals,3,132,348
ST MARY'S REGIONAL MEDICAL CENTER,OK,Acute Care Hospitals,3,132,374
SEQUOYAH COUNTY-CITY OF SALLISAW HOSPITAL AUTHORIT,OK,Acute Care Hospitals,3,132,377
BON SECOURS ST FRANCIS MEDICAL CENTER,VA,Acute Care Hospitals,3,132,392
ASCENSION ST FRANCIS HOSPITAL,WI,Acute Care Hospitals,3,132,269
HCA FLORIDA AVENTURA HOSPITAL,FL,Acute Care Hospitals,3,133,410
Memorial Satilla Health,GA,Acute Care Hospitals,3,133,419
"MERCY HOSPITAL PITTSBURG, INC",KS,Acute Care Hospitals,3,133,255
GEORGETOWN COMMUNITY HOSPITAL,KY,Acute Care Hospitals,3,133,467
WAYNE GENERAL HOSPITAL,MS,Acute Care Hospitals,3,133,387
DALLAS MEDICAL CENTER,TX,Acute Care Hospitals,3,133,417
JACKSON GENERAL HOSPITAL,WV,Critical Access Hospitals,3,133,397
MAYO CLINIC HEALTH SYSTEM-RED CEDAR INC,WI,Critical Access Hospitals,3,133,355
SUTTER SOLANO MEDICAL CENTER,CA,Acute Care Hospitals,3,134,384
BARTON MEMORIAL HOSPITAL,CA,Acute Care Hospitals,3,134,361
ADVENTIST HEALTH MENDOCINO COAST,CA,Critical Access Hospitals,3,134,402
ORLANDO HEALTH SOUTH LAKE HOSPITAL,FL,Acute Care Hospitals,3,134,1861
AdventHealth Carrollwood,FL,Acute Care Hospitals,3,134,417
CORAL GABLES HOSPITAL,FL,Acute Care Hospitals,3,134,370
ASTERA HEALTH,MN,Critical Access Hospitals,3,134,755
NORTH VISTA HOSPITAL,NV,Acute Care Hospitals,3,134,381
ASCENSION SETON CEDAR PARK,TX,Acute Care Hospitals,3,134,386
ENCINO HOSPITAL MEDICAL CENTER,CA,Acute Care Hospitals,3,135,372
SKY RIDGE MEDICAL CENTER,CO,Acute Care Hospitals,3,135,418
"NORTH HAWAII COMMUNITY HOSPITAL, INC",HI,Acute Care Hospitals,3,135,368
OSF SAINT ELIZABETH MDL CTR,IL,Acute Care Hospitals,3,135,345
ADVENTHEALTH SHAWNEE MISSION,KS,Acute Care Hospitals,3,135,391
SAINT JOSEPH HOSPITAL,KY,Acute Care Hospitals,3,135,398
PORTSMOUTH REGIONAL HOSPITAL,NH,Acute Care Hospitals,3,135,426
NORTHWEST TEXAS HOSPITAL,TX,Acute Care Hospitals,3,135,393
MAT-SU REGIONAL MEDICAL CENTER,AK,Acute Care Hospitals,3,136,404
BROWARD HEALTH IMPERIAL POINT,FL,Acute Care Hospitals,3,136,344
ALLINA HEALTH FARIBAULT MEDICAL CENTER,MN,Acute Care Hospitals,3,136,370
KING'S DAUGHTERS MEDICAL CENTER-BROOKHAVEN,MS,Acute Care Hospitals,3,136,385
FRISBIE MEMORIAL HOSPITAL,NH,Acute Care Hospitals,3,136,369
ST JAMES HOSPITAL,NY,Acute Care Hospitals,3,136,332
UT HEALTH EAST TEXAS PITTSBURG HOSPITAL,TX,Critical Access Hospitals,3,136,385
SHENANDOAH MEMORIAL HOSPITAL,VA,Critical Access Hospitals,3,136,436
PROVIDENCE ST MARY MEDICAL CENTER,WA,Acute Care Hospitals,3,136,357
CODY REGIONAL HEALTH,WY,Critical Access Hospitals,3,136,475
ST ANTHONYS MEMORIAL HOSPITAL,IL,Acute Care Hospitals,3,137,350
LINCOLNHEALTH,ME,Critical Access Hospitals,3,137,369
FULTON COUNTY HEALTH CENTER,OH,Critical Access Hospitals,3,137,1326
INTEGRIS HEALTH ENID HOSPITAL,OK,Acute Care Hospitals,3,137,393
TRISTAR NORTHCREST MEDICAL CENTER,TN,Acute Care Hospitals,3,137,397
WETZEL COUNTY HOSPITAL,WV,Acute Care Hospitals,3,137,350
WEST BOCA MEDICAL CENTER,FL,Acute Care Hospitals,3,138,432
SALINA REGIONAL HEALTH CENTER,KS,Acute Care Hospitals,3,138,379
MERCY REGIONAL MEDICAL CENTER,LA,Acute Care Hospitals,3,138,356
MERCY HEALTH SAINT MARY'S,MI,Acute Care Hospitals,3,138,400
CENTRACARE- RICE MEMORIAL HOSPITAL,MN,Acute Care Hospitals,3,138,360
WELIA HEALTH,MN,Critical Access Hospitals,3,138,413
CLARA MAASS MEDICAL CENTER,NJ,Acute Care Hospitals,3,138,404
EAST LIVERPOOL CITY HOSPITAL,OH,Acute Care Hospitals,3,138,402
MUSC HEALTH COLUMBIA MEDICAL CENTER DOWNTOWN,SC,Acute Care Hospitals,3,138,388
MEDICAL CITY PLANO,TX,Acute Care Hospitals,3,138,401
RIVERSIDE SHORE MEMORIAL HOSPITAL,VA,Acute Care Hospitals,3,138,359
PEACEHEALTH UNITED GENERAL MEDICAL CENTER,WA,Critical Access Hospitals,3,138,346
EAST GEORGIA REGIONAL MEDICAL CENTER,GA,Acute Care Hospitals,3,139,404
MITCHELL COUNTY HOSPITAL HEALTH SYSTEMS,KS,Critical Access Hospitals,3,139,291
EPHRAIM MCDOWELL REGIONAL MEDICAL CENTER,KY,Acute Care Hospitals,3,139,637
STANLY REGIONAL MEDICAL CENTER,NC,Acute Care Hospitals,3,139,369
MEDICAL CENTER OF MCKINNEY,TX,Acute Care Hospitals,3,139,395
ROUND ROCK MEDICAL CENTER,TX,Acute Care Hospitals,3,139,430
MARSHFIELD MEDICAL CENTER - WESTON,WI,Acute Care Hospitals,3,139,385
ST CROIX REGIONAL MEDICAL CENTER,WI,Critical Access Hospitals,3,139,537
ORO VALLEY HOSPITAL,AZ,Acute Care Hospitals,3,140,392
UCSF HEALTH SAINT FRANCIS HOSPITAL,CA,Acute Care Hospitals,3,140,306
PALMDALE REGIONAL MEDICAL CENTER,CA,Acute Care Hospitals,3,140,380
FRANCISCAN HEALTH MICHIGAN CITY,IN,Acute Care Hospitals,3,140,473
COREWELL HEALTH BIG RAPIDS HOSPITAL,MI,Acute Care Hospitals,3,140,396
HUTCHINSON HEALTH,MN,Acute Care Hospitals,3,140,354
MEDICAL CITY DALLAS HOSPITAL,TX,Acute Care Hospitals,3,140,427
MARSHALL MEDICAL CENTERS,AL,Acute Care Hospitals,3,141,1165
LONGMONT UNITED HOSPITAL,CO,Acute Care Hospitals,3,141,364
UCF LAKE NONA HOSPITAL,FL,Acute Care Hospitals,3,141,370
COMMUNITY HOSPITAL,IN,Acute Care Hospitals,3,141,394
BMH-GOLDEN TRIANGLE,MS,Acute Care Hospitals,3,141,533
SENTARA ALBEMARLE MEDICAL CENTER,NC,Acute Care Hospitals,3,141,1934
BANNER NORTH CO MEDICAL CENTER - LOVELAND CAMPUS,CO,Acute Care Hospitals,3,142,366
THREE CROSSES REGIONAL HOSPITAL LLC,NM,Acute Care Hospitals,3,142,391
HOLZER MEDICAL CENTER JACKSON,OH,Critical Access Hospitals,3,142,321
PENN HIGHLANDS HUNTINGDON,PA,Acute Care Hospitals,3,142,402
SOUTHERN TENNESSEE REGIONAL HEALTH SYSTEM WINCHEST,TN,Acute Care Hospitals,3,142,401
VALLEY BAPTIST MEDICAL CENTER- BROWNSVILLE,TX,Acute Care Hospitals,3,142,446
ADVENTHEALTH CENTRAL TEXAS,TX,Acute Care Hospitals,3,142,644
SMYTH COUNTY COMMUNITY HOSPITAL,VA,Acute Care Hospitals,3,142,362
"ST JOSEPH'S HOSPITAL OF BUCKHANNON, INC",WV,Critical Access Hospitals,3,142,395
ADVENTHEALTH SEBRING,FL,Acute Care Hospitals,3,143,416
NORTHERN NEVADA MEDICAL CENTER,NV,Acute Care Hospitals,3,143,535
"INTEGRIS BAPTIST MEDICAL CENTER, INC",OK,Acute Care Hospitals,3,143,395
JEFFERSON HEALTHCARE,WA,Critical Access Hospitals,3,143,332
HOLY FAMILY MEMORIAL,WI,Acute Care Hospitals,3,143,361
ADVENTIST HEALTH SIERRA VISTA,CA,Acute Care Hospitals,3,144,416
WINDHAM COMMUNITY MEMORIAL HOSPITAL,CT,Acute Care Hospitals,3,144,322
CHI SAINT JOSEPH FLAGET MEMORIAL HOSPITAL,KY,Acute Care Hospitals,3,144,366
ATRIUM HEALTH UNIVERSITY CITY,NC,Acute Care Hospitals,3,144,374
KETTERING HEALTH MAIN CAMPUS,OH,Acute Care Hospitals,3,144,375
PROVIDENCE SEASIDE HOSPITAL,OR,Critical Access Hospitals,3,144,355
ST ANTHONY HOSPITAL,OR,Critical Access Hospitals,3,144,377
BON SECOURS-ST FRANCIS XAVIER HOSPITAL,SC,Acute Care Hospitals,3,144,411
WOODLAND HEIGHTS MEDICAL CENTER,TX,Acute Care Hospitals,3,144,403
SHANNON MEDICAL CENTER,TX,Acute Care Hospitals,3,144,819
BURGESS HEALTH CENTER,IA,Critical Access Hospitals,3,145,181
CHRISTUS OCHSNER ST PATRICK HOSPITAL,LA,Acute Care Hospitals,3,145,364
HIGHPOINT HEALTH-SUMNER WITH ASCENSION SAINT THOMA,TN,Acute Care Hospitals,3,145,407
LAFOLLETTE MEDICAL CENTER,TN,Acute Care Hospitals,3,145,374
STARR REGIONAL MEDICAL CENTER ATHENS,TN,Acute Care Hospitals,3,145,471
HOLY CROSS HOSPITAL - SALT LAKE,UT,Acute Care Hospitals,3,145,318
CAPITAL MEDICAL CENTER,WA,Acute Care Hospitals,3,145,447
SPRINGHILL MEDICAL CENTER,AL,Acute Care Hospitals,3,146,658
BAPTIST HEALTH MEDICAL CENTER-LITTLE ROCK,AR,Acute Care Hospitals,3,146,353
MANATEE MEMORIAL HOSPITAL,FL,Acute Care Hospitals,3,146,366
TANNER MEDICAL CENTER VILLA RICA,GA,Acute Care Hospitals,3,146,378
MAINEHEALTH WALDO HOSPITAL,ME,Critical Access Hospitals,3,146,382
ATLANTIC GENERAL HOSPITAL,MD,Acute Care Hospitals,3,146,388
COMMUNITY HOSPITAL,NE,Critical Access Hospitals,3,146,708
MONMOUTH MEDICAL CENTER-SOUTHERN CAMPUS,NJ,Acute Care Hospitals,3,146,363
SAMARITAN NORTH LINCOLN HOSPITAL,OR,Critical Access Hospitals,3,146,361
UPMC WILLIAMSPORT,PA,Acute Care Hospitals,3,146,575
COMMUNITY HOSPITAL OF SAN BERNARDINO,CA,Acute Care Hospitals,3,147,370
MCALESTER REGIONAL HEALTH CENTER,OK,Acute Care Hospitals,3,147,429
IVINSON MEMORIAL HOSPITAL,WY,Acute Care Hospitals,3,147,343
ST LUKE'S PATIENTS MEDICAL CENTER,TX,Acute Care Hospitals,3,147,397
ORLANDO HEALTH-HEALTH CENTRAL HOSPITAL,FL,Acute Care Hospitals,3,148,2187
HCA FLORIDA ENGLEWOOD HOSPITAL,FL,Acute Care Hospitals,3,148,382
FRANCISCAN HEALTH MUNSTER,IN,Acute Care Hospitals,3,148,392
HARRISON COUNTY HOSPITAL,IN,Critical Access Hospitals,3,148,435
"OUR LADY OF LOURDES REGIONAL MEDICAL CENTER, INC",LA,Acute Care Hospitals,3,148,398
BOSTON MEDICAL CENTER-BRIGHTON,MA,Acute Care Hospitals,3,148,353
VALLEY REGIONAL HOSPITAL,NH,Critical Access Hospitals,3,148,352
THE MCDOWELL HOSPITAL,NC,Acute Care Hospitals,3,148,378
MARIETTA MEMORIAL HOSPITAL,OH,Acute Care Hospitals,3,148,330
MAGRUDER HOSPITAL,OH,Critical Access Hospitals,3,148,360
"DUNCAN REGIONAL HOSPITAL, INC",OK,Acute Care Hospitals,3,148,455
"MEDICAL WEST, AN AFFILIATE OF UAB HEALTH SYSTEM",AL,Acute Care Hospitals,3,149,704
LOS ANGELES COMMUNITY HOSPITAL,CA,Acute Care Hospitals,3,149,310
METHODIST JENNIE EDMUNDSON,IA,Acute Care Hospitals,3,149,370
OCHSNER MEDICAL CENTER-HANCOCK,MS,Acute Care Hospitals,3,149,372
BAPTIST MEMORIAL HOSPITAL TIPTON,TN,Acute Care Hospitals,3,149,689
ST DAVID'S SOUTH AUSTIN MEDICAL CENTER,TX,Acute Care Hospitals,3,149,415
PROVIDENCE MOUNT CARMEL HOSPITAL,WA,Critical Access Hospitals,3,149,344
NATIVIDAD MEDICAL CENTER,CA,Acute Care Hospitals,3,150,737
CHARLOTTE HUNGERFORD HOSPITAL,CT,Acute Care Hospitals,3,150,338
HILO BENIOFF MEDICAL CENTER,HI,Acute Care Hospitals,3,150,479
MCLAREN NORTHERN MICHIGAN,MI,Acute Care Hospitals,3,150,421
HURON VALLEY-SINAI HOSPITAL,MI,Acute Care Hospitals,3,150,420
LUTHERAN HOSPITAL,OH,Acute Care Hospitals,3,150,340
RESTON HOSPITAL CENTER,VA,Acute Care Hospitals,3,150,420
RUSSELL MEDICAL CENTER,AL,Acute Care Hospitals,3,151,469
MONTCLAIR HOSPITAL MEDICAL CENTER,CA,Acute Care Hospitals,3,151,404
CARLE HEALTH PROCTOR HOSPITAL,IL,Acute Care Hospitals,3,151,358
ATRIUM HEALTH CLEVELAND,NC,Acute Care Hospitals,3,151,375
BETHESDA NORTH,OH,Acute Care Hospitals,3,151,365
PUSHMATAHA HOSPITAL,OK,Acute Care Hospitals,3,151,341
NACOGDOCHES MEDICAL CENTER,TX,Acute Care Hospitals,3,151,461
BON SECOURS SOUTHAMPTON MEMORIAL HOSPITAL,VA,Acute Care Hospitals,3,151,374
CONFLUENCE HEALTH HOSPITAL,WA,Acute Care Hospitals,3,151,809
ASPIRUS DIVINE SAVIOR HOSPITAL,WI,Acute Care Hospitals,3,151,356
SIERRA NEVADA MEMORIAL HOSPITAL,CA,Acute Care Hospitals,3,152,364
FOOTHILL REGIONAL MEDICAL CENTER,CA,Acute Care Hospitals,3,152,313
DELTA COUNTY MEMORIAL HOSPITAL,CO,Acute Care Hospitals,3,152,462
MC DONOUGH DISTRICT HOSPITAL,IL,Acute Care Hospitals,3,152,388
NORTHWEST HEALTH-LA PORTE,IN,Acute Care Hospitals,3,152,384
ST ELIZABETH FLORENCE,KY,Acute Care Hospitals,3,152,378
ST FRANCIS REGIONAL MEDICAL CENTER,MN,Acute Care Hospitals,3,152,375
COX MONETT HOSPITAL,MO,Critical Access Hospitals,3,152,366
SIDNEY HEALTH CENTER,MT,Critical Access Hospitals,3,152,370
SHORE MEDICAL CENTER,NJ,Acute Care Hospitals,3,152,354
METROHEALTH SYSTEM,OH,Acute Care Hospitals,3,152,363
MERCY ST VINCENT MEDICAL CENTER,OH,Acute Care Hospitals,3,152,1508
INTERMOUNTAIN HEALTH CEDAR CITY HOSPITAL,UT,Acute Care Hospitals,3,152,465
STOUGHTON HOSPITAL,WI,Critical Access Hospitals,3,152,485
DECATUR MORGAN HOSPITAL - DECATUR CAMPUS,AL,Acute Care Hospitals,3,153,427
FLOYD COUNTY MEDICAL CENTER,IA,Critical Access Hospitals,3,153,364
ST JOSEPHS AREA  HEALTH SERVICES,MN,Critical Access Hospitals,3,153,353
LIMA MEMORIAL HEALTH SYSTEM,OH,Acute Care Hospitals,3,153,391
MEDICAL CENTER HOSPITAL,TX,Acute Care Hospitals,3,153,1479
ODESSA REGIONAL MEDICAL CENTER,TX,Acute Care Hospitals,3,153,367
HOT SPRINGS COUNTY MEMORIAL HOSPITAL,WY,Critical Access Hospitals,3,153,2481
ADVENTHEALTH TAMPA,FL,Acute Care Hospitals,3,154,408
PARKVIEW REGIONAL MEDICAL CENTER,IN,Acute Care Hospitals,3,154,389
UNITYPOINT HEALTH - MARSHALLTOWN,IA,Acute Care Hospitals,3,154,349
MENORAH MEDICAL CENTER,KS,Acute Care Hospitals,3,154,408
WEST JEFFERSON MEDICAL CENTER,LA,Acute Care Hospitals,3,154,389
NEW LONDON HOSPITAL,NH,Critical Access Hospitals,3,154,853
LEGACY MOUNT HOOD MEDICAL CENTER,OR,Acute Care Hospitals,3,154,387
LOWER BUCKS HOSPITAL,PA,Acute Care Hospitals,3,154,396
CHRISTUS ST MICHAEL HEALTH SYSTEM,TX,Acute Care Hospitals,3,154,378
BAPTIST HEALTH BROOKWOOD HOSPITAL,AL,Acute Care Hospitals,3,155,427
PROVIDENCE CEDARS SINAI TARZANA MEDICAL CENTER,CA,Acute Care Hospitals,3,155,365
OCHSNER LSU HEALTH MONROE,LA,Acute Care Hospitals,3,155,364
NORTH MISSISSIPPI MEDICAL CENTER-GILMORE AMORY,MS,Acute Care Hospitals,3,155,375
WEST JERSEY HOSPITAL,NJ,Acute Care Hospitals,3,155,448
St Marys Healthcare,NY,Acute Care Hospitals,3,155,9261
CANONSBURG GENERAL HOSPITAL,PA,Acute Care Hospitals,3,155,471
ST. VINCENT'S EAST,AL,Acute Care Hospitals,3,156,254
ST VINCENT'S ST CLAIR,AL,Acute Care Hospitals,3,156,265
SALINE MEMORIAL HOSPITAL,AR,Acute Care Hospitals,3,156,373
MURRAY-CALLOWAY COUNTY HOSPITAL,KY,Acute Care Hospitals,3,156,400
GOLDEN VALLEY MEMORIAL HOSPITAL,MO,Acute Care Hospitals,3,156,316
NORTH AUSTIN MEDICAL CENTER,TX,Acute Care Hospitals,3,156,428
WALKER BAPTIST MEDICAL CENTER,AL,Acute Care Hospitals,3,157,422
ABRAZO SCOTTSDALE CAMPUS,AZ,Acute Care Hospitals,3,157,399
NORTHEAST GEORGIA MEDICAL CENTER HABERSHAM,GA,Acute Care Hospitals,3,157,442
CHRISTUS SHREVEPORT-BOSSIER HEALTH SYSTEM,LA,Acute Care Hospitals,3,157,386
MEMORIAL HOSPITAL AT GULFPORT,MS,Acute Care Hospitals,3,157,476
CHI ST ALEXIUS HEALTH WILLISTON,ND,Critical Access Hospitals,3,157,352
FRANCISCAN HEALTH LAFAYETTE,IN,Acute Care Hospitals,3,158,427
TOURO INFIRMARY,LA,Acute Care Hospitals,3,158,372
WYTHE COUNTY COMMUNITY HOSPITAL,VA,Acute Care Hospitals,3,158,402
MEMORIAL REGIONAL HOSPITAL,FL,Acute Care Hospitals,3,159,727
ALLEN HOSPITAL,IA,Acute Care Hospitals,3,159,367
VIDANT CHOWAN HOSPITAL,NC,Critical Access Hospitals,3,159,381
RIVERVIEW REGIONAL MEDICAL CENTER,AL,Acute Care Hospitals,3,160,419
PROVIDENCE SANTA ROSA MEMORIAL HOSPITAL,CA,Acute Care Hospitals,3,160,342
MEMORIAL HOSPITAL LOS BANOS,CA,Acute Care Hospitals,3,160,375
SAINT ALPHONSUS REGIONAL MEDICAL CENTER,ID,Acute Care Hospitals,3,160,390
WHITESBURG ARH HOSPITAL,KY,Acute Care Hospitals,3,160,435
FRANKFORT REGIONAL MEDICAL CENTER,KY,Acute Care Hospitals,3,160,397
SSM ST JOSEPH HEALTH CENTER,MO,Acute Care Hospitals,3,160,359
CENTERPOINT MEDICAL CENTER,MO,Acute Care Hospitals,3,160,377
LEE'S SUMMIT MEDICAL CENTER,MO,Acute Care Hospitals,3,160,407
SUMMA WESTERN RESERVE HOSPITAL,OH,Acute Care Hospitals,3,160,16601
MONUMENT HEALTH RAPID CITY HOSPITAL,SD,Acute Care Hospitals,3,160,366
BERKELEY MEDICAL CENTER,WV,Acute Care Hospitals,3,160,375
INTERMOUNTAIN HEALTH PLATTE VALLEY HOSPITAL,CO,Acute Care Hospitals,3,161,369
ASCENSION ST VINCENT'S RIVERSIDE,FL,Acute Care Hospitals,3,161,287
GOSHEN HOSPITAL,IN,Acute Care Hospitals,3,161,368
MIAMI VALLEY HOSPITAL,OH,Acute Care Hospitals,3,161,386
ASPIRUS RHINELANDER HOSPITAL,WI,Acute Care Hospitals,3,161,360
CALIFORNIA PACIFIC MEDICAL CTR-DAVIES CAMPUS HOSP,CA,Acute Care Hospitals,3,162,337
ADVENTHEALTH ORLANDO,FL,Acute Care Hospitals,3,162,655
FLAGLER HOSPITAL,FL,Acute Care Hospitals,3,162,423
ST MARY MEDICAL CENTER INC,IN,Acute Care Hospitals,3,162,390
HARRISON MEMORIAL HOSPITAL,KY,Acute Care Hospitals,3,162,376
ST MARY'S MEDICAL CENTER,MO,Acute Care Hospitals,3,162,418
EMANATE HEALTH FOOTHILL PRESBYTERIAN HOSPITAL,CA,Acute Care Hospitals,3,163,378
THREE RIVERS MEDICAL CENTER,KY,Acute Care Hospitals,3,163,395
COVENANT MEDICAL CENTER,TX,Acute Care Hospitals,3,163,484
FAUQUIER HOSPITAL,VA,Acute Care Hospitals,3,163,391
CROSSING RIVERS HEALTH MEDICAL CENTER,WI,Critical Access Hospitals,3,163,416
OUR LADY OF THE LAKE REGIONAL MEDICAL CENTER,LA,Acute Care Hospitals,3,164,381
CAMBRIDGE HEALTH ALLIANCE,MA,Acute Care Hospitals,3,164,367
LAKE REGIONAL HEALTH SYSTEM,MO,Acute Care Hospitals,3,164,353
MERCY HEALTH - FAIRFIELD HOSPITAL,OH,Acute Care Hospitals,3,164,364
UVALDE MEMORIAL HOSPITAL,TX,Critical Access Hospitals,3,164,439
LAKE HEALTH,OH,Acute Care Hospitals,3,165,763
SENTARA HALIFAX REGIONAL HOSPITAL,VA,Acute Care Hospitals,3,165,1226
SENTARA NORTHERN VIRGINIA MEDICAL CENTER,VA,Acute Care Hospitals,3,165,4960
ASCENSION COLUMBIA ST MARYS HOSPITAL MILWAUKEE,WI,Acute Care Hospitals,3,165,549
ASCENSION  SETON HAYS,TX,Acute Care Hospitals,3,165,282
CRESTWOOD MEDICAL CENTER,AL,Acute Care Hospitals,3,166,423
PARKVIEW COMMUNITY HOSPITAL MEDICAL CENTER,CA,Acute Care Hospitals,3,166,330
EDWARD HOSPITAL,IL,Acute Care Hospitals,3,166,384
CAMERON HEALTH,IN,Critical Access Hospitals,3,166,467
LEGACY EMANUEL MEDICAL CENTER,OR,Acute Care Hospitals,3,166,376
UNITED REGIONAL HEALTH CARE SYSTEM,TX,Acute Care Hospitals,3,166,394
EVERGREENHEALTH MONROE,WA,Acute Care Hospitals,3,166,378
ASPIRUS RIVERVIEW HOSPITAL & CLINICS INC,WI,Acute Care Hospitals,3,166,363
"TIDALHEALTH NANTICOKE, INC.",DE,Acute Care Hospitals,3,167,355
SSM HEALTH ST MARY'S HOSPITAL -CENTRALIA,IL,Acute Care Hospitals,3,167,348
COVENANT HEALTH HOBBS HOSPITAL,NM,Acute Care Hospitals,3,167,367
ALTRU HOSPITAL,ND,Acute Care Hospitals,3,167,349
BON SECOURS MARYVIEW MEDICAL CENTER,VA,Acute Care Hospitals,3,167,374
MERCY HEALTH SYSTEM CORP,WI,Acute Care Hospitals,3,167,360
PRINCETON BAPTIST MEDICAL CENTER,AL,Acute Care Hospitals,3,168,424
SAN LUIS VALLEY REGIONAL  MEDICAL CENTER,CO,Acute Care Hospitals,3,168,367
MIDDLESEX HOSPITAL,CT,Acute Care Hospitals,3,168,400
UF HEALTH LEESBURG HOSPITAL,FL,Acute Care Hospitals,3,168,390
PIEDMONT CARTERSVILLE MEDICAL CENTER,GA,Acute Care Hospitals,3,168,410
ELMHURST MEMORIAL HOSPITAL,IL,Acute Care Hospitals,3,168,392
COMMUNITY HOSPITAL OF ANDERSON AND MADISON COUNTY,IN,Acute Care Hospitals,3,168,343
FLOYD VALLEY HEALTHCARE,IA,Critical Access Hospitals,3,168,4456
MAINEHEALTH FRANKLIN HOSPITAL,ME,Critical Access Hospitals,3,168,380
PROMEDICA CHARLES AND VIRGINIA HICKMAN HOSPITAL,MI,Acute Care Hospitals,3,168,358
WILKES REGIONAL MEDICAL CENTER,NC,Acute Care Hospitals,3,168,430
DALLAS REGIONAL MEDICAL CENTER,TX,Acute Care Hospitals,3,168,420
ST LUKE'S THE WOODLANDS HOSPITAL,TX,Acute Care Hospitals,3,168,392
ST LUKE'S SUGAR LAND HOSPITAL,TX,Acute Care Hospitals,3,168,380
ASCENSION ST JOHN JANE PHILLIPS,OK,Acute Care Hospitals,3,169,291
KERSHAWHEALTH,SC,Acute Care Hospitals,3,169,434
ST JOSEPH'S HOSPITAL,AZ,Acute Care Hospitals,3,170,471
SUTTER DELTA MEDICAL CENTER,CA,Acute Care Hospitals,3,170,368
KERN VALLEY HEALTHCARE DISTRICT,CA,Critical Access Hospitals,3,170,2384
THIBODAUX REGIONAL MEDICAL CENTER,LA,Acute Care Hospitals,3,170,449
MAINEHEALTH PEN BAY HOSPITAL,ME,Acute Care Hospitals,3,170,378
MERCY HOSPITAL,MN,Acute Care Hospitals,3,170,379
NORTHWEST MISSISSISSIPPI REGIONAL MEDICAL CENTER,MS,Acute Care Hospitals,3,170,343
SSM HEALTH ST. MARY'S HOSPITAL - JEFFERSON CITY,MO,Acute Care Hospitals,3,170,374
ATRIUM HEALTH PINEVILLE,NC,Acute Care Hospitals,3,170,377
LEHIGH VALLEY HOSPITAL - DICKSON CITY,PA,Acute Care Hospitals,3,170,361
CENTRAL VERMONT MEDICAL CENTER,VT,Acute Care Hospitals,3,170,394
MERCY GENERAL HOSPITAL,CA,Acute Care Hospitals,3,171,363
UNION GENERAL HOSPITAL,GA,Acute Care Hospitals,3,171,397
DOCTORS HOSPITAL,GA,Acute Care Hospitals,3,171,412
MERCY HEALTH - LOURDES HOSPITAL,KY,Acute Care Hospitals,3,171,371
OCHSNER LAFAYETTE GENERAL MEDICAL CENTER,LA,Acute Care Hospitals,3,171,374
BEAUMONT HOSPITAL - FARMINGTON HILLS,MI,Acute Care Hospitals,3,171,386
OCHSNER RUSH HOSPITAL,MS,Acute Care Hospitals,3,171,420
GUTHRIE CORTLAND REGIONAL MEDICAL CENTER,NY,Acute Care Hospitals,3,171,537
HUGH CHATHAM MEMORIAL HOSPITAL,NC,Acute Care Hospitals,3,171,1354
MCLEOD MEDICAL CENTER - DILLON,SC,Acute Care Hospitals,3,171,331
MARY WASHINGTON HOSPITAL,VA,Acute Care Hospitals,3,171,381
HIGHLANDS MEDICAL CENTER,AL,Acute Care Hospitals,3,172,728
CHI ST. VINCENT HOSPITAL HOT SPRINGS,AR,Acute Care Hospitals,3,172,385
ADVENTIST HEALTH HANFORD,CA,Acute Care Hospitals,3,172,404
"MOUNT SINAI MEDICAL CENTER OF FLORIDA, INC",FL,Acute Care Hospitals,3,172,334
TRINITY ROCK ISLAND,IL,Acute Care Hospitals,3,172,328
METROPOLITAN HOSPITAL CENTER,NY,Acute Care Hospitals,3,172,338
PUTNAM HOSPITAL CENTER,NY,Acute Care Hospitals,3,172,372
UPMC JAMESON,PA,Acute Care Hospitals,3,172,548
PORTER HOSPITAL INC,VT,Critical Access Hospitals,3,172,393
DESERT VALLEY HOSPITAL,CA,Acute Care Hospitals,3,173,358
"PARKVIEW MEDICAL CENTER, INC",CO,Acute Care Hospitals,3,173,356
NAPLES COMMUNITY HOSPITAL,FL,Acute Care Hospitals,3,173,823
CAPE CANAVERAL HOSPITAL,FL,Acute Care Hospitals,3,173,395
CITIZENS MEDICAL CENTER,KS,Critical Access Hospitals,3,173,235
MEMORIAL MISSION HOSPITAL AND ASHEVILLE SURGERY CE,NC,Acute Care Hospitals,3,173,427
VANDERBILT TULLAHOMA-HARTON HOSPITAL,TN,Acute Care Hospitals,3,173,382
MARIAN REGIONAL MEDICAL CENTER,CA,Acute Care Hospitals,3,174,730
BEEBE MEDICAL CENTER,DE,Acute Care Hospitals,3,174,341
UCHICAGO MEDICINE ADVENTHEALTH GLENOAKS,IL,Acute Care Hospitals,3,174,381
UCHICAGO MEDICINE ADVENTHEALTH BOLINGBROOK,IL,Acute Care Hospitals,3,174,393
FRANCISCAN HEALTH CROWN POINT,IN,Acute Care Hospitals,3,174,350
SSM HEALTH ST MARY'S HOSPITAL - ST LOUIS,MO,Acute Care Hospitals,3,174,373
HARRIS REGIONAL HOSPITAL,NC,Acute Care Hospitals,3,174,367
VIDANT DUPLIN HOSPITAL,NC,Acute Care Hospitals,3,174,378
BAPTIST MEMORIAL HOSPITAL,TN,Acute Care Hospitals,3,174,625
SAINT THOMAS RUTHERFORD HOSPITAL,TN,Acute Care Hospitals,3,174,278
ADVENTIST HEALTH SONORA,CA,Acute Care Hospitals,3,175,404
SAINT ROSE DOMINICAN HOSPITALS - SIENA CAMPUS,NV,Acute Care Hospitals,3,175,365
MOUNT CARMEL ST ANN'S,OH,Acute Care Hospitals,3,175,372
SENTARA LEIGH HOSPITAL,VA,Acute Care Hospitals,3,175,3375
GRANDVIEW MEDICAL CENTER,AL,Acute Care Hospitals,3,176,415
SIERRA VIEW MEDICAL CENTER,CA,Acute Care Hospitals,3,176,422
ADVENTIST HEALTH TEHACHAPI VALLEY,CA,Critical Access Hospitals,3,176,393
COMMUNITY HOSPITAL EAST,IN,Acute Care Hospitals,3,176,654
MYMICHIGAN MEDICAL CENTER SAGINAW,MI,Acute Care Hospitals,3,176,297
ALLINA UNITED HOSPITAL,MN,Acute Care Hospitals,3,176,379
PERSON MEMORIAL HOSPITAL,NC,Acute Care Hospitals,3,176,357
FRANKLIN WOODS COMMUNITY HOSPITAL,TN,Acute Care Hospitals,3,176,363
CHRISTUS SANTA ROSA MEDICAL CENTER,TX,Acute Care Hospitals,3,176,376
CHRISTUS SPOHN HOSPITAL ALICE,TX,Acute Care Hospitals,3,176,364
BRATTLEBORO MEMORIAL HOSPITAL,VT,Acute Care Hospitals,3,176,380
CLINCH VALLEY MEDICAL CENTER,VA,Acute Care Hospitals,3,176,402
HONORHEALTH SCOTTSDALE SHEA MEDICAL CENTER,AZ,Acute Care Hospitals,3,177,380
CLARK REGIONAL MEDICAL CENTER,KY,Acute Care Hospitals,3,177,384
PRISMA HEALTH TUOMEY HOSPITAL,SC,Acute Care Hospitals,3,177,445
MULTICARE COVINGTON MEDICAL CENTER,WA,Acute Care Hospitals,3,177,386
"WEST VIRGINIA UNIVERSITY HOSPITALS, INC",WV,Acute Care Hospitals,3,177,327
CAMPBELL COUNTY HEALTH,WY,Acute Care Hospitals,3,177,514
JOHNSON MEMORIAL HOSPITAL,CT,Acute Care Hospitals,3,178,366
ASCENSION SACRED HEART BAY,FL,Acute Care Hospitals,3,178,294
ADVENTHEALTH GORDON,GA,Acute Care Hospitals,3,178,486
THE QUEENS MEDICAL CENTER,HI,Acute Care Hospitals,3,178,339
ST PETERS HEALTH,MT,Acute Care Hospitals,3,178,382
NOVANT HEALTH THOMASVILLE MEDICAL CENTER,NC,Acute Care Hospitals,3,178,378
PHOENIXVILLE HOSPITAL,PA,Acute Care Hospitals,3,178,415
NORTHWEST MEDICAL CENTER SAHUARITA,AZ,Acute Care Hospitals,3,179,681
ATRIUM HEALTH LINCOLN,NC,Acute Care Hospitals,3,179,383
FORT DUNCAN MEDICAL CENTER,TX,Acute Care Hospitals,3,179,390
ENLOE HEALTH,CA,Acute Care Hospitals,3,180,386
WILLIS KNIGHTON MEDICAL CENTER,LA,Acute Care Hospitals,3,180,1726
RENOWN REGIONAL MEDICAL CENTER,NV,Acute Care Hospitals,3,180,369
RENOWN SOUTH MEADOWS MEDICAL CENTER,NV,Acute Care Hospitals,3,180,383
STATEN ISLAND UNIVERSITY HOSPITAL,NY,Acute Care Hospitals,3,180,377
BLANCHARD VALLEY HOSPITAL,OH,Acute Care Hospitals,3,180,412
EXCELA HEALTH WESTMORELAND REGIONAL HOSPITAL,PA,Acute Care Hospitals,3,180,451
SACRED HEART HOSPITAL ON THE EMERALD COAST,FL,Acute Care Hospitals,3,181,298
WAYNE MEMORIAL HOSPITAL,GA,Acute Care Hospitals,3,181,392
SPRING VALLEY HOSPITAL MEDICAL CENTER,NV,Acute Care Hospitals,3,181,345
VIRTUA WILLINGBORO HOSPITAL,NJ,Acute Care Hospitals,3,181,357
ASHE MEMORIAL HOSPITAL,NC,Critical Access Hospitals,3,181,349
DEACONESS MEDICAL CENTER,WA,Acute Care Hospitals,3,181,378
BAPTIST HEALTH FLOYD,IN,Acute Care Hospitals,3,182,425
ASCENSION ST VINCENT CARMEL,IN,Acute Care Hospitals,3,182,279
FAIRVIEW LAKES HEALTH SERVICES,MN,Acute Care Hospitals,3,182,374
INSPIRA MEDICAL CENTER MULLICA HILL,NJ,Acute Care Hospitals,3,182,780
POMERENE HOSPITAL,OH,Acute Care Hospitals,3,182,361
ADAMS COUNTY REGIONAL MEDICAL CENTER,OH,Critical Access Hospitals,3,182,427
WEST TENNESSEE HEALTHCARE HENRY COUNTY HOSPITAL,TN,Acute Care Hospitals,3,182,380
CHRISTUS SPOHN HOSPITAL CORPUS CHRISTI,TX,Acute Care Hospitals,3,182,370
BAPTIST MEDICAL CENTER,TX,Acute Care Hospitals,3,182,2073
NORTH BALDWIN INFIRMARY,AL,Acute Care Hospitals,3,183,374
CHI-ST VINCENT INFIRMARY,AR,Acute Care Hospitals,3,183,363
CLEVELAND CLINIC MARTIN NORTH HOSPITAL,FL,Acute Care Hospitals,3,183,375
ST MARY'S GENERAL HOSPITAL,NJ,Acute Care Hospitals,3,183,399
UNIVERSITY OF TOLEDO MEDICAL CENTER,OH,Acute Care Hospitals,3,183,383
CALIFORNIA PACIFIC MEDICAL CENTER- VAN NESS CAMPUS,CA,Acute Care Hospitals,3,184,356
WINTER HAVEN HOSPITAL,FL,Acute Care Hospitals,3,184,777
AMITA HEALTH RESURRECTION MEDICAL CENTER,IL,Acute Care Hospitals,3,184,306
T J SAMSON COMMUNITY HOSPITAL,KY,Acute Care Hospitals,3,184,427
LANE REGIONAL MEDICAL CENTER,LA,Acute Care Hospitals,3,184,441
BEAUREGARD MEMORIAL HOSPITAL,LA,Acute Care Hospitals,3,184,415
MUNSON HEALTHCARE GRAYLING HOSPITAL,MI,Acute Care Hospitals,3,184,348
ROBERT WOOD JOHNSON UNIVERSITY HOSPITAL - SOMERSET,NJ,Acute Care Hospitals,3,184,386
METHODIST HOSPITAL OF SACRAMENTO,CA,Acute Care Hospitals,3,185,367
FHN MEMORIAL HOSPITAL,IL,Acute Care Hospitals,3,185,463
UNION HOSPITAL INC,IN,Acute Care Hospitals,3,185,788
CITIZENS MEMORIAL HOSPITAL,MO,Acute Care Hospitals,3,185,749
PROVIDENCE MILWAUKIE HOSPITAL,OR,Acute Care Hospitals,3,185,393
HERITAGE VALLEY BEAVER,PA,Acute Care Hospitals,3,185,379
SAINT THOMAS RIVER PARK HOSPITAL,TN,Acute Care Hospitals,3,185,273
WELLSTAR DOUGLAS MEDICAL CENTER,GA,Acute Care Hospitals,3,186,359
IREDELL MEMORIAL HOSPITAL INC,NC,Acute Care Hospitals,3,186,372
ASCENSION SETON MEDICAL CENTER AUSTIN,TX,Acute Care Hospitals,3,186,286
TEXAS HEALTH HUGULEY HOSPITAL FORT WORTH SOUTH,TX,Acute Care Hospitals,3,186,402
RUTLAND REGIONAL MEDICAL CENTER,VT,Acute Care Hospitals,3,186,416
JOHNSTON MEMORIAL HOSPITAL,VA,Acute Care Hospitals,3,186,350
BROWARD HEALTH NORTH,FL,Acute Care Hospitals,3,187,363
HAMILTON MEDICAL CENTER,GA,Acute Care Hospitals,3,187,420
CONCORD HOSPITAL- LACONIA,NH,Acute Care Hospitals,3,187,371
UPMC WELLSBORO,PA,Critical Access Hospitals,3,187,509
MUSC HEALTH FLORENCE MEDICAL CENTER,SC,Acute Care Hospitals,3,187,377
TITUS REGIONAL MEDICAL CENTER,TX,Acute Care Hospitals,3,187,344
UVA HEALTH PRINCE WILLIAM MEDICAL CENTER,VA,Acute Care Hospitals,3,187,394
PROVIDENCE ALASKA MEDICAL CENTER,AK,Acute Care Hospitals,3,188,408
SOUTHWEST HEALTHCARE RANCHO SPRINGS HOSPITAL,CA,Acute Care Hospitals,3,188,384
FRANKLIN COUNTY MEDICAL CENTER,ID,Critical Access Hospitals,3,188,80
UNITYPOINT HEALTH - DES MOINES IOWA METHODIST MEDI,IA,Acute Care Hospitals,3,188,368
ST JOSEPH HOSPITAL,ME,Acute Care Hospitals,3,188,381
HILLSDALE HOSPITAL,MI,Acute Care Hospitals,3,188,1869
CHESAPEAKE GENERAL HOSPITAL,VA,Acute Care Hospitals,3,188,386
SWEDISH EDMONDS HOSPITAL,WA,Acute Care Hospitals,3,188,411
BANNER OCOTILLO MEDICAL CENTER,AZ,Acute Care Hospitals,3,189,379
PRESENCE SAINTS MARY AND ELIZABETH MEDICAL CENTER,IL,Acute Care Hospitals,3,189,275
MEMORIAL HEALTHCARE,MI,Acute Care Hospitals,3,189,369
CALDWELL MEMORIAL HOSPITAL,NC,Acute Care Hospitals,3,189,363
MH ST JOSEPH WARREN HOSPITAL,OH,Acute Care Hospitals,3,189,376
ST JOSEPH MEDICAL CENTER,TX,Acute Care Hospitals,3,189,299
MERCY HOSPITAL,CA,Acute Care Hospitals,3,190,370
PIONEERS MEMORIAL HEALTHCARE DISTRICT,CA,Acute Care Hospitals,3,190,423
SAINT ANNE'S HOSPITAL,MA,Acute Care Hospitals,3,190,336
JERSEY CITY MEDICAL CENTER,NJ,Acute Care Hospitals,3,190,402
HILLCREST HOSPITAL SOUTH,OK,Acute Care Hospitals,3,190,389
SKAGIT VALLEY HOSPITAL,WA,Acute Care Hospitals,3,190,366
CHEYENNE REGIONAL MEDICAL CENTER,WY,Acute Care Hospitals,3,190,377
SAN GORGONIO MEMORIAL HOSPITAL,CA,Acute Care Hospitals,3,191,503
INDIANA UNIVERSITY HEALTH BEDFORD HOSPITAL,IN,Critical Access Hospitals,3,191,345
TRUMAN MEDICAL CENTER HOSPITAL HILL,MO,Acute Care Hospitals,3,191,318
ASHTABULA COUNTY MEDICAL CENTER,OH,Acute Care Hospitals,3,191,361
SAMARITAN LEBANON COMMUNITY HOSPITAL,OR,Critical Access Hospitals,3,191,350
UPMC HAMOT,PA,Acute Care Hospitals,3,191,596
UNIVERSITY OF TEXAS MEDICAL BRANCH GALVESTON,TX,Acute Care Hospitals,3,191,352
ASCENSION ST VINCENT'S CLAY COUNTY,FL,Acute Care Hospitals,3,192,289
HOULTON REGIONAL HOSPITAL,ME,Critical Access Hospitals,3,192,362
BAYSTATE FRANKLIN MEDICAL CENTER,MA,Acute Care Hospitals,3,192,366
ANNA JAQUES HOSPITAL,MA,Acute Care Hospitals,3,192,454
BRONSON BATTLE CREEK HOSPITAL,MI,Acute Care Hospitals,3,192,362
UNC HEALTH CARE WAYNE,NC,Acute Care Hospitals,3,192,369
HAYWOOD REGIONAL MEDICAL CENTER,NC,Acute Care Hospitals,3,192,370
OUR LADY OF FATIMA HOSPITAL,RI,Acute Care Hospitals,3,192,403
ADVENTIST HEALTH LODI MEMORIAL,CA,Acute Care Hospitals,3,193,463
MORTON PLANT NORTH BAY HOSPITAL,FL,Acute Care Hospitals,3,193,561
HONOR HEALTH JOHN C. LINCOLN MEDICAL CENTER,AZ,Acute Care Hospitals,3,194,378
ST FRANCIS HOSPITAL,DE,Acute Care Hospitals,3,194,399
PRESENCE MERCY MEDICAL CENTER,IL,Acute Care Hospitals,3,194,260
SAINT JOSEPH LONDON,KY,Acute Care Hospitals,3,194,360
NORTHEAST HOSPITAL CORPORATION,MA,Acute Care Hospitals,3,194,358
UPHS MARQUETTE DLP HOSPITAL,MI,Acute Care Hospitals,3,194,371
MONTEFIORE MOUNT VERNON HOSPITAL,NY,Acute Care Hospitals,3,194,362
SUMMA HEALTH SYSTEM,OH,Acute Care Hospitals,3,194,330
CITIZENS MEDICAL CENTER,TX,Acute Care Hospitals,3,194,351
ADVENTIST HEALTH TULARE,CA,Acute Care Hospitals,3,195,413
ASCENSION PROVIDENCE ROCHESTER HOSPITAL,MI,Acute Care Hospitals,3,195,289
ASCENSION ST JOHN MEDICAL CENTER,OK,Acute Care Hospitals,3,195,284
ASCENSION SAINT THOMAS HOSPITAL,TN,Acute Care Hospitals,3,195,566
BROWARD HEALTH MEDICAL CENTER,FL,Acute Care Hospitals,3,196,360
CARLE BROMENN MEDICAL CENTER,IL,Acute Care Hospitals,3,196,367
NORTON CLARK HOSPITAL,IN,Acute Care Hospitals,3,196,477
JFK UNIVERSITY MEDICAL CENTER,NJ,Acute Care Hospitals,3,196,379
ADENA REGIONAL MEDICAL CENTER,OH,Acute Care Hospitals,3,196,354
BERGER HOSPITAL,OH,Acute Care Hospitals,3,196,382
SOUTHWESTERN VERMONT MEDICAL CENTER,VT,Acute Care Hospitals,3,196,365
HONORHEALTH DEER VALLEY MEDICAL CENTER,AZ,Acute Care Hospitals,3,197,384
POMONA VALLEY HOSPITAL MEDICAL CENTER,CA,Acute Care Hospitals,3,197,408
ALEXIAN BROTHERS MEDICAL CENTER 1,IL,Acute Care Hospitals,3,197,294
STURDY MEMORIAL HOSPITAL,MA,Acute Care Hospitals,3,197,385
SISTERS OF CHARITY HOSPITAL,NY,Acute Care Hospitals,3,197,375
HOLY REDEEMER HOSPITAL AND MEDICAL CENTER,PA,Acute Care Hospitals,3,197,303
HONORHEALTH SCOTTSDALE OSBORN MEDICAL CENTER,AZ,Acute Care Hospitals,3,198,376
BAPTIST HEALTH HARDIN,KY,Acute Care Hospitals,3,198,369
MAINEHEALTH MID COAST HOSPITAL,ME,Acute Care Hospitals,3,198,377
HENRY FORD ALLEGIANCE HEALTH,MI,Acute Care Hospitals,3,198,374
COREWELL HEALTH TRENTON HOSPITAL,MI,Acute Care Hospitals,3,198,399
SAINT FRANCIS HOSPITAL MUSKOGEE,OK,Acute Care Hospitals,3,198,373
ACMH HOSPITAL,PA,Acute Care Hospitals,3,198,386
PHYSICIANS REGIONAL MEDICAL CENTER,TN,Acute Care Hospitals,3,198,388
SOUTH FLORIDA BAPTIST HOSPITAL,FL,Acute Care Hospitals,3,199,436
INDIANA UNIVERSITY HEALTH,IN,Acute Care Hospitals,3,199,376
MELROSEWAKEFIELD HEALTHCARE,MA,Acute Care Hospitals,3,199,347
SCOTLAND MEMORIAL HOSPITAL,NC,Acute Care Hospitals,3,199,104
MH ST ELIZABETH YOUNGSTOWN HOSPITAL,OH,Acute Care Hospitals,3,199,358
"USA HEALTH HCA PROVIDENCE HOSPITAL, LLC",AL,Acute Care Hospitals,3,200,286
MERCY SAN JUAN MEDICAL CENTER,CA,Acute Care Hospitals,3,200,348
ST ANTHONYS HOSPITAL,FL,Acute Care Hospitals,3,200,571
MONTEFIORE MEDICAL CENTER,NY,Acute Care Hospitals,3,200,405
KNOX COMMUNITY HOSPITAL,OH,Acute Care Hospitals,3,200,622
HILLSBORO MEDICAL CENTER,OR,Acute Care Hospitals,3,200,387
NORWALK HOSPITAL,CT,Acute Care Hospitals,3,201,370
CHRISTUS SOUTHERN NEW MEXICO,NM,Acute Care Hospitals,3,201,366
THE EAST ALABAMA HEALTHCARE AUTHORITY,AL,Acute Care Hospitals,3,202,594
PARADISE VALLEY HOSPITAL,CA,Acute Care Hospitals,3,202,347
ADVENTIST HEALTH WHITE MEMORIAL,CA,Acute Care Hospitals,3,202,395
UNION HOSPITAL,OH,Acute Care Hospitals,3,202,355
TRINITAS REGIONAL MEDICAL CENTER,NJ,Acute Care Hospitals,3,203,337
WATAUGA MEDICAL CENTER,NC,Acute Care Hospitals,3,203,372
UPMC ALTOONA,PA,Acute Care Hospitals,3,203,555
WEST PENN HOSPITAL,PA,Acute Care Hospitals,3,203,475
CARILION STONEWALL JACKSON HOSPITAL,VA,Critical Access Hospitals,3,203,348
TALLAHASSEE MEMORIAL HEALTHCARE,FL,Acute Care Hospitals,3,204,410
PALM BAY HOSPITAL,FL,Acute Care Hospitals,3,204,382
BAPTIST HEALTH CORBIN,KY,Acute Care Hospitals,3,204,357
NORTHERN LIGHT MAINE COAST HOSPITAL,ME,Acute Care Hospitals,3,204,447
INSPIRA MEDICAL CENTER VINELAND,NJ,Acute Care Hospitals,3,204,406
NOVANT HEALTH NEW HANOVER REGIONAL MEDICAL CENTER,NC,Acute Care Hospitals,3,204,335
OHIOHEALTH O'BLENESS HOSPITAL,OH,Acute Care Hospitals,3,204,385
ASANTE THREE RIVERS MEDICAL CENTER,OR,Acute Care Hospitals,3,204,307
DECATUR MEMORIAL HOSPITAL,IL,Acute Care Hospitals,3,205,817
THE MEDICAL CENTER OF SOUTHEAST TEXAS,TX,Acute Care Hospitals,3,205,337
METHODIST CHARLTON MEDICAL CENTER,TX,Acute Care Hospitals,3,205,363
PROVIDENCE CENTRALIA HOSPITAL,WA,Acute Care Hospitals,3,205,357
BORGESS MEDICAL CENTER,MI,Acute Care Hospitals,3,206,266
LOGAN HEALTH MEDICAL CENTER,MT,Acute Care Hospitals,3,206,379
RIVERVIEW MEDICAL CENTER,NJ,Acute Care Hospitals,3,206,355
MARSHFIELD MEDICAL CENTER - EAU CLAIRE,WI,Acute Care Hospitals,3,206,600
MEMORIAL HOSPITAL WEST,FL,Acute Care Hospitals,3,207,357
COMMUNITY HOSPITAL NORTH,IN,Acute Care Hospitals,3,207,317
BATON ROUGE GENERAL MEDICAL CENTER,LA,Acute Care Hospitals,3,207,340
VIRTUA MOUNT HOLLY HOSPITAL,NJ,Acute Care Hospitals,3,207,384
SAINT PETER'S UNIVERSITY HOSPITAL,NJ,Acute Care Hospitals,3,207,407
VAL VERDE REGIONAL MEDICAL CENTER,TX,Acute Care Hospitals,3,207,1491
PRATTVILLE BAPTIST HOSPITAL,AL,Acute Care Hospitals,3,208,391
MACNEAL  HOSPITAL,IL,Acute Care Hospitals,3,208,355
INDIANA UNIVERSITY HEALTH BLOOMINGTON HOSPITAL,IN,Acute Care Hospitals,3,208,356
"COMMUNITY HOSPITAL SOUTH, INC.",IN,Acute Care Hospitals,3,208,344
BROADLAWNS MEDICAL CENTER,IA,Acute Care Hospitals,3,208,379
TRINITY HEALTH MUSKEGON HOSPITAL,MI,Acute Care Hospitals,3,208,396
SUMMERLIN HOSPITAL MEDICAL CENTER,NV,Acute Care Hospitals,3,208,386
CAPE REGIONAL MEDICAL CENTER INC,NJ,Acute Care Hospitals,3,208,376
MAURY REGIONAL HOSPITAL,TN,Acute Care Hospitals,3,208,371
CORNING HOSPITAL,NY,Acute Care Hospitals,3,209,532
CHSLI ST JOSEPH HOSPITAL,NY,Acute Care Hospitals,3,209,384
UPMC MCKEESPORT HOSPITAL,PA,Acute Care Hospitals,3,209,526
BAPTIST BEAUMONT HOSPITAL,TX,Acute Care Hospitals,3,209,1422
MERCY HOSPITAL FORT SMITH,AR,Acute Care Hospitals,3,210,450
LOYOLA GOTTLIEB MEMORIAL HOSPITAL,IL,Acute Care Hospitals,3,210,367
SARAH BUSH LINCOLN HEALTH CENTER,IL,Acute Care Hospitals,3,210,405
TRINITY - BETTENDORF,IA,Acute Care Hospitals,3,210,346
KING'S DAUGHTERS' MEDICAL CENTER,KY,Acute Care Hospitals,3,210,365
SIGNATURE HEALTHCARE BROCKTON HOSPITAL,MA,Acute Care Hospitals,3,210,359
NORTHEASTERN NEVADA REGIONAL HOSPITAL,NV,Acute Care Hospitals,3,210,373
WARREN GENERAL HOSPITAL,PA,Acute Care Hospitals,3,210,387
KINGMAN REGIONAL MEDICAL CENTER,AZ,Acute Care Hospitals,3,211,397
DENVER HEALTH & HOSPITAL AUTHORITY,CO,Acute Care Hospitals,3,211,355
UW HEALTH,IL,Acute Care Hospitals,3,211,361
CHRISTUS ST FRANCES CABRINI HOSPITAL,LA,Acute Care Hospitals,3,211,366
MERCYONE DUBUQUE MEDICAL CENTER,IA,Acute Care Hospitals,3,212,491
NICHOLAS H NOYES MEMORIAL HOSPITAL,NY,Acute Care Hospitals,3,212,355
GRAYS HARBOR COMMUNITY HOSPITAL,WA,Acute Care Hospitals,3,212,536
ST JOSEPH MEDICAL CENTER,WA,Acute Care Hospitals,3,212,369
PROVIDENCE SAINT JOSEPH MEDICAL CTR,CA,Acute Care Hospitals,3,213,373
"COFFEE REGIONAL MEDICAL CENTER, INC",GA,Acute Care Hospitals,3,213,377
LA PALMA INTERCOMMUNITY HOSPITAL,CA,Acute Care Hospitals,3,214,402
PIEDMONT NEWTON HOSPITAL,GA,Acute Care Hospitals,3,214,387
LUTHERAN HOSPITAL OF INDIANA,IN,Acute Care Hospitals,3,214,392
HENRY FORD HEALTH HOSPITAL,MI,Acute Care Hospitals,3,214,359
OSWEGO HOSPITAL,NY,Acute Care Hospitals,3,214,404
PROVIDENCE ST PETER HOSPITAL,WA,Acute Care Hospitals,3,214,365
CARROLL HOSPITAL CENTER,MD,Acute Care Hospitals,3,215,2600
UMASS MEMORIAL HEALTH - HARRINGTON HOSPITAL,MA,Acute Care Hospitals,3,215,343
CENTURA HEALTH-PENROSE ST FRANCIS HEALTH SERVICES,CO,Acute Care Hospitals,3,216,372
PHOEBE SUMTER MEDICAL CENTER,GA,Acute Care Hospitals,3,216,443
BETSY JOHNSON REGIONAL HOSPITAL,NC,Acute Care Hospitals,3,216,725
JEFFERSON LANSDALE HOSPITAL,PA,Acute Care Hospitals,3,216,354
PENN STATE HEALTH ST. JOSEPH,PA,Acute Care Hospitals,3,216,381
ROGER WILLIAMS MEDICAL CENTER,RI,Acute Care Hospitals,3,216,357
CORONA REGIONAL MEDICAL CENTER,CA,Acute Care Hospitals,3,217,381
LAKE CHARLES MEMORIAL HOSPITAL,LA,Acute Care Hospitals,3,217,345
ST JOHN'S RIVERSIDE HOSPITAL,NY,Acute Care Hospitals,3,217,369
ST MARYS MEDICAL CENTER,WV,Acute Care Hospitals,3,217,381
ST LUKES HOSPITAL,MN,Acute Care Hospitals,3,218,408
ALAMANCE REGIONAL MEDICAL CENTER,NC,Acute Care Hospitals,3,218,443
WEST CHESTER HOSPITAL,OH,Acute Care Hospitals,3,218,384
BECKLEY ARH HOSPITAL,WV,Acute Care Hospitals,3,218,374
CAPE CORAL HOSPITAL,FL,Acute Care Hospitals,3,219,405
PROVIDENCE HOLY FAMILY HOSPITAL,WA,Acute Care Hospitals,3,219,342
"CABELL HUNTINGTON HOSPITAL, INC",WV,Acute Care Hospitals,3,219,523
BANNER IRONWOOD MEDICAL CENTER,AZ,Acute Care Hospitals,3,220,371
PIEDMONT ROCKDALE HOSPITAL,GA,Acute Care Hospitals,3,220,385
UNIVERSITY OF MISSOURI HEALTH CARE,MO,Acute Care Hospitals,3,220,413
MCLEOD HEALTH CLARENDON,SC,Acute Care Hospitals,3,220,322
DOCTORS HOSPTAL AT RENAISSANCE,TX,Acute Care Hospitals,3,220,460
PALOMAR HEALTH DOWNTOWN CAMPUS,CA,Acute Care Hospitals,3,221,341
ST FRANCIS HOSPITAL- EMORY HEALTHCARE,GA,Acute Care Hospitals,3,221,394
SSM ST JOSEPH HOSPITAL WEST,MO,Acute Care Hospitals,3,221,360
KALEIDA HEALTH,NY,Acute Care Hospitals,3,221,460
MOUNT SINAI SOUTH NASSAU,NY,Acute Care Hospitals,3,221,355
LOMA LINDA UNIVERSITY CHILDREN'S HOSPITAL,CA,Acute Care Hospitals,3,222,321
GOOD SAMARITAN HOSPITAL OF SUFFERN,NY,Acute Care Hospitals,3,222,403
"MOSES H. CONE MEMORIAL HOSPITAL, THE",NC,Acute Care Hospitals,3,222,418
GOOD SAMARITAN REGIONAL MEDICAL CENTER,OR,Acute Care Hospitals,3,222,367
BANNER GATEWAY MEDICAL CENTER,AZ,Acute Care Hospitals,3,223,373
ANDERSON HOSPITAL,IL,Acute Care Hospitals,3,223,361
COX MEDICAL CENTERS,MO,Acute Care Hospitals,3,223,363
UNIVERSITY HOSPITALS PORTAGE MEDICAL CENTER,OH,Acute Care Hospitals,3,223,366
SALEM REGIONAL MEDICAL CENTER,OH,Acute Care Hospitals,3,223,461
UNIVERSITY OF KANSAS HEALTH SYSTEM - ST FRANCIS CAMPUS,KS,Acute Care Hospitals,3,224,366
ST JOSEPH'S UNIVERSITY MEDICAL CENTER INC,NJ,Acute Care Hospitals,3,224,708
PRISMA HEALTH RICHLAND HOSPITAL,SC,Acute Care Hospitals,3,224,446
LEXINGTON MEDICAL CENTER,SC,Acute Care Hospitals,3,224,375
METHODIST DALLAS MEDICAL CENTER,TX,Acute Care Hospitals,3,225,350
MEMORIAL HERMANN NORTHEAST HOSPITAL,TX,Acute Care Hospitals,3,225,394
HAVASU REGIONAL MEDICAL CENTER,AZ,Acute Care Hospitals,3,226,370
BAKERSFIELD MEMORIAL HOSPITAL,CA,Acute Care Hospitals,3,226,352
"NORTHEAST GEORGIA MEDICAL CENTER, INC",GA,Acute Care Hospitals,3,226,468
FMOL HEALTH ST FRANCIS,LA,Acute Care Hospitals,3,226,345
REGIONS HOSPITAL,MN,Acute Care Hospitals,3,226,354
UPMC ST MARGARET,PA,Acute Care Hospitals,3,226,573
BANNER BOSWELL MEDICAL CENTER,AZ,Acute Care Hospitals,3,227,381
ST JOSEPH'S MEDICAL CENTER OF STOCKTON,CA,Acute Care Hospitals,3,227,361
MOUNT SINAI BETH ISRAEL,NY,Acute Care Hospitals,3,227,370
MERCY MEDICAL CENTER,CA,Acute Care Hospitals,3,228,364
"COLISEUM MEDICAL CENTERS, LLC, DBA",GA,Acute Care Hospitals,3,229,377
WINCHESTER HOSPITAL,MA,Acute Care Hospitals,3,229,373
VIDANT EDGECOMBE HOSPITAL,NC,Acute Care Hospitals,3,229,381
PENN STATE HEALTH LANCASTER MEDICAL CENTER,PA,Acute Care Hospitals,3,229,383
MEMORIAL HERMANN HOSPITAL SYSTEM,TX,Acute Care Hospitals,3,229,424
FRANCISCAN HEALTH OLYMPIA & CHICAGO HEIGHTS,IL,Acute Care Hospitals,3,230,337
FREDERICK HEALTH HOSPITAL,MD,Acute Care Hospitals,3,230,361
KENMORE MERCY HOSPITAL,NY,Acute Care Hospitals,3,230,367
MCLEOD REGIONAL MEDICAL CENTER-PEE DEE,SC,Acute Care Hospitals,3,230,343
ASCENSION GENESYS HOSPITAL,MI,Acute Care Hospitals,3,231,324
PROV SACRED HRT MED CTR & CHILDS HOSP.,WA,Acute Care Hospitals,3,231,333
TAMPA GENERAL HOSPITAL,FL,Acute Care Hospitals,3,232,1219
MYMICHIGAN MEDICAL CENTER ALPENA,MI,Acute Care Hospitals,3,232,390
ELLIS HOSPITAL,NY,Acute Care Hospitals,3,232,347
HILLCREST MEDICAL CENTER,OK,Acute Care Hospitals,3,232,371
CENTRA HEALTH -  LYNCHBURG GEN HOSPITAL,VA,Acute Care Hospitals,3,233,356
MEDSTAR GOOD SAMARITAN HOSPITAL,MD,Acute Care Hospitals,3,234,369
OHSU HOSPITAL AND CLINICS,OR,Acute Care Hospitals,3,234,374
ESKENAZI HEALTH,IN,Acute Care Hospitals,3,235,369
JACKSON-MADISON COUNTY GENERAL HOSPITAL,TN,Acute Care Hospitals,3,235,453
MISSION COMMUNITY HOSPITAL,CA,Acute Care Hospitals,3,236,309
NORTHSIDE HOSPITAL,GA,Acute Care Hospitals,3,236,871
ADVOCATE ILLINOIS MASONIC MEDICAL CENTER,IL,Acute Care Hospitals,3,236,371
GOOD SAMARITAN HOSPITAL MEDICAL CENTER,NY,Acute Care Hospitals,3,236,394
METHODIST HOSPITALS OF MEMPHIS,TN,Acute Care Hospitals,3,237,1631
RIVERSIDE REGIONAL MEDICAL CENTER,VA,Acute Care Hospitals,3,238,595
BANNER DEL E. WEBB MEDICAL CENTER,AZ,Acute Care Hospitals,3,239,371
LEHIGH VALLEY HOSPITAL - POCONO,PA,Acute Care Hospitals,3,239,350
"ARKANSAS HEART HOSPITAL, LLC",AR,Acute Care Hospitals,3,240,370
SOUTHERN CALIFORNIA HOSPITAL AT HOLLYWOOD,CA,Acute Care Hospitals,3,240,325
JOHN DEMPSEY HOSPITAL OF THE UNIVERSITY OF CONNECT,CT,Acute Care Hospitals,3,240,384
"OUR LADY OF LOURDES MEMORIAL HOSPITAL, INC",NY,Acute Care Hospitals,3,240,412
STRONG MEMORIAL HOSPITAL,NY,Acute Care Hospitals,3,240,380
BOSTON MEDICAL CENTER,MA,Acute Care Hospitals,3,241,416
MERCY MEDICAL CENTER INC,MD,Acute Care Hospitals,3,242,375
HENRY FORD HEALTH WEST BLOOMFIELD HOSPITAL,MI,Acute Care Hospitals,3,242,382
FORT SANDERS REGIONAL MEDICAL CENTER,TN,Acute Care Hospitals,3,242,442
UNIVERSITY MEDICAL CENTER OF EL PASO,TX,Acute Care Hospitals,3,242,400
BANNER ESTRELLA MEDICAL CENTER,AZ,Acute Care Hospitals,3,243,386
"SAMARITAN HOSPITAL OF TROY, NEW YORK",NY,Acute Care Hospitals,3,243,383
SALEM HOSPITAL,OR,Acute Care Hospitals,3,243,1663
ST VINCENT'S BIRMINGHAM,AL,Acute Care Hospitals,3,245,250
RIVERSIDE UNIVERSITY HEALTH SYSTEM-MEDICAL CENTER,CA,Acute Care Hospitals,3,245,345
"LUMINIS HEALTH ANNE ARUNDEL MEDICAL CENTER, INC",MD,Acute Care Hospitals,3,245,76055
BARNES-JEWISH ST PETERS HOSPITAL,MO,Acute Care Hospitals,3,245,377
CONCORD HOSPITAL,NH,Acute Care Hospitals,3,245,377
UH CLEVELAND MEDICAL CENTER,OH,Acute Care Hospitals,3,245,369
MEMORIAL MEDICAL CENTER,IL,Acute Care Hospitals,3,246,1088
UNIVERSITY OF MD MEDICAL CENTER MIDTOWN CAMPUS,MD,Acute Care Hospitals,3,246,301
SAINT FRANCIS MEDICAL CENTER,MO,Acute Care Hospitals,3,246,391
MEMORIAL HERMANN KATY HOSPITAL,TX,Acute Care Hospitals,3,246,401
INDIANA UNIVERSITY HEALTH BALL MEMORIAL HOSPITAL,IN,Acute Care Hospitals,3,247,359
UNIVERSITY HOSPITALS AHUJA MEDICAL CENTER,OH,Acute Care Hospitals,3,247,368
SAINT FRANCIS MEDICAL CENTER,CA,Acute Care Hospitals,3,250,417
MERITUS MEDICAL CENTER,MD,Acute Care Hospitals,3,250,34376
PENN STATE HEALTH HOLY SPIRIT MEDICAL CENTER,PA,Acute Care Hospitals,3,250,645
HUNTSVILLE HOSPITAL,AL,Acute Care Hospitals,3,252,402
"BAYHEALTH HOSPITAL, SUSSEX CAMPUS",DE,Acute Care Hospitals,3,252,359
TIFT REGIONAL MEDICAL CENTER,GA,Acute Care Hospitals,3,252,456
SWEDISH HOSPITAL,IL,Acute Care Hospitals,3,252,467
ADVOCATE CHRIST HOSPITAL & MEDICAL CENTER,IL,Acute Care Hospitals,3,252,344
PARK NICOLLET METHODIST HOSPITAL,MN,Acute Care Hospitals,3,252,398
FORBES HOSPITAL,PA,Acute Care Hospitals,3,252,470
HOLLYWOOD PRESBYTERIAN MEDICAL CENTER,CA,Acute Care Hospitals,3,253,313
UMASS MEMORIAL HEALTHALLIANCE HOSPITALS,MA,Acute Care Hospitals,3,253,335
THOMAS JEFFERSON UNIVERSITY HOSPITAL,PA,Acute Care Hospitals,3,253,350
SINAI HOSPITAL OF BALTIMORE,MD,Acute Care Hospitals,3,254,1811
MEDSTAR MONTGOMERY MEDICAL CENTER,MD,Acute Care Hospitals,3,254,370
HENNEPIN COUNTY MEDICAL CENTER,MN,Acute Care Hospitals,3,254,356
TRINITY HOSPITALS,ND,Acute Care Hospitals,3,254,336
OLYMPIC MEDICAL CENTER,WA,Acute Care Hospitals,3,254,390
BAPTIST MEMORIAL HOSPITAL DESOTO,MS,Acute Care Hospitals,3,255,402
GLENS FALLS HOSPITAL,NY,Acute Care Hospitals,3,255,361
SAN ANTONIO REGIONAL HOSPITAL,CA,Acute Care Hospitals,3,256,376
WELLSTAR COBB MEDICAL CENTER,GA,Acute Care Hospitals,3,256,339
CAYUGA MEDICAL CENTER AT ITHACA,NY,Acute Care Hospitals,3,256,348
USC ARCADIA HOSPITAL,CA,Acute Care Hospitals,3,258,372
JAVON BEA HOSPITAL,IL,Acute Care Hospitals,3,258,352
JOHNS HOPKINS HOWARD COUNTY MEDICAL CENTER,MD,Acute Care Hospitals,3,258,364
"SAINT JOSEPH'S HOSPITAL OF ATLANTA, INC",GA,Acute Care Hospitals,3,259,388
MCLAREN GREATER LANSING,MI,Acute Care Hospitals,3,259,430
PARKWEST MEDICAL CENTER,TN,Acute Care Hospitals,3,259,452
CARILION MEDICAL CENTER,VA,Acute Care Hospitals,3,260,359
JEFFERSON ABINGTON HOSPITAL,PA,Acute Care Hospitals,3,262,377
NORTHSIDE HOSPITAL GWINNETT,GA,Acute Care Hospitals,3,264,848
KENT COUNTY MEMORIAL HOSPITAL,RI,Acute Care Hospitals,3,264,321
BANNER - UNIVERSITY MEDICAL CENTER PHOENIX,AZ,Acute Care Hospitals,3,265,366
MEMORIAL MEDICAL CENTER,CA,Acute Care Hospitals,3,265,360
MERCY MEDICAL CENTER,OH,Acute Care Hospitals,3,265,351
MARY HITCHCOCK MEMORIAL HOSPITAL,NH,Acute Care Hospitals,3,266,369
SAINT MARY'S HOSPITAL,CT,Acute Care Hospitals,3,267,375
BEAUMONT HOSPITAL ROYAL OAK,MI,Acute Care Hospitals,3,268,377
NS/LIJ HS SOUTHSIDE HOSPITAL,NY,Acute Care Hospitals,3,269,279
JEFFERSON EINSTEIN PHILADELPHIA HOSPITAL,PA,Acute Care Hospitals,3,269,454
"LUMINIS HEALTH DOCTORS COMMUNITY MEDICAL CTR, INC",MD,Acute Care Hospitals,3,272,35289
ALLEGHENY GENERAL HOSPITAL,PA,Acute Care Hospitals,3,274,453
KAWEAH HEALTH MEDICAL CENTER,CA,Acute Care Hospitals,3,275,740
FROEDTERT MEMORIAL LUTHERAN HOSPITAL,WI,Acute Care Hospitals,3,275,493
"UNIVERSITY OF CINCINNATI MEDICAL CENTER, LLC",OH,Acute Care Hospitals,3,276,328
UNITED MEDICAL CENTER,DC,Acute Care Hospitals,3,277,163
UNIVERSITY OF MD CHARLES REGIONAL  MEDICAL CENTER,MD,Acute Care Hospitals,3,278,364
PIEDMONT FAYETTE HOSPITAL,GA,Acute Care Hospitals,3,281,391
UNIVERSITY HOSPITAL S U N Y HEALTH SCIENCE CENTER,NY,Acute Care Hospitals,3,284,431
HENRY FORD MACOMB HOSPITAL,MI,Acute Care Hospitals,3,292,355
PARKLAND HEALTH & HOSPITAL SYSTEM,TX,Acute Care Hospitals,3,292,351
PEACEHEALTH SOUTHWEST MEDICAL CENTE,WA,Acute Care Hospitals,3,292,330
MERCY HOSPITAL SPRINGFIELD,MO,Acute Care Hospitals,3,293,414
UMASS MEMORIAL MEDICAL CENTER/UNIVERSITY CAMPUS,MA,Acute Care Hospitals,3,296,366
VASSAR BROTHERS MEDICAL CENTER,NY,Acute Care Hospitals,3,298,392
EDWARD W SPARROW HOSPITAL,MI,Acute Care Hospitals,3,301,683
SARATOGA HOSPITAL,NY,Acute Care Hospitals,3,303,1045
BANNER - UNIVERSITY MEDICAL CENTER TUCSON CAMPUS,AZ,Acute Care Hospitals,3,306,370
ADVENTIST HEALTHCARE WHITE OAK MEDICAL CENTER,MD,Acute Care Hospitals,3,309,483
HIGHLAND HOSPITAL,NY,Acute Care Hospitals,3,312,395
OHIO STATE UNIVERSITY STATE HEALTH SYSTEM,OH,Acute Care Hospitals,3,312,378
COLLEGE MEDICAL CENTER,CA,Acute Care Hospitals,3,330,156
UNIVERSITY OF MARYLAND MEDICAL CENTER,MD,Acute Care Hospitals,3,330,329
JOHNS HOPKINS BAYVIEW MEDICAL CENTER,MD,Acute Care Hospitals,3,330,290
BETH ISRAEL DEACONESS MEDICAL CENTER,MA,Acute Care Hospitals,3,348,353
HARRIS HEALTH,TX,Acute Care Hospitals,3,360,309
MEDSTAR GEORGETOWN UNIVERSITY HOSPITAL,DC,Acute Care Hospitals,3,371,381
UNIVERSITY HEALTH SYSTEM,TX,Acute Care Hospitals,3,374,351
MEDSTAR FRANKLIN SQUARE MEDICAL CENTER,MD,Acute Care Hospitals,3,384,328
MEDSTAR WASHINGTON HOSPITAL CENTER,DC,Acute Care Hospitals,3,400,352
RIO GRANDE HOSPITAL,CO,Critical Access Hospitals,4,42,175
COTEAU DES PRAIRIES HEALTH CARE SYSTEM,SD,Critical Access Hospitals,4,48,362
COMPASS MEMORIAL HEALTHCARE,IA,Critical Access Hospitals,4,58,472
MERCY HOSPITAL BOONEVILLE,AR,Critical Access Hospitals,4,70,363
NORTH BIG HORN HOSPITAL DISTRICT,WY,Critical Access Hospitals,4,70,233
VIRGINIA GAY HOSPITAL,IA,Critical Access Hospitals,4,74,241
TRINITY HEALTH GRAND HAVEN HOSPITAL,MI,Acute Care Hospitals,4,76,301
TIPPAH COUNTY HOSPITAL,MS,Critical Access Hospitals,4,78,452
HCA HOUSTON HEALTHCARE MEDICAL CENTER,TX,Acute Care Hospitals,4,80,420
PHELPS MEMORIAL HEALTH CENTER,NE,Critical Access Hospitals,4,84,363
"COMMUNITY HOSPITAL, LLC",OK,Acute Care Hospitals,4,84,366
MCCURTAIN MEMORIAL HOSPITAL,OK,Critical Access Hospitals,4,84,415
MERCY HOSPITAL CARTHAGE,MO,Critical Access Hospitals,4,85,389
POWELL VALLEY HOSPITAL,WY,Critical Access Hospitals,4,86,890
REGIONAL HEALTH SERVICES OF HOWARD COUNTY,IA,Critical Access Hospitals,4,88,2832
"STORMONT VAIL HEALTH FLINT HILLS, LLC",KS,Acute Care Hospitals,4,88,364
WEBSTER GENERAL HOSPITAL/ SWING BED,MS,Acute Care Hospitals,4,88,412
INTEGRIS MIAMI HOSPITAL,OK,Acute Care Hospitals,4,88,390
COFFEY COUNTY HOSPITAL,KS,Critical Access Hospitals,4,89,381
HILLCREST HOSPITAL PRYOR,OK,Acute Care Hospitals,4,89,354
CHAMBERS MEMORIAL HOSPITAL,AR,Acute Care Hospitals,4,90,382
MEMORIAL HOSPITAL,OK,Acute Care Hospitals,4,91,267
"BEATRICE COMMUNITY HOSPITAL & HEALTH CENTER, INC",NE,Critical Access Hospitals,4,93,7416
MODOC MEDICAL CENTER,CA,Critical Access Hospitals,4,94,84
HILLS & DALES GENERAL HOSPITAL,MI,Critical Access Hospitals,4,94,339
HILLCREST HOSPITAL CUSHING,OK,Acute Care Hospitals,4,94,347
UNIVERSITY OF MICHIGAN HEALTH-SPARROW CARSON,MI,Acute Care Hospitals,4,95,371
HIGHPOINT HEALTH-RIVERVIEW WITH ASCENSION SAINT TH,TN,Critical Access Hospitals,4,95,357
MERCY MEDICAL CENTER OF MT SHASTA,CA,Critical Access Hospitals,4,96,378
ROPER HOSPITAL,SC,Acute Care Hospitals,4,97,416
PRATT REGIONAL MEDICAL CENTER,KS,Acute Care Hospitals,4,99,769
SPRINGHILL MEDICAL CENTER,LA,Acute Care Hospitals,4,99,445
COMMUNITY MEMORIAL HOSPITAL,SD,Critical Access Hospitals,4,99,1144
WHITTIER HOSPITAL MEDICAL CENTER,CA,Acute Care Hospitals,4,100,402
BROOKINGS HEALTH SYSTEM,SD,Acute Care Hospitals,4,100,447
SOUTHWEST MEMORIAL HOSPITAL,CO,Critical Access Hospitals,4,101,377
CHI HEALTH MISSOURI VALLEY,IA,Critical Access Hospitals,4,102,336
"COMMUNITY MEDICAL CENTER, INC",NE,Critical Access Hospitals,4,102,319
"COAL COUNTY GENERAL HOSPITAL, INC.",OK,Critical Access Hospitals,4,102,109
RUSSELLVILLE HOSPITAL,AL,Acute Care Hospitals,4,103,380
"LIVINGSTON HOSPITAL AND HEALTHCARE SERVICES, INC",KY,Critical Access Hospitals,4,103,283
PROVIDENCE HOOD RIVER MEMORIAL HOSPITAL,OR,Critical Access Hospitals,4,103,400
AVERA QUEEN OF PEACE,SD,Critical Access Hospitals,4,103,6943
ADVENTHEALTH ROLLINS BROOK,TX,Critical Access Hospitals,4,103,334
ASHLEY COUNTY MEDICAL CENTER,AR,Critical Access Hospitals,4,104,337
UCH-MEMORIAL HEALTH SYSTEM,CO,Acute Care Hospitals,4,104,372
RIO GRANDE REGIONAL HOSPITAL,TX,Acute Care Hospitals,4,104,434
TIMPANOGOS REGIONAL HOSPITAL,UT,Acute Care Hospitals,4,104,414
LEWISGALE HOSPITAL ALLEGHANY,VA,Acute Care Hospitals,4,104,368
MONROE HOSPITAL,IN,Acute Care Hospitals,4,105,415
SAINT LUKE'S SOUTH HOSPITAL,KS,Acute Care Hospitals,4,105,415
SAINT MARY'S STANDISH COMMUNITY HOSPITAL,MI,Critical Access Hospitals,4,105,294
CHRISTUS MOTHER FRANCES HOSPITAL,TX,Acute Care Hospitals,4,105,777
ST ELIZABETH HOSPITAL,CO,Acute Care Hospitals,4,106,351
HCA FLORIDA SARASOTA DOCTORS HOSPITAL,FL,Acute Care Hospitals,4,106,408
"ROCK REGIONAL HOSPITAL, LLC",KS,Acute Care Hospitals,4,106,407
"COMMUNITY MEMORIAL HEALTHCARE, INC.",KS,Critical Access Hospitals,4,106,218
SOUTHERN HILLS HOSPITAL AND MEDICAL CENTER,NV,Acute Care Hospitals,4,106,416
BOONE MEMORIAL HOSPITAL,WV,Critical Access Hospitals,4,106,410
MAYO CLINIC HEALTH SYSTEM-NORTHLAND,WI,Critical Access Hospitals,4,106,372
UNIVERSITY  OF KS HLTH SYSTEM GREAT BEND CAMPUS,KS,Acute Care Hospitals,4,107,352
OSF SAINT LUKE MEDICAL CENTER,IL,Critical Access Hospitals,4,108,348
SAVOY MEDICAL CENTER,LA,Acute Care Hospitals,4,108,286
KEARNEY REGIONAL MEDICAL CENTER,NE,Acute Care Hospitals,4,108,389
ST LUKE'S HOSPITAL - EASTON CAMPUS,PA,Acute Care Hospitals,4,108,351
ST MARK'S HOSPITAL,UT,Acute Care Hospitals,4,108,432
WESTFIELDS HOSPITAL AND CLINIC,WI,Critical Access Hospitals,4,108,361
FILLMORE COUNTY HOSPITAL,NE,Critical Access Hospitals,4,109,269
ELIZABETHTOWN COMMUNITY HOSPITAL,NY,Critical Access Hospitals,4,109,383
COBLESKILL REGIONAL HOSPITAL,NY,Critical Access Hospitals,4,109,376
SOUTH TEXAS HEALTH SYSTEM,TX,Acute Care Hospitals,4,109,396
TROY REGIONAL MEDICAL CENTER,AL,Acute Care Hospitals,4,110,366
RIVERVIEW HEALTH,IN,Acute Care Hospitals,4,110,391
BOONE COUNTY HEALTH CENTER,NE,Critical Access Hospitals,4,110,276
ROBERT WOOD JOHNSON UNIVERSITY HOSPITAL AT RAHWAY,NJ,Acute Care Hospitals,4,110,407
JAMESTOWN REGIONAL MEDICAL CENTER,ND,Critical Access Hospitals,4,110,563
PARKRIDGE MEDICAL CENTER,TN,Acute Care Hospitals,4,110,378
THEDACARE MEDICAL CENTER - SHAWANO,WI,Critical Access Hospitals,4,110,360
STE GENEVIEVE COUNTY MEMORIAL HOSPITAL,MO,Critical Access Hospitals,4,111,410
AVERA ST ANTHONY'S HOSPITAL,NE,Critical Access Hospitals,4,111,1785
MERCY HEALTH - URBANA HOSPITAL,OH,Critical Access Hospitals,4,112,342
BON SECOURS SOUTHERN VIRGINIA MEDICAL CENTER,VA,Acute Care Hospitals,4,112,364
UPLAND HILLS HEALTH,WI,Critical Access Hospitals,4,112,489
JONES REGIONAL MEDICAL CENTER,IA,Critical Access Hospitals,4,113,317
ALLEN COUNTY REGIONAL HOSPITAL,KS,Critical Access Hospitals,4,114,373
SANFORD WORTHINGTON MEDICAL CENTER,MN,Acute Care Hospitals,4,114,372
MEMORIAL HOSPITAL OF CONVERSE COUNTY,WY,Critical Access Hospitals,4,114,254
BRODSTONE HEALTHCARE,NE,Critical Access Hospitals,4,115,226
CHI HEALTH ST MARY'S,NE,Critical Access Hospitals,4,115,367
"MEMORIAL HOSPITAL, THE",NH,Critical Access Hospitals,4,115,393
KETTERING HEALTH MIAMISBURG,OH,Acute Care Hospitals,4,115,374
TRISTAR CENTENNIAL MEDICAL CENTER,TN,Acute Care Hospitals,4,115,415
FAYETTE MEDICAL CENTER,AL,Acute Care Hospitals,4,116,346
STRAUB CLINIC AND HOSPITAL,HI,Acute Care Hospitals,4,116,356
WEST RIVER REGIONAL MEDICAL CENTER,ND,Critical Access Hospitals,4,116,234
TEXOMA MEDICAL CENTER,TX,Acute Care Hospitals,4,116,386
HCA HOUSTON HEALTHCARE CLEAR LAKE,TX,Acute Care Hospitals,4,116,425
SANTA ROSA MEDICAL CENTER,FL,Acute Care Hospitals,4,117,417
INTEGRIS GROVE HOSPITAL,OK,Acute Care Hospitals,4,117,380
AVERA MCKENNAN HOSPITAL & UNIVERSITY HEALTH CENTER,SD,Acute Care Hospitals,4,117,389
RUSSELL COUNTY HOSPITAL,VA,Acute Care Hospitals,4,117,353
MILE BLUFF MEDICAL CENTER,WI,Acute Care Hospitals,4,117,447
WITHAM HEALTH SERVICES,IN,Acute Care Hospitals,4,118,428
SPENCER MUNICIPAL HOSPITAL,IA,Acute Care Hospitals,4,118,344
COTTAGE HOSPITAL,NH,Critical Access Hospitals,4,118,415
ARBUCKLE MEMORIAL HOSPITAL AUTHORITY,OK,Critical Access Hospitals,4,118,52
UPMC MUNCY,PA,Critical Access Hospitals,4,118,514
BAPTIST MEMORIAL HOSPITAL - CARROLL COUNTY,TN,Acute Care Hospitals,4,118,385
WASHAKIE MEDICAL CENTER,WY,Critical Access Hospitals,4,118,272
PLATTE COUNTY HOSPITAL,WY,Critical Access Hospitals,4,119,305
PEACEHEALTH KETCHIKAN MEDICAL CENTER,AK,Critical Access Hospitals,4,120,336
HCA-HEALTHONE DBA SWEDISH MEDICAL CENTER,CO,Acute Care Hospitals,4,120,417
BLUFFTON REGIONAL MEDICAL CENTER,IN,Acute Care Hospitals,4,120,385
PARKVIEW WHITLEY HOSPITAL,IN,Acute Care Hospitals,4,120,562
PARKLAND MEDICAL CENTER,NH,Acute Care Hospitals,4,120,397
ALICE PECK DAY MEMORIAL HOSPITAL,NH,Critical Access Hospitals,4,120,440
ASHLEY REGIONAL MEDICAL CENTER,UT,Acute Care Hospitals,4,120,373
SSM HEALTH ST CLARE HOSPITAL - BARABOO,WI,Acute Care Hospitals,4,120,376
METHODIST HOSPITAL FOR SURGERY,TX,Acute Care Hospitals,4,120,272
RED BUD REGIONAL HOSPITAL,IL,Critical Access Hospitals,4,121,372
MERCYONE CLINTON MEDICAL CENTER,IA,Acute Care Hospitals,4,121,372
"ADVENTHEALTH SOUTH OVERLAND PARK, INC",KS,Acute Care Hospitals,4,121,400
JENNIE M MELHAM MEMORIAL MEDICAL CENTER,NE,Critical Access Hospitals,4,121,215
EASTERN OKLAHOMA MEDICAL CENTER,OK,Critical Access Hospitals,4,121,360
NORTH TEXAS MEDICAL CENTER,TX,Acute Care Hospitals,4,121,361
LAVACA MEDICAL CENTER,TX,Critical Access Hospitals,4,121,106
ASCENSION ST VINCENT'S ST JOHNS COUNTY,FL,Acute Care Hospitals,4,122,291
WEST CALCASIEU CAMERON HOSPITAL,LA,Acute Care Hospitals,4,122,587
MAINEHEALTH STEPHENS HOSPITAL,ME,Critical Access Hospitals,4,122,394
MUNSON HEALTHCARE MANISTEE HOSPITAL,MI,Acute Care Hospitals,4,122,358
ATRIUM HEALTH UNION,NC,Acute Care Hospitals,4,122,378
MERCY HEALTH - DEFIANCE HOSPITAL,OH,Acute Care Hospitals,4,122,353
AURORA MEDICAL CTR OSHKOSH,WI,Acute Care Hospitals,4,122,760
JACK HUGHSTON MEMORIAL HOSPITAL,AL,Acute Care Hospitals,4,123,412
ASCENSION ST VINCENT'S SOUTHSIDE,FL,Acute Care Hospitals,4,123,292
CASS REGIONAL MEDICAL CENTER,MO,Critical Access Hospitals,4,123,338
AVERA ST LUKES,SD,Acute Care Hospitals,4,123,386
VANDERBILT BEDFORD HOSPITAL,TN,Acute Care Hospitals,4,123,385
DOCTORS HOSPITAL OF LAREDO,TX,Acute Care Hospitals,4,123,392
ST MARYS GOOD SAMARITAN HOSPITAL,GA,Critical Access Hospitals,4,124,399
WINNMED,IA,Critical Access Hospitals,4,124,321
WESLEY MEDICAL CENTER,KS,Acute Care Hospitals,4,124,353
ATOKA COUNTY MEDICAL CENTER,OK,Critical Access Hospitals,4,124,262
MID-COLUMBIA MEDICAL CENTER,OR,Acute Care Hospitals,4,124,386
TRISTAR SOUTHERN HILLS MEDICAL CENTER,TN,Acute Care Hospitals,4,124,396
STONESPRINGS HOSPITAL CENTER,VA,Acute Care Hospitals,4,124,397
AURORA MEDICAL CTR WASHINGTON COUNTY,WI,Acute Care Hospitals,4,124,370
OSF HOLY FAMILY MEDICAL CENTER,IL,Critical Access Hospitals,4,125,346
CRAWFORD MEMORIAL HOSPITAL,IL,Critical Access Hospitals,4,125,377
CHI HEALTH ST. FRANCIS,NE,Acute Care Hospitals,4,125,359
ST VINCENT MEDICAL CENTER/NORTH,AR,Acute Care Hospitals,4,126,360
PARKVIEW HUNTINGTON HOSPITAL,IN,Acute Care Hospitals,4,126,354
DUPONT HOSPITAL LLC,IN,Acute Care Hospitals,4,126,402
CHI SAINT JOSEPH BEREA NF,KY,Critical Access Hospitals,4,126,375
COASTAL CAROLINA HOSPITAL,SC,Acute Care Hospitals,4,126,480
HCA FLORIDA KENDALL HOSPITAL,FL,Acute Care Hospitals,4,127,420
HEDRICK MEDICAL CENTER,MO,Critical Access Hospitals,4,127,383
FISHER-TITUS HOSPITAL,OH,Acute Care Hospitals,4,127,387
BELLEVUE HOSPITAL,OH,Acute Care Hospitals,4,127,389
TEXAS HEALTH HARRIS METHODIST HOSPITAL STEPHENVILL,TX,Acute Care Hospitals,4,127,397
SHARP CORONADO HOSPITAL AND HLTHCR CTR,CA,Acute Care Hospitals,4,128,358
VALLEY WEST COMMUNITY HOSPITAL,IL,Critical Access Hospitals,4,128,346
GREENE COUNTY GENERAL HOSPITAL,IN,Critical Access Hospitals,4,128,362
INTERMOUNTAIN HEALTH SEVIER VALLEY HOSPITAL,UT,Acute Care Hospitals,4,128,448
ST VINCENT HOSPITAL,WI,Acute Care Hospitals,4,128,362
HCA HEALTHONE ROSE,CO,Acute Care Hospitals,4,129,406
MEMORIAL HOSPITAL PEMBROKE,FL,Acute Care Hospitals,4,129,362
LAKEWOOD RANCH MEDICAL CENTER,FL,Acute Care Hospitals,4,129,390
SAINT JOSEPH MOUNT STERLING,KY,Acute Care Hospitals,4,129,371
MARCUM AND WALLACE MEMORIAL HOSPITAL,KY,Critical Access Hospitals,4,129,366
GARRETT REGIONAL MEDICAL CENTER,MD,Acute Care Hospitals,4,129,353
OSF ST FRANCIS HOSPITAL AND MEDICAL GROUP,MI,Critical Access Hospitals,4,129,337
OLMSTED MEDICAL CENTER,MN,Acute Care Hospitals,4,129,12996
MEMORIAL HOSPITAL,OH,Acute Care Hospitals,4,129,368
MEDICAL CITY DENTON,TX,Acute Care Hospitals,4,129,425
ST JOSEPHS HOSPITAL,IL,Acute Care Hospitals,4,130,342
SAINT JAMES HOSPITAL,IL,Acute Care Hospitals,4,130,364
ST CATHERINE HOSPITAL INC,IN,Acute Care Hospitals,4,130,376
SOIN MEDICAL CENTER,OH,Acute Care Hospitals,4,130,368
LEWISGALE HOSPITAL PULASKI,VA,Acute Care Hospitals,4,130,440
BALDWIN HEALTH,AL,Acute Care Hospitals,4,131,411
ST THOMAS MORE HOSPITAL,CO,Critical Access Hospitals,4,131,356
"ST JOSEPH HEALTH SYSTEM, LLC",IN,Acute Care Hospitals,4,131,390
WESTERLY HOSPITAL,RI,Acute Care Hospitals,4,131,350
UT HEALTH EAST TEXAS QUITMAN HOSPITAL,TX,Critical Access Hospitals,4,131,350
AURORA MEDICAL CENTER BAY AREA,WI,Acute Care Hospitals,4,131,361
"NGMC BARROW, LLC",GA,Acute Care Hospitals,4,132,454
FAIRVIEW PARK HOSPITAL,GA,Acute Care Hospitals,4,132,417
ASCENSION ST VINCENT FISHERS,IN,Acute Care Hospitals,4,132,280
ESSENTIA HEALTH ST MARYS - DETROIT LAKES,MN,Acute Care Hospitals,4,132,328
UNIVERSITY HOSPITALS CONNEAUT MEDICAL CENTER,OH,Critical Access Hospitals,4,132,351
HERITAGE VALLEY SEWICKLEY,PA,Acute Care Hospitals,4,132,386
PENN HIGHLANDS BROOKVILLE,PA,Critical Access Hospitals,4,132,391
CHRISTUS GOOD SHEPHERD MEDICAL CENTER,TX,Acute Care Hospitals,4,132,360
"CORPUS CHRISTI MEDICAL CENTER,THE",TX,Acute Care Hospitals,4,132,442
LONESOME PINE HOSPITAL,VA,Acute Care Hospitals,4,132,693
BOULDER COMMUNITY HEALTH,CO,Acute Care Hospitals,4,133,346
ADVENTHEALTH NORTH PINELLAS,FL,Acute Care Hospitals,4,133,407
OUR LADY OF THE ANGELS HOSPITAL,LA,Acute Care Hospitals,4,133,365
ST LUKE'S MINERS MEMORIAL HOSPITAL,PA,Acute Care Hospitals,4,133,355
TROY COMMUNITY HOSPITAL,PA,Critical Access Hospitals,4,133,530
SENTARA VIRGINIA BEACH GENERAL HOSPITAL,VA,Acute Care Hospitals,4,133,2790
AURORA BAYCARE MEDICAL CTR,WI,Acute Care Hospitals,4,133,377
NORTH MISSISSIPPI HEALTH SERVICES - SOUTH MARION,AL,Acute Care Hospitals,4,134,669
SAN GABRIEL VALLEY MEDICAL CENTER,CA,Acute Care Hospitals,4,134,409
BRIDGEPORT HOSPITAL,CT,Acute Care Hospitals,4,134,360
COREWELL HEALTH LUDINGTON HOSPITAL,MI,Acute Care Hospitals,4,134,396
ALOMERE HEALTH,MN,Acute Care Hospitals,4,134,642
SSM HEALTH ST ANTHONY HOSPITAL - OKLAHOMA CITY,OK,Acute Care Hospitals,4,134,376
SANFORD MEDICAL CENTER ABERDEEN,SD,Acute Care Hospitals,4,134,380
METRO NASHVILLE GENERAL HOSPITAL,TN,Acute Care Hospitals,4,134,383
METHODIST HOSPITAL,TX,Acute Care Hospitals,4,134,368
CHI ST LUKES HEALTH MEMORIAL LIVINGSTON,TX,Acute Care Hospitals,4,134,362
RAPPAHANNOCK GENERAL HOSPITAL,VA,Critical Access Hospitals,4,134,389
LOWER KEYS MEDICAL CENTER,FL,Acute Care Hospitals,4,135,387
TRINITY MUSCATINE,IA,Acute Care Hospitals,4,135,331
SOUTHEAST IOWA REGIONAL MEDICAL CENTER,IA,Acute Care Hospitals,4,135,414
OVERLAND PARK REG MED CTR,KS,Acute Care Hospitals,4,135,410
SALEM MEMORIAL DISTRICT HOSPITAL,MO,Critical Access Hospitals,4,135,330
BOX BUTTE GENERAL HOSPITAL,NE,Critical Access Hospitals,4,135,1289
KETTERING HEALTH DAYTON,OH,Acute Care Hospitals,4,135,371
MCLEOD LORIS  HOSPITAL,SC,Acute Care Hospitals,4,135,353
TEXAS HEALTH HARRIS METHODIST HOSPITAL AZLE,TX,Acute Care Hospitals,4,135,393
AMERICAN FORK HOSPITAL,UT,Acute Care Hospitals,4,135,467
ST ELIZABETH COMMUNITY HOSPITAL,CA,Acute Care Hospitals,4,136,366
MAJOR HOSPITAL,IN,Acute Care Hospitals,4,136,444
MERCY MEDICAL CENTER - CEDAR RAPIDS,IA,Acute Care Hospitals,4,136,390
SPECTRUM HEALTH UNITED HOSPITAL,MI,Acute Care Hospitals,4,136,406
RIDGEVIEW MEDICAL CENTER,MN,Acute Care Hospitals,4,136,371
WRIGHT MEMORIAL HOSPITAL,MO,Critical Access Hospitals,4,136,371
YORK GENERAL HEALTH CARE SERVICES,NE,Critical Access Hospitals,4,136,106
ADVENT HEALTH POLK,NC,Critical Access Hospitals,4,136,362
MERCY HEALTH - WEST HOSPITAL,OH,Acute Care Hospitals,4,136,374
SENTARA CAREPLEX HOSPITAL,VA,Acute Care Hospitals,4,136,3304
COLUMBUS COMMUNITY HOSPITAL,WI,Critical Access Hospitals,4,136,481
CHANDLER REGIONAL MEDICAL CENTER,AZ,Acute Care Hospitals,4,137,383
SUTTER LAKESIDE HOSPITAL,CA,Critical Access Hospitals,4,137,375
PIEDMONT WALTON HOSPITAL,GA,Acute Care Hospitals,4,137,393
"IDAHO FALLS COMMUNITY HOSPITAL, LLC",ID,Acute Care Hospitals,4,137,469
PRESENCE SAINT JOSEPH HOSPITAL - CHICAGO,IL,Acute Care Hospitals,4,137,283
ESSENTIA HEALTH VIRGINIA,MN,Acute Care Hospitals,4,137,328
FAIRVIEW NORTHLAND REGIONAL HOSPITAL,MN,Acute Care Hospitals,4,137,383
CHRISTUS SANTA ROSA HOSPITAL-SAN MARCOS,TX,Acute Care Hospitals,4,137,405
MEDICAL CITY LAS COLINAS,TX,Acute Care Hospitals,4,137,403
TRI-STATE MEMORIAL HOSPITAL,WA,Critical Access Hospitals,4,137,393
BAYLOR SCOTT & WHITE MEDICAL CENTER PFLUGERVILLE,TX,Acute Care Hospitals,4,137,381
MEDICAL CENTER ENTERPRISE,AL,Acute Care Hospitals,4,138,398
ADVENTIST HEALTH ST HELENA,CA,Acute Care Hospitals,4,138,418
ABRAHAM LINCOLN MEMORIAL HOSPITAL,IL,Critical Access Hospitals,4,138,5885
SAINT JOSEPH REGIONAL MEDICAL CENTER - PLYMOUTH,IN,Acute Care Hospitals,4,138,383
CHI HEALTH MIDLANDS,NE,Acute Care Hospitals,4,138,363
SAINT MARY'S REGIONAL MEDICAL CENTER,NV,Acute Care Hospitals,4,138,384
JONES MEMORIAL HOSPITAL,NY,Acute Care Hospitals,4,138,382
THE JEWISH HOSPITAL-MERCY HEALTH,OH,Acute Care Hospitals,4,138,380
AVITA ONTARIO,OH,Acute Care Hospitals,4,138,372
CARILION GILES COMMUNITY HOSPITAL,VA,Critical Access Hospitals,4,138,347
SUTTER AMADOR HOSPITAL,CA,Acute Care Hospitals,4,139,375
UCHEALTH GREELEY HOSPITAL,CO,Acute Care Hospitals,4,139,381
WILLIAM NEWTON HOSPITAL,KS,Critical Access Hospitals,4,139,333
ST GABRIELS HOSPITAL,MN,Critical Access Hospitals,4,139,357
HUGGINS HOSPITAL,NH,Critical Access Hospitals,4,139,269
UNIVERSITY HOSPITALS SAMARITAN MEDICAL CENTER,OH,Acute Care Hospitals,4,139,359
SPRINGFIELD REGIONAL MEDICAL CENTER,OH,Acute Care Hospitals,4,139,368
MERCY HOSPITAL ADA,OK,Acute Care Hospitals,4,139,388
UPMC NORTHWEST,PA,Acute Care Hospitals,4,139,546
BAPTIST MEMORIAL HOSPITAL UNION CITY,TN,Acute Care Hospitals,4,139,369
CHRISTUS MOTHER FRANCES HOSPITAL SULPHUR SPRINGS,TX,Acute Care Hospitals,4,139,581
COMMUNITY HOSPITAL,CO,Acute Care Hospitals,4,140,357
THE MEDICAL CENTER OF AURORA & SOUTH HOSPITAL,CO,Acute Care Hospitals,4,140,400
HILLCREST HOSPITAL CLAREMORE,OK,Acute Care Hospitals,4,140,367
"MERCY HOSPITAL ARDMORE, INC",OK,Acute Care Hospitals,4,140,416
UPMC BEDFORD MEMORIAL,PA,Acute Care Hospitals,4,140,554
WELLSPAN WAYNESBORO HOSPITAL,PA,Acute Care Hospitals,4,140,359
MONUMENT HEALTH SPEARFISH HOSPITAL,SD,Acute Care Hospitals,4,140,378
TEXAS HEALTH PRESBYTERIAN HOSPITAL ALLEN,TX,Acute Care Hospitals,4,140,403
RIVERSIDE WALTER REED HOSPITAL,VA,Acute Care Hospitals,4,140,352
SSM HEALTH ST MARY'S HOSPITAL - JANESVILLE,WI,Acute Care Hospitals,4,140,371
MAYO CLINIC HEALTH SYSTEM CHIPPEWA VALLEY,WI,Critical Access Hospitals,4,140,360
DOOR COUNTY MEDICAL CENTER,WI,Critical Access Hospitals,4,140,337
MONTROSE REGIONAL HEALTH,CO,Acute Care Hospitals,4,141,346
ST LUKE'S WOOD RIVER MEDICAL CENTER,ID,Critical Access Hospitals,4,141,1454
MAHASKA  HEALTH PARTNERSHIP,IA,Critical Access Hospitals,4,141,334
"ASCENSION VIA CHRISTI HOSPITAL MANHATTAN, INC",KS,Acute Care Hospitals,4,141,257
"COMMUNITY MEMORIAL HOSPITAL, INC",NY,Critical Access Hospitals,4,141,8298
INTEGRIS CANADIAN VALLEY HOSPITAL,OK,Acute Care Hospitals,4,141,398
MUSC HEALTH LANCASTER MEDICAL CENTER,SC,Acute Care Hospitals,4,141,377
HENRICO DOCTORS' HOSPITAL,VA,Acute Care Hospitals,4,141,429
ALHAMBRA HOSPITAL MEDICAL CENTER,CA,Acute Care Hospitals,4,142,518
ST MARY'S REGIONAL MEDICAL CENTER,ME,Acute Care Hospitals,4,142,357
GLACIAL RIDGE HOSPITAL,MN,Critical Access Hospitals,4,142,343
BOZEMAN HEALTH DEACONESS HOSPITAL,MT,Acute Care Hospitals,4,142,385
CHI HEALTH GOOD SAMARITAN,NE,Acute Care Hospitals,4,142,365
BELLEVUE MEDICAL CENTER,NE,Acute Care Hospitals,4,142,376
MERCY HEALTH - CLERMONT HOSPITAL,OH,Acute Care Hospitals,4,142,357
PRISMA HEALTH LAURENS COUNTY HOSPITAL,SC,Acute Care Hospitals,4,142,448
BAYLOR SCOTT AND WHITE MEDICAL CENTER LAKE POINTE,TX,Acute Care Hospitals,4,142,382
WAUKESHA MEMORIAL HOSPITAL,WI,Acute Care Hospitals,4,142,378
THEDACARE REGIONAL MED CTR - NEENAH,WI,Acute Care Hospitals,4,142,374
BANNER PAYSON MEDICAL CENTER,AZ,Critical Access Hospitals,4,143,356
SACRED HEART HOSPITAL,FL,Acute Care Hospitals,4,143,298
ADIRONDACK MEDICAL CENTER - SARANAC LAKE,NY,Acute Care Hospitals,4,143,385
JOHNSON REGIONAL MEDICAL CENTER,AR,Acute Care Hospitals,4,144,446
AHMC ANAHEIM REGIONAL MEDICAL CENTER,CA,Acute Care Hospitals,4,144,353
NORTHFIELD HOSPITAL,MN,Acute Care Hospitals,4,144,462
CAMBRIDGE MEDICAL CENTER,MN,Acute Care Hospitals,4,144,376
BAPTIST MEMORIAL HOSPITAL UNION COUNTY,MS,Acute Care Hospitals,4,144,526
NOVANT HEALTH EAST COOPER MEDICAL CENTER,SC,Acute Care Hospitals,4,144,423
UNIVERSITY OF TEXAS HEALTH SCIENCE CENTER AT TYLER,TX,Acute Care Hospitals,4,144,338
SENTARA MARTHA JEFFERSON HOSPITAL,VA,Acute Care Hospitals,4,144,1842
BANNER NORTH COLORADO MEDICAL CENTER,CO,Acute Care Hospitals,4,145,382
ADVENTHEALTH NEW SMYRNA BEACH,FL,Acute Care Hospitals,4,145,420
SAINT JOSEPH HOSPITAL-ELGIN,IL,Acute Care Hospitals,4,145,280
COMMUNITY HOWARD REGIONAL HEALTH INC.,IN,Acute Care Hospitals,4,145,329
MARY GREELEY MEDICAL CENTER,IA,Acute Care Hospitals,4,145,389
"VIA CHRISTI HOSPITAL WICHITA ST TERESA, INC",KS,Acute Care Hospitals,4,145,281
UNIVERSITY HEALTH LAKEWOOD MEDICAL CENTER,MO,Acute Care Hospitals,4,145,292
SWEDISH ISSAQUAH,WA,Acute Care Hospitals,4,145,409
"ASPIRUS STEVENS POINT HOSPITAL & CLINICS, INC.",WI,Acute Care Hospitals,4,145,366
RESOLUTE HEALTH HOSPITAL,TX,Acute Care Hospitals,4,145,427
ADVENTHEALTH DADE CITY,FL,Acute Care Hospitals,4,146,466
PRESENCE ST MARYS HOSPITAL,IL,Acute Care Hospitals,4,146,294
GETTYSBURG HOSPITAL,PA,Acute Care Hospitals,4,146,348
TEXAS HEALTH HARRIS METHODIST HURST-EULESS-BEDFORD,TX,Acute Care Hospitals,4,146,421
ST MARYS REGIONAL MEDICAL CENTER,AR,Acute Care Hospitals,4,147,383
MEMORIAL HOSPITAL,IL,Critical Access Hospitals,4,147,365
REGIONAL MEDICAL CENTER,IA,Critical Access Hospitals,4,147,400
MEADOWVIEW REGIONAL MEDICAL CENTER,KY,Acute Care Hospitals,4,147,387
WOMANS HOSPITAL,LA,Acute Care Hospitals,4,147,498
WESTERN MISSOURI MEDICAL CENTER,MO,Acute Care Hospitals,4,147,397
HOLZER MEDICAL CENTER,OH,Acute Care Hospitals,4,147,345
GROVE CITY MEDICAL CENTER,PA,Acute Care Hospitals,4,147,447
SWEDISH MEDICAL CENTER,WA,Acute Care Hospitals,4,147,397
THEDACARE REGIONAL MEDICAL CENTER - APPLETON INC,WI,Acute Care Hospitals,4,147,393
ADVENTIST HEALTH UKIAH VALLEY,CA,Acute Care Hospitals,4,148,410
JOHN MUIR MEDICAL CENTER - CONCORD CAMPUS,CA,Acute Care Hospitals,4,148,356
SUTTER DAVIS HOSPITAL,CA,Acute Care Hospitals,4,148,377
MEASE DUNEDIN HOSPITAL,FL,Acute Care Hospitals,4,148,477
HENRY COUNTY MEMORIAL HOSPITAL,IN,Acute Care Hospitals,4,148,373
OWENSBORO HEALTH MUHLENBERG COMMUNITY HOSPITAL,KY,Acute Care Hospitals,4,148,363
TERREBONNE GENERAL MEDICAL CENTER - PARISH,LA,Acute Care Hospitals,4,148,361
MERCY HOSPITAL LEBANON,MO,Acute Care Hospitals,4,148,378
INTERMOUNTAIN HEALTH ST VINCENT REGIONAL HOSPITAL,MT,Acute Care Hospitals,4,148,379
ASCENSION NE WISCONSIN - ST ELIZABETH CAMPUS,WI,Acute Care Hospitals,4,148,282
TAMARACK HEALTH HAYWARD MEDICAL CENTER,WI,Critical Access Hospitals,4,148,356
PROVIDENCE HOLY CROSS MEDICAL CENTER,CA,Acute Care Hospitals,4,149,371
SAN RAMON REGIONAL MEDICAL CENTER,CA,Acute Care Hospitals,4,149,427
ADVENTHEALTH OCALA,FL,Acute Care Hospitals,4,149,378
SALEM TOWNSHIP HOSPITAL,IL,Critical Access Hospitals,4,149,410
OCHSNER MEDICAL CENTER-KENNER,LA,Acute Care Hospitals,4,149,377
GRAND LAKE HEALTH SYSTEM,OH,Acute Care Hospitals,4,149,389
COSHOCTON REGIONAL MEDICAL CENTER,OH,Acute Care Hospitals,4,149,377
OZARK HEALTH,AR,Critical Access Hospitals,4,150,180
KUAKINI MEDICAL CENTER,HI,Acute Care Hospitals,4,150,378
PANA COMMUNITY HOSPITAL,IL,Critical Access Hospitals,4,150,346
BAPTIST HEALTH RICHMOND,KY,Acute Care Hospitals,4,150,373
FREEMAN NEOSHO HOSPITAL,MO,Critical Access Hospitals,4,150,328
TRISTAR SUMMIT MEDICAL CENTER,TN,Acute Care Hospitals,4,150,414
TEXAS HEALTH ARLINGTON MEMORIAL HOSPITAL,TX,Acute Care Hospitals,4,150,402
MOUNTAIN WEST MEDICAL CENTER,UT,Acute Care Hospitals,4,150,368
SCHNECK MEDICAL CENTER,IN,Acute Care Hospitals,4,151,387
STEVENS COUNTY HOSPITAL,KS,Critical Access Hospitals,4,151,245
UPMC COLE,PA,Critical Access Hospitals,4,151,423
MISSION REGIONAL MEDICAL CENTER,TX,Acute Care Hospitals,4,151,406
BELLIN MEMORIAL HOSPITAL,WI,Acute Care Hospitals,4,151,412
PROVIDENCE QUEEN OF THE VALLEY MEDICAL CENTER,CA,Acute Care Hospitals,4,152,350
PIEDMONT MOUNTAINSIDE HOSPITAL INC,GA,Acute Care Hospitals,4,152,400
MEMORIAL HOSPITAL,IN,Acute Care Hospitals,4,152,398
CLARINDA REGIONAL HEALTH CENTER,IA,Critical Access Hospitals,4,152,2303
MYMICHIGAN MEDICAL CENTER MIDLAND,MI,Acute Care Hospitals,4,152,414
"MERCY HOSPITAL OKLAHOMA CITY, INC",OK,Acute Care Hospitals,4,152,470
INOVA MOUNT VERNON HOSPITAL,VA,Acute Care Hospitals,4,152,377
ALAMEDA HOSPITAL,CA,Acute Care Hospitals,4,153,368
"MARTIN LUTHER KING, JR. COMMUNITY HOSPITAL",CA,Acute Care Hospitals,4,153,1411
BAPTIST MEMORIAL HOSPITAL NORTH MS,MS,Acute Care Hospitals,4,153,529
"OKLAHOMA HEART HOSPITAL, LLC",OK,Acute Care Hospitals,4,153,471
VALLEY VIEW HOSPITAL ASSOCIATION,CO,Acute Care Hospitals,4,154,361
SOUTHEAST GEORGIA HEALTH SYSTEM -- CAMDEN CAMPUS,GA,Acute Care Hospitals,4,154,402
HANCOCK REGIONAL HOSPITAL,IN,Acute Care Hospitals,4,154,438
PELLA REGIONAL HEALTH CENTER,IA,Critical Access Hospitals,4,154,479
GRAND ITASCA CLINIC AND HOSPITAL,MN,Acute Care Hospitals,4,154,363
OCEAN MEDICAL CENTER,NJ,Acute Care Hospitals,4,154,370
LOVELACE WESTSIDE HOSPITAL,NM,Acute Care Hospitals,4,154,383
STILLWATER MEDICAL CENTER,OK,Acute Care Hospitals,4,154,469
PRISMA HEALTH OCONEE MEMORIAL HOSPITAL,SC,Acute Care Hospitals,4,154,470
BUCHANAN GENERAL HOSPITAL,VA,Acute Care Hospitals,4,154,340
CHI ST LUKE'S HEALTH BRAZOSPORT,TX,Acute Care Hospitals,4,155,364
Adventhealth Zephyrhills,FL,Acute Care Hospitals,4,156,452
HSHS ST ELIZABETH'S HOSPITAL,IL,Acute Care Hospitals,4,156,358
SPECTRUM HEALTH,MI,Acute Care Hospitals,4,156,418
THE NEBRASKA METHODIST HOSPITAL,NE,Acute Care Hospitals,4,156,342
MERCY HEALTH-ANDERSON HOSPITAL,OH,Acute Care Hospitals,4,156,381
TRISTAR HENDERSONVILLE MEDICAL CENTER,TN,Acute Care Hospitals,4,156,414
ASPIRUS WAUSAU HOSPITAL,WI,Acute Care Hospitals,4,156,376
MEMORIALCARE ORANGE COAST MEDICAL CENTER,CA,Acute Care Hospitals,4,157,368
UNIVERSITY OF IOWA HEALTH CARE MEDICAL CENTER DOWN,IA,Acute Care Hospitals,4,157,390
MARTHA'S VINEYARD HOSPITAL INC,MA,Critical Access Hospitals,4,157,373
"LAKELAND HOSPITAL, ST JOSEPH",MI,Acute Care Hospitals,4,157,374
MUNSON HEALTHCARE CADILLAC HOSPITAL,MI,Acute Care Hospitals,4,157,345
ERLANGER MURPHY MEDICAL CENTER,NC,Critical Access Hospitals,4,157,339
GOOD SAMARITAN HOSPITAL,OH,Acute Care Hospitals,4,157,362
GRADY MEMORIAL HOSPITAL,OH,Acute Care Hospitals,4,157,397
SENTARA OBICI HOSPITAL,VA,Acute Care Hospitals,4,157,2900
SSM HEALTH ST AGNES HOSPITAL-FOND DU LAC,WI,Acute Care Hospitals,4,157,373
TEXAS HEALTH HOSPITAL FRISCO,TX,Acute Care Hospitals,4,157,354
PROVIDENCE REDWOOD MEMORIAL HOSPITAL,CA,Critical Access Hospitals,4,158,380
MERCYONE NEWTON MEDICAL CENTER,IA,Acute Care Hospitals,4,158,419
OAKLAWN HOSPITAL,MI,Acute Care Hospitals,4,158,400
LAKEVIEW MEMORIAL HOSPITAL,MN,Acute Care Hospitals,4,158,366
EUCLID HOSPITAL,OH,Acute Care Hospitals,4,158,364
UPPER VALLEY MEDICAL CENTER,OH,Acute Care Hospitals,4,158,360
COVENANT HOSPITAL PLAINVIEW,TX,Acute Care Hospitals,4,158,364
HILL COUNTRY MEMORIAL HOSPITAL,TX,Acute Care Hospitals,4,158,397
CJW MEDICAL CENTER,VA,Acute Care Hospitals,4,158,431
EL CAMINO HEALTH,CA,Acute Care Hospitals,4,159,1298
ADVENTHEALTH DELAND,FL,Acute Care Hospitals,4,159,403
ADVENTIST HEALTH CASTLE,HI,Acute Care Hospitals,4,159,403
MERCY HOSPITAL WASHINGTON,MO,Acute Care Hospitals,4,159,425
MOUNTAINVIEW HOSPITAL,NV,Acute Care Hospitals,4,159,387
PRISMA HEALTH BAPTIST,SC,Acute Care Hospitals,4,159,437
ASCENSION SETON NORTHWEST,TX,Acute Care Hospitals,4,159,288
BAYLOR SCOTT & WHITE THE HEART HOSPITAL PLANO,TX,Acute Care Hospitals,4,159,386
BAYLOR SCOTT & WHITE MEDICAL CENTER - MARBLE FALLS,TX,Acute Care Hospitals,4,159,376
"VILLAGES REGIONAL HOSPITAL, THE",FL,Acute Care Hospitals,4,160,404
PALI MOMI MEDICAL CENTER,HI,Acute Care Hospitals,4,160,372
OSF SAINT ANTHONY'S HEALTH CENTER,IL,Acute Care Hospitals,4,160,358
NATCHITOCHES REGIONAL MEDICAL CENTER,LA,Acute Care Hospitals,4,160,348
FALMOUTH HOSPITAL,MA,Acute Care Hospitals,4,160,367
MAYO CLINIC HEALTH SYSTEM IN RED WING,MN,Acute Care Hospitals,4,160,370
CHI HEALTH BERGAN MERCY,NE,Acute Care Hospitals,4,160,346
ATRIUM MEDICAL CENTER,OH,Acute Care Hospitals,4,160,379
UPMC LITITZ,PA,Acute Care Hospitals,4,160,733
ST FRANCIS-DOWNTOWN,SC,Acute Care Hospitals,4,160,832
HOLY CROSS HOSPITAL-JORDAN VALLEY,UT,Acute Care Hospitals,4,160,1124
HOLY CROSS HOSPITAL,FL,Acute Care Hospitals,4,161,392
BLESSING HOSPITAL,IL,Acute Care Hospitals,4,161,380
TRINITY HEALTH LIVINGSTON HOSPITAL,MI,Acute Care Hospitals,4,161,392
ST ANTHONY COMMUNITY HOSPITAL,NY,Acute Care Hospitals,4,161,371
WOOD COUNTY HOSPITAL,OH,Acute Care Hospitals,4,161,374
ST DAVID'S MEDICAL CENTER,TX,Acute Care Hospitals,4,161,431
VERDE VALLEY MEDICAL CENTER,AZ,Acute Care Hospitals,4,162,403
SUTTER TRACY COMMUNITY HOSPITAL,CA,Acute Care Hospitals,4,162,374
CHI HEALTH ST. ELIZABETH,NE,Acute Care Hospitals,4,162,376
ECU HEALTH BERTIE HOSPITAL,NC,Critical Access Hospitals,4,162,366
GEISINGER MEDICAL CENTER,PA,Acute Care Hospitals,4,162,721
CHRISTUS JASPER MEMORIAL HOSPITAL,TX,Acute Care Hospitals,4,162,340
BARTLETT REGIONAL HOSPITAL,AK,Acute Care Hospitals,4,163,424
BEAUMONT HOSPITAL - GROSSE POINTE,MI,Acute Care Hospitals,4,163,409
GEISINGER-BLOOMSBURG HOSPITAL,PA,Acute Care Hospitals,4,163,693
SUBURBAN COMMUNITY HOSPITAL,PA,Acute Care Hospitals,4,163,390
UPMC HORIZON,PA,Acute Care Hospitals,4,163,550
PETERSON REGIONAL MEDICAL CENTER,TX,Acute Care Hospitals,4,163,26113
HARLINGEN MEDICAL CENTER,TX,Acute Care Hospitals,4,163,393
ST CLARE HOSPITAL,WA,Acute Care Hospitals,4,163,391
METHODIST MIDLOTHIAN MEDICAL CENTER,TX,Acute Care Hospitals,4,163,369
LOS ROBLES HOSPITAL & MEDICAL CENTER,CA,Acute Care Hospitals,4,164,354
COLQUITT REGIONAL MEDICAL CENTER,GA,Acute Care Hospitals,4,164,384
MOSAIC LIFE CARE AT ST JOSEPH,MO,Acute Care Hospitals,4,164,358
CHI ST ALEXIUS HEALTH,ND,Acute Care Hospitals,4,164,360
GUNDERSEN LUTHERAN MEDICAL CENTER,WI,Acute Care Hospitals,4,164,1458
HOWARD YOUNG MEDICAL CENTER,WI,Acute Care Hospitals,4,164,323
PETALUMA VALLEY HOSPITAL,CA,Acute Care Hospitals,4,165,325
UCSF HEALTH ST. MARY'S HOSPITAL,CA,Acute Care Hospitals,4,165,353
ADVENTHEALTH AVISTA,CO,Acute Care Hospitals,4,165,344
ADVENTHEALTH PALM COAST PARKWAY,FL,Acute Care Hospitals,4,165,415
EMANUEL MEDICAL CENTER,GA,Acute Care Hospitals,4,165,472
PRISMA HEALTH BAPTIST PARKRIDGE,SC,Acute Care Hospitals,4,165,453
TEXAS HEALTH PRESBYTERIAN HOSPITAL DALLAS,TX,Acute Care Hospitals,4,165,418
CUERO REGIONAL HOSPITAL,TX,Acute Care Hospitals,4,165,342
FORT MEMORIAL HOSPITAL,WI,Acute Care Hospitals,4,165,391
PROVIDENCE LITTLE CO OF MARY MED CTR SAN PEDRO,CA,Acute Care Hospitals,4,166,369
WILLIAM W BACKUS HOSPITAL,CT,Acute Care Hospitals,4,166,352
ASCENSION ST VINCENT EVANSVILLE,IN,Acute Care Hospitals,4,166,272
SAINT ROSE DOMINICAN HOSPITALS - SAN MARTIN CAMPUS,NV,Acute Care Hospitals,4,166,359
BAYSHORE MEDICAL CENTER,NJ,Acute Care Hospitals,4,166,396
SOUTHERN OCEAN MEDICAL CENTER,NJ,Acute Care Hospitals,4,166,363
"BLUE RIDGE HEALTHCARE HOSPITALS, INC",NC,Acute Care Hospitals,4,166,378
MERCY HEALTH ST RITAS MEDICAL CENTER,OH,Acute Care Hospitals,4,166,381
Baylor St Lukes Medical Center,TX,Acute Care Hospitals,4,166,390
CASCADE VALLEY HOSPITAL,WA,Acute Care Hospitals,4,166,362
ST MARY-CORWIN HOSPITAL,CO,Acute Care Hospitals,4,167,373
ALLIANCE COMMUNITY HOSPITAL,OH,Acute Care Hospitals,4,167,382
ORLANDO HEALTH SEBASTIAN RIVER HOSPITAL,FL,Acute Care Hospitals,4,168,355
MORRIS HOSPITAL & HEALTHCARE CENTERS,IL,Acute Care Hospitals,4,168,384
RIVERSIDE MEDICAL CENTER,IL,Acute Care Hospitals,4,168,393
ST LUKES HOSPITAL,IA,Acute Care Hospitals,4,168,356
OCHSNER MEDICAL CENTER ACUTE,LA,Acute Care Hospitals,4,168,390
MCKENZIE-WILLAMETTE MEDICAL CENTER,OR,Acute Care Hospitals,4,168,410
NORTHWESTERN MEDICAL CENTER INC,VT,Acute Care Hospitals,4,168,381
BAPTIST MEDICAL CENTER - NASSAU,FL,Acute Care Hospitals,4,169,447
LAKE HURON MEDICAL CENTER,MI,Acute Care Hospitals,4,169,419
NEWTON MEDICAL CENTER,NJ,Acute Care Hospitals,4,169,363
ERLANGER MEDICAL CENTER,TN,Acute Care Hospitals,4,169,470
TEXAS HEALTH HARRIS METHODIST FORT WORTH,TX,Acute Care Hospitals,4,169,409
PROVIDENCE ST JOSEPH HOSPITAL,CA,Acute Care Hospitals,4,170,376
BAPTIST HEALTH MEDICAL CENTER - JACKSONVILLE,FL,Acute Care Hospitals,4,170,467
ADVENTHEALTH REDMOND,GA,Acute Care Hospitals,4,170,397
M HEALTH FAIRVIEW WOODWINDS HOSPITAL,MN,Acute Care Hospitals,4,170,381
WOOSTER COMMUNITY HOSPITAL,OH,Acute Care Hospitals,4,170,342
MARY RUTAN HOSPITAL,OH,Acute Care Hospitals,4,170,358
DYERSBURG REGIONAL MEDICAL CENTER,TN,Acute Care Hospitals,4,170,418
FORT LOUDOUN MEDICAL CENTER,TN,Acute Care Hospitals,4,170,466
ST JOHNS REGIONAL MEDICAL CENTER,CA,Acute Care Hospitals,4,171,739
COMMUNITY HOSPITAL OF THE MONTEREY PENINSULA,CA,Acute Care Hospitals,4,171,357
NORTHSIDE HOSPITAL FORSYTH,GA,Acute Care Hospitals,4,171,900
ST TAMMANY PARISH HOSPITAL,LA,Acute Care Hospitals,4,171,383
RANGE REGIONAL HEALTH SERVICES,MN,Acute Care Hospitals,4,171,345
M HEALTH FAIRVIEW UNIVERSITY OF MN MEDICAL CENTER,MN,Acute Care Hospitals,4,171,357
ATLANTICARE REGIONAL MEDICAL CENTER - CITY CAMPUS,NJ,Acute Care Hospitals,4,171,348
MARSHALL MEDICAL CENTER,CA,Acute Care Hospitals,4,172,366
ASCENSION ST VINCENT KOKOMO,IN,Acute Care Hospitals,4,172,273
YORK HOSPITAL,ME,Acute Care Hospitals,4,172,432
BILLINGS CLINIC HOSPITAL,MT,Acute Care Hospitals,4,172,395
JEFFERSON HOSPITAL,PA,Acute Care Hospitals,4,172,467
METHODIST HOSPITAL  STONE OAK,TX,Acute Care Hospitals,4,172,429
CHINO VALLEY MEDICAL CENTER,CA,Acute Care Hospitals,4,173,406
AdventHealth Littleton,CO,Acute Care Hospitals,4,173,354
GRIFFIN HOSPITAL,CT,Acute Care Hospitals,4,173,383
"MIDWESTERN REGION MED CENTER, INC",IL,Acute Care Hospitals,4,173,264
CHI HEALTH LAKESIDE,NE,Acute Care Hospitals,4,173,372
PRISMA HEALTH BAPTIST EASLEY HOSPITAL,SC,Acute Care Hospitals,4,173,464
MARY IMMACULATE HOSPITAL,VA,Acute Care Hospitals,4,173,389
GULF BREEZE HOSPITAL,FL,Acute Care Hospitals,4,174,395
KOSCIUSKO COMMUNITY HOSPITAL,IN,Acute Care Hospitals,4,174,384
RARITAN BAY MEDICAL CENTER,NJ,Acute Care Hospitals,4,174,361
ROBERT WOOD JOHNSON UNIVERSITY HOSPITAL AT HAMILTON,NJ,Acute Care Hospitals,4,174,407
AHS HOSPITAL CORP,NJ,Acute Care Hospitals,4,174,380
FIRELANDS REGIONAL MEDICAL CENTER,OH,Acute Care Hospitals,4,174,373
DOCTORS HOSPITAL,OH,Acute Care Hospitals,4,174,389
ST CHARLES MEDICAL CENTER - BEND,OR,Acute Care Hospitals,4,174,553
SCHUYLKILL MEDICAL CENTER - SOUTH JACKSON STREET,PA,Acute Care Hospitals,4,174,342
ROANE MEDICAL CENTER,TN,Acute Care Hospitals,4,174,454
"WOMANS HOSPITAL OF TEXAS,THE",TX,Acute Care Hospitals,4,174,419
TEXAS HEALTH PRESBYTERIAN HOSPITAL PLANO,TX,Acute Care Hospitals,4,174,410
AURORA ST LUKES MEDICAL CENTER,WI,Acute Care Hospitals,4,174,1106
SETON MEDICAL CENTER HARKER HEIGHTS,TX,Acute Care Hospitals,4,174,381
CONTRA COSTA REGIONAL MEDICAL CENTER,CA,Acute Care Hospitals,4,175,421
MERCY HOSPITAL OF FOLSOM,CA,Acute Care Hospitals,4,175,360
GOOD SAMARITAN MEDICAL CENTER LLC,CO,Acute Care Hospitals,4,175,370
ORLANDO HEALTH,FL,Acute Care Hospitals,4,175,5062
SANFORD MEDICAL CENTER BISMARCK,ND,Acute Care Hospitals,4,175,393
NEWPORT HOSPITAL,RI,Acute Care Hospitals,4,175,350
KOOTENAI HEALTH,ID,Acute Care Hospitals,4,176,394
NORTHWEST COMMUNITY HOSPITAL 1,IL,Acute Care Hospitals,4,176,380
"TIDALHEALTH PENINSULA REGIONAL, INC",MD,Acute Care Hospitals,4,176,339
BOONE HOSPITAL CENTER,MO,Acute Care Hospitals,4,176,444
SAINT MICHAEL'S MEDICAL CENTER,NJ,Acute Care Hospitals,4,176,417
ASCENSION ST JOHN BROKEN ARROW,OK,Acute Care Hospitals,4,176,302
PRISMA HEALTH HILLCREST HOSPITAL,SC,Acute Care Hospitals,4,176,453
LAREDO MEDICAL CENTER,TX,Acute Care Hospitals,4,176,399
MEMORIAL HERMANN SUGAR LAND HOSPITAL,TX,Acute Care Hospitals,4,176,404
KADLEC REGIONAL MEDICAL CENTER,WA,Acute Care Hospitals,4,176,357
ST JOSEPHS HOSPITAL AND MEDICAL CENTER,AZ,Acute Care Hospitals,4,177,375
CHRISTUS ST VINCENT REGIONAL MEDICAL CENTER,NM,Acute Care Hospitals,4,177,375
NOVANT HEALTH BRUNSWICK MEDICAL CENTER,NC,Acute Care Hospitals,4,177,382
WELLSPAN CHAMBERSBURG HOSPITAL,PA,Acute Care Hospitals,4,177,366
AURORA MEDICAL CENTER KENOSHA,WI,Acute Care Hospitals,4,177,762
SUMMIT HEALTHCARE REGIONAL MEDICAL CENTER,AZ,Acute Care Hospitals,4,178,425
COLUMBUS REGIONAL HOSPITAL,IN,Acute Care Hospitals,4,178,348
SANFORD BEMIDJI MEDICAL CENTER,MN,Acute Care Hospitals,4,178,362
UNC ROCKINGHAM,NC,Acute Care Hospitals,4,178,365
SOUTHEASTERN OHIO REGIONAL MEDICAL CENTER,OH,Acute Care Hospitals,4,178,467
TIDELANDS WACCAMAW COMMUNITY HOSPITAL,SC,Acute Care Hospitals,4,178,390
SANTA BARBARA COTTAGE HOSPITAL,CA,Acute Care Hospitals,4,179,379
OCHSNER MEDICAL CENTER - BATON ROUGE,LA,Acute Care Hospitals,4,179,375
UNIVERSITY OF MD SHORE MEDICAL CENTER AT EASTON,MD,Acute Care Hospitals,4,179,371
NKC HEALTH,MO,Acute Care Hospitals,4,179,489
PROMEDICA TOLEDO HOSPITAL,OH,Acute Care Hospitals,4,179,390
ASCENSION SETON WILLIAMSON,TX,Acute Care Hospitals,4,179,291
CEDAR-SINAI MARINA DEL REY HOSPITAL,CA,Acute Care Hospitals,4,180,469
BROWARD HEALTH CORAL SPRINGS,FL,Acute Care Hospitals,4,180,359
TRISTAR STONECREST MEDICAL CENTER,TN,Acute Care Hospitals,4,180,419
SENTARA NORFOLK GENERAL HOSPITAL,VA,Acute Care Hospitals,4,180,2863
COMMUNITY MEMORIAL HOSPITAL,VA,Acute Care Hospitals,4,180,331
BAPTIST HEALTH LEXINGTON,KY,Acute Care Hospitals,4,181,5074
BAPTIST HEALTH PADUCAH,KY,Acute Care Hospitals,4,181,384
ST BERNARD PARISH HOSPITAL,LA,Acute Care Hospitals,4,181,349
METHODIST RICHARDSON MEDICAL CENTER,TX,Acute Care Hospitals,4,181,346
"STAFFORD HOSPITAL, LLC",VA,Acute Care Hospitals,4,181,383
GLENDALE ADVENTIST MEDICAL CENTER,CA,Acute Care Hospitals,4,182,376
SALINAS VALLEY HEALTH MEDICAL CENTER,CA,Acute Care Hospitals,4,182,402
ENGLEWOOD HOSPITAL AND MEDICAL CENTER,NJ,Acute Care Hospitals,4,182,420
SAMARITAN ALBANY GENERAL HOSPITAL,OR,Acute Care Hospitals,4,182,348
LEHIGH VALLEY HOSPITAL,PA,Acute Care Hospitals,4,182,1438
"SOUTHSIDE COMMUNITY HOSPITAL, INC",VA,Acute Care Hospitals,4,182,344
WEST ALLIS MEMORIAL HOSPITAL,WI,Acute Care Hospitals,4,182,358
MORTON PLANT HOSPITAL,FL,Acute Care Hospitals,4,183,1002
PIEDMONT ATHENS REGIONAL MEDICAL CENTER,GA,Acute Care Hospitals,4,183,399
UNIVERSITY OF MICHIGAN HEALTH- SPARROW CLINTON,MI,Critical Access Hospitals,4,183,477
SAINT JOHN'S HEALTH CENTER,CA,Acute Care Hospitals,4,184,346
LARKIN COMMUNITY HOSPITAL PALM SPRINGS CAMPUS,FL,Acute Care Hospitals,4,184,239
ST LUKES MAGIC VALLEY MEDICAL CENTER,ID,Acute Care Hospitals,4,184,3686
UNIVERSITY OF MICHIGAN HEALTH - WEST,MI,Acute Care Hospitals,4,184,403
UNIVERSITY HOSPITALS - ELYRIA MEDICAL CENTER,OH,Acute Care Hospitals,4,184,374
MERCY MEDICAL CENTER,OR,Acute Care Hospitals,4,184,370
METHODIST MEDICAL CENTER OF OAK RIDGE,TN,Acute Care Hospitals,4,184,450
TENNOVA HEALTHCARE - NEWPORT MEDICAL CENTER,TN,Acute Care Hospitals,4,184,378
SWEDISH MEDICAL CENTER / CHERRY HILL,WA,Acute Care Hospitals,4,184,393
AUGUSTA HEALTH,VA,Acute Care Hospitals,4,185,358
SHANDS JACKSONVILLE,FL,Acute Care Hospitals,4,186,376
ST JOSEPHS HOSPITAL,FL,Acute Care Hospitals,4,186,2419
JOHNSTON HEALTH,NC,Acute Care Hospitals,4,186,380
LEGACY GOOD SAMARITAN MEDICAL CENTER,OR,Acute Care Hospitals,4,186,364
AURORA MEMORIAL HOSPITAL BURLINGTON,WI,Acute Care Hospitals,4,186,370
ABBOTT NORTHWESTERN HOSPITAL,MN,Acute Care Hospitals,4,187,380
CAROLINAS MEDICAL CENTER-NORTHEAST,NC,Acute Care Hospitals,4,187,385
NORTH CAROLINA BAPTIST HOSPITAL,NC,Acute Care Hospitals,4,187,641
GROSSMONT HOSPITAL,CA,Acute Care Hospitals,4,188,340
JUPITER MEDICAL CENTER,FL,Acute Care Hospitals,4,188,415
PIEDMONT MACON NORTH HOSPITAL,GA,Acute Care Hospitals,4,188,404
MUNSON HEALTHCARE OTSEGO MEMORIAL HOSPITAL,MI,Acute Care Hospitals,4,188,351
EXCELA HEALTH LATROBE HOSPITAL,PA,Acute Care Hospitals,4,188,436
"SUTTER MEDICAL CENTER, SACRAMENTO",CA,Acute Care Hospitals,4,189,371
ADVOCATE GOOD SAMARITAN HOSPITAL,IL,Acute Care Hospitals,4,189,377
DOWN EAST COMMUNITY HOSPITAL,ME,Critical Access Hospitals,4,189,387
BITTERROOT HEALTH - DALY HOSPITAL,MT,Critical Access Hospitals,4,189,59
SANFORD MEDICAL CENTER FARGO,ND,Acute Care Hospitals,4,189,360
UHHS MEMORIAL HOSPITAL OF GENEVA,OH,Critical Access Hospitals,4,189,344
BAYLOR SCOTT & WHITE MEDICAL CENTER  GRAPEVINE,TX,Acute Care Hospitals,4,189,379
BAPTIST HEALTH LOUISVILLE,KY,Acute Care Hospitals,4,190,369
MARION GENERAL HOSPITAL,OH,Acute Care Hospitals,4,190,369
PENN HIGHLANDS ELK,PA,Critical Access Hospitals,4,190,383
JPS HEALTH NETWORK,TX,Acute Care Hospitals,4,190,339
NORTHERN REGIONAL HOSPITAL,NC,Acute Care Hospitals,4,191,345
UH REGIONAL HOSPITALS,OH,Acute Care Hospitals,4,191,355
VCU HEALTH TAPPAHANNOCK HOSPITAL,VA,Acute Care Hospitals,4,191,345
CARILION FRANKLIN MEMORIAL HOSPITAL,VA,Acute Care Hospitals,4,191,352
COMMUNITY MEMORIAL HOSPITAL - VENTURA,CA,Acute Care Hospitals,4,192,514
INTERMOUNTAIN HEALTH LUTHERAN HOSPITAL,CO,Acute Care Hospitals,4,192,365
COPLEY MEMORIAL HOSPITAL,IL,Acute Care Hospitals,4,192,626
"ASCENSION PROVIDENCE HOSPITAL, SOUTHFIELD AND NOVI",MI,Acute Care Hospitals,4,192,571
PROVIDENCE NEWBERG MEDICAL CENTER,OR,Acute Care Hospitals,4,192,388
SSM HEALTH ST MARY'S HOSPITAL - MADISON,WI,Acute Care Hospitals,4,192,381
SCRIPPS MERCY HOSPITAL,CA,Acute Care Hospitals,4,193,346
BAPTIST MEDICAL CENTER  BEACHES,FL,Acute Care Hospitals,4,193,479
M HEALTH FAIRVIEW RIDGES HOSPITAL,MN,Acute Care Hospitals,4,193,388
CHRISTUS SOUTHEAST TEXAS- ST ELIZABETH,TX,Acute Care Hospitals,4,193,363
ISLAND HOSPITAL,WA,Acute Care Hospitals,4,193,550
DOMINICAN HOSPITAL,CA,Acute Care Hospitals,4,194,368
SCRIPPS MEMORIAL HOSPITAL - ENCINITAS,CA,Acute Care Hospitals,4,194,380
ALTON MEMORIAL HOSPITAL,IL,Acute Care Hospitals,4,194,380
ADVOCATE SHERMAN HOSPITAL,IL,Acute Care Hospitals,4,194,384
MEMORIAL HOSPITAL AND HEALTH CARE CENTER,IN,Acute Care Hospitals,4,194,365
PALOMAR MEDICAL CENTER POWAY,CA,Acute Care Hospitals,4,195,351
SOUTH MIAMI HOSPITAL,FL,Acute Care Hospitals,4,195,427
BOTHWELL REGIONAL HEALTH CENTER,MO,Acute Care Hospitals,4,195,394
CAROMONT REGIONAL MEDICAL CENTER,NC,Acute Care Hospitals,4,195,373
UNC HEALTH NASH,NC,Acute Care Hospitals,4,195,375
CLEVELAND CLINIC,OH,Acute Care Hospitals,4,195,350
ST CLAIR HOSPITAL,PA,Acute Care Hospitals,4,195,377
MON HEALTH MEDICAL CENTER,WV,Acute Care Hospitals,4,195,406
BAYLOR SCOTT & WHITE MEDICAL CENTER - ROUND ROCK,TX,Acute Care Hospitals,4,195,378
SHARP CHULA VISTA MEDICAL CENTER,CA,Acute Care Hospitals,4,196,360
ELKHART GENERAL HOSPITAL,IN,Acute Care Hospitals,4,196,440
MAINE GENERAL MEDICAL CENTER,ME,Acute Care Hospitals,4,196,361
ESSENTIA HEALTH ST MARY'S MEDICAL CENTER,MN,Acute Care Hospitals,4,196,316
SHARP MEMORIAL HOSPITAL,CA,Acute Care Hospitals,4,197,342
CHELSEA HOSPITAL,MI,Acute Care Hospitals,4,197,412
NOVANT HEALTH FORSYTH MEDICAL CENTER,NC,Acute Care Hospitals,4,197,359
PENN STATE HEALTH HAMPDEN MEDICAL CENTER,PA,Acute Care Hospitals,4,197,373
BON SECOURS MEMORIAL REGIONAL MEDICAL CENTER,VA,Acute Care Hospitals,4,197,386
CALIFORNIA PACIFIC MEDICAL CENTER - MISSION BERNAL,CA,Acute Care Hospitals,4,198,330
INTERMOUNTAIN HEALTH ST. MARY'S REGIONAL HOSPITAL,CO,Acute Care Hospitals,4,198,336
MEASE COUNTRYSIDE HOSPITAL,FL,Acute Care Hospitals,4,198,676
GOOD SAMARITAN REGIONAL HLTH CENTER,IL,Acute Care Hospitals,4,198,356
SSM ST CLARE HEALTH CENTER,MO,Acute Care Hospitals,4,198,379
PROGRESS WEST HOSPITAL,MO,Acute Care Hospitals,4,198,392
CAROLINAS MEDICAL CENTER/BEHAV HEALTH,NC,Acute Care Hospitals,4,198,375
UPMC PASSAVANT,PA,Acute Care Hospitals,4,198,580
MEMORIALCARE SADDLEBACK MEDICAL CENTER,CA,Acute Care Hospitals,4,199,367
AdventHealth Porter,CO,Acute Care Hospitals,4,199,347
MERCY HOSPITAL JEFFERSON,MO,Acute Care Hospitals,4,199,415
LOVELACE WOMEN'S HOSPITAL,NM,Acute Care Hospitals,4,199,374
SOUTHWEST GENERAL HEALTH CENTER,OH,Acute Care Hospitals,4,199,378
MEADVILLE MEDICAL CENTER,PA,Acute Care Hospitals,4,199,527
WELLSTAR PAULDING MEDICAL CENTER,GA,Acute Care Hospitals,4,200,356
NORTHERN DUTCHESS HOSPITAL,NY,Acute Care Hospitals,4,200,382
UNC LENOIR HEALTH CARE,NC,Acute Care Hospitals,4,200,380
MAGEE WOMENS HOSPITAL OF UPMC HEALTH SYSTEM,PA,Acute Care Hospitals,4,200,606
SOUTHCOAST HOSPITALS GROUP,MA,Acute Care Hospitals,4,201,424
PARKLAND HEALTH CENTER,MO,Acute Care Hospitals,4,201,366
FIRSTHEALTH MOORE REGIONAL HOSPITAL,NC,Acute Care Hospitals,4,201,103602
ALLEGHENY VALLEY HOSPITAL,PA,Acute Care Hospitals,4,201,443
CUMBERLAND MEDICAL CENTER,TN,Acute Care Hospitals,4,201,441
ST JOSEPHS COMMUNITY HOSPITAL WEST BEND,WI,Acute Care Hospitals,4,201,378
GLENDALE MEM HOSPITAL & HLTH CENTER,CA,Acute Care Hospitals,4,202,369
"PIEDMONT NEWNAN HOSPITAL, INC",GA,Acute Care Hospitals,4,202,403
PHELPS HOSPITAL,NY,Acute Care Hospitals,4,202,358
GEISINGER WYOMING VALLEY MEDICAL CENTER,PA,Acute Care Hospitals,4,202,700
CENTURA HEALTH-ST ANTHONY HOSPITAL,CO,Acute Care Hospitals,4,203,376
INDIANA UNIVERSITY HEALTH NORTH HOSPITAL,IN,Acute Care Hospitals,4,203,394
DANBURY HOSPITAL,CT,Acute Care Hospitals,4,204,366
MYMICHIGAN MEDICAL CENTER ALMA,MI,Acute Care Hospitals,4,204,369
SSM HEALTH DEPAUL HOSPITAL ST LOUIS,MO,Acute Care Hospitals,4,204,323
ST JOSEPH HOSPITAL,NH,Acute Care Hospitals,4,204,381
EXETER HOSPITAL INC,NH,Acute Care Hospitals,4,204,368
"WAKEMED, RALEIGH CAMPUS",NC,Acute Care Hospitals,4,204,406
AULTMAN HOSPITAL,OH,Acute Care Hospitals,4,204,367
UPMC CARLISLE,PA,Acute Care Hospitals,4,204,689
SOUTH COUNTY HOSPITAL INC,RI,Acute Care Hospitals,4,204,439
SELF REGIONAL HEALTHCARE,SC,Acute Care Hospitals,4,204,380
CARILION NEW RIVER VALLEY MEDICAL CENTER,VA,Acute Care Hospitals,4,204,357
ST FRANCIS COMMUNITY HOSPITAL,WA,Acute Care Hospitals,4,204,396
HONORHEALTH SONORAN CROSSING MEDICAL CENTER,AZ,Acute Care Hospitals,4,205,393
NORTHSIDE HOSPITAL CHEROKEE,GA,Acute Care Hospitals,4,205,896
ADVENTHEALTH WATERMAN,FL,Acute Care Hospitals,4,206,411
"BEAUMONT HOSPITAL, TROY",MI,Acute Care Hospitals,4,206,392
ADVENTIST HEALTH PORTLAND,OR,Acute Care Hospitals,4,206,356
"UNITED HOSPITAL CENTER, INC",WV,Acute Care Hospitals,4,206,341
EDEN MEDICAL CENTER,CA,Acute Care Hospitals,4,207,371
TEMECULA VALLEY HOSPITAL,CA,Acute Care Hospitals,4,207,379
BAPTIST HOSPITAL,FL,Acute Care Hospitals,4,207,363
ALTA BATES SUMMIT MEDICAL CENTER - ALTA BATES CAMP,CA,Acute Care Hospitals,4,208,370
MEDSTAR HARBOR HOSPITAL,MD,Acute Care Hospitals,4,208,368
JERSEY SHORE UNIVERSITY MEDICAL CENTER,NJ,Acute Care Hospitals,4,208,352
CAPE FEAR VALLEY HOKE HOSPITAL,NC,Acute Care Hospitals,4,208,362
PEACEHEALTH ST JOHN MEDICAL CENTER,WA,Acute Care Hospitals,4,208,337
METHODIST MANSFIELD MEDICAL CENTER,TX,Acute Care Hospitals,4,208,373
NORTHSIDE HOSPITAL DULUTH,GA,Acute Care Hospitals,4,209,879
BAYSTATE WING HOSPITAL,MA,Acute Care Hospitals,4,209,353
COX MEDICAL CENTER BRANSON,MO,Acute Care Hospitals,4,209,366
EMORY JOHNS CREEK HOSPITAL,GA,Acute Care Hospitals,4,210,385
NORTHERN LIGHT MERCY HOSPITAL,ME,Acute Care Hospitals,4,210,364
CENTRACARE - ST. CLOUD HOSPITAL,MN,Acute Care Hospitals,4,211,364
BAYLOR SCOTT & WHITE MEDICAL CENTER PLANO,TX,Acute Care Hospitals,4,211,382
PEACEHEALTH ST JOSEPH MEDICAL CENTER,WA,Acute Care Hospitals,4,211,344
BAYLOR SCOTT & WHITE MEDICAL CENTER- COLLEGE STATI,TX,Acute Care Hospitals,4,211,385
INDIANA UNIVERSITY HEALTH ARNETT HOSPITAL,IN,Acute Care Hospitals,4,212,367
MOUNT AUBURN HOSPITAL,MA,Acute Care Hospitals,4,212,371
ST LUKES HOSPITAL,MO,Acute Care Hospitals,4,212,504
SAINT VINCENT HOSPITAL,PA,Acute Care Hospitals,4,212,475
BAYLOR SCOTT & WHITE MEDICAL CENTER- WAXAHACHIE,TX,Acute Care Hospitals,4,212,375
ST MICHAEL MEDICAL CENTER,WA,Acute Care Hospitals,4,212,384
"THE OUTER BANKS HOSPITAL, INC",NC,Critical Access Hospitals,4,213,354
UPMC PINNACLE HOSPITALS,PA,Acute Care Hospitals,4,213,704
NORTHRIDGE HOSPITAL MEDICAL CENTER,CA,Acute Care Hospitals,4,214,375
ADVENTIST HEALTHCARE FORT WASHINGTON MEDICAL CTR,MD,Acute Care Hospitals,4,214,463
CHATHAM HOSPITAL INC,NC,Critical Access Hospitals,4,214,364
ST LUKE'S HOSPITAL AT THE VINTAGE,TX,Acute Care Hospitals,4,214,379
FRANCISCAN HEALTH INDIANAPOLIS,IN,Acute Care Hospitals,4,215,391
STORMONT VAIL HOSPITAL,KS,Acute Care Hospitals,4,215,390
PROVIDENCE PORTLAND MEDICAL CENTER,OR,Acute Care Hospitals,4,215,380
UVA HEALTH HAYMARKET MEDICAL CENTER,VA,Acute Care Hospitals,4,215,421
WASHINGTON REGIONAL MEDICAL CENTER,AR,Acute Care Hospitals,4,216,372
ADVOCATE CONDELL MEDICAL CENTER,IL,Acute Care Hospitals,4,216,378
LMH,KS,Acute Care Hospitals,4,216,403
CATHOLIC MEDICAL CENTER,NH,Acute Care Hospitals,4,216,361
NOVANT HEALTH ROWAN MEDICAL CENTER,NC,Acute Care Hospitals,4,216,362
RANDOLPH HOSPITAL,NC,Acute Care Hospitals,4,216,385
SOUTHEAST HEALTH MEDICAL CENTER,AL,Acute Care Hospitals,4,217,395
CLEVELAND CLINIC INDIAN RIVER HOSPITAL,FL,Acute Care Hospitals,4,217,378
UNIVERSITY OF KENTUCKY HOSPITAL,KY,Acute Care Hospitals,4,217,381
MERCY HOSPITAL ST LOUIS,MO,Acute Care Hospitals,4,217,413
UPMC SOMERSET,PA,Acute Care Hospitals,4,217,431
BEAUFORT COUNTY MEMORIAL HOSPITAL,SC,Acute Care Hospitals,4,217,478
COMMUNITY MEMORIAL HOSPITAL,WI,Acute Care Hospitals,4,217,386
PORTNEUF MEDICAL CENTER,ID,Acute Care Hospitals,4,218,388
MAINEHEALTH MAINE MEDICAL CENTER,ME,Acute Care Hospitals,4,218,409
SOUTHERN OHIO MEDICAL CENTER,OH,Acute Care Hospitals,4,218,402
ST LUKE'S HOSPITAL - GRAND VIEW CAMPUS,PA,Acute Care Hospitals,4,218,1302
UPMC HANOVER,PA,Acute Care Hospitals,4,218,703
METHODIST HEALTHCARE - OLIVE BRANCH HOSPITAL,MS,Acute Care Hospitals,4,219,421
CENTRASTATE MEDICAL CENTER,NJ,Acute Care Hospitals,4,219,389
ADVOCATE LUTHERAN GENERAL HOSPITAL,IL,Acute Care Hospitals,4,220,383
FLAGSTAFF MEDICAL CENTER,AZ,Acute Care Hospitals,4,221,405
PROVIDENCE ST. JOSEPH HOSPITAL,CA,Acute Care Hospitals,4,222,380
HOLMES REGIONAL MEDICAL CENTER,FL,Acute Care Hospitals,4,222,378
RIVERSIDE METHODIST HOSPITAL,OH,Acute Care Hospitals,4,222,373
UH ST JOHN MEDICAL CENTER,OH,Acute Care Hospitals,4,222,374
UPMC MERCY,PA,Acute Care Hospitals,4,222,531
MIDSTATE MEDICAL CENTER,CT,Acute Care Hospitals,4,223,335
CHRISTIAN HOSPITAL NORTHEAST,MO,Acute Care Hospitals,4,223,385
VALLEY HOSPITAL,NJ,Acute Care Hospitals,4,223,401
CAROLINA EAST MEDICAL CENTER,NC,Acute Care Hospitals,4,223,549
SUBURBAN HOSPITAL,MD,Acute Care Hospitals,4,224,381
CHESHIRE MEDICAL CENTER,NH,Acute Care Hospitals,4,224,406
DOYLESTOWN HOSPITAL,PA,Acute Care Hospitals,4,224,351
WINCHESTER MEDICAL CENTER,VA,Acute Care Hospitals,4,224,399
UNIVERSITY MEDICAL CENTER OF PRINCETON AT PLAINSBORO,NJ,Acute Care Hospitals,4,225,378
PARMA COMMUNITY GENERAL HOSPITAL,OH,Acute Care Hospitals,4,225,371
BAYLOR SCOTT AND WHITE  MEDICAL CENTER  MCKINNEY,TX,Acute Care Hospitals,4,225,358
MERCYONE WATERLOO MEDICAL CENTER,IA,Acute Care Hospitals,4,226,364
"LAHEY HOSPITAL & MEDICAL CENTER, BURLINGTON",MA,Acute Care Hospitals,4,226,374
NOVANT HEALTH HUNTERSVILLE MEDICAL CENTER,NC,Acute Care Hospitals,4,226,383
DUBLIN METHODIST HOSPITAL,OH,Acute Care Hospitals,4,226,377
PRISMA HEALTH GREENVILLE MEMORIAL HOSPITAL,SC,Acute Care Hospitals,4,227,448
TEMPLE UNIVERSITY HOSPITAL,PA,Acute Care Hospitals,4,228,338
PROVIDENCE REGIONAL MEDICAL CENTER EVERETT,WA,Acute Care Hospitals,4,228,385
UPMC PRESBYTERIAN SHADYSIDE,PA,Acute Care Hospitals,4,229,565
WOMEN & INFANTS HOSPITAL OF RHODE ISLAND,RI,Acute Care Hospitals,4,229,2351
PIH HEALTH HOSPITAL-WHITTIER,CA,Acute Care Hospitals,4,230,180
ST VINCENT'S MEDICAL CENTER,CT,Acute Care Hospitals,4,230,348
BRONSON METHODIST HOSPITAL,MI,Acute Care Hospitals,4,230,457
RUSH OAK PARK HOSPITAL,IL,Acute Care Hospitals,4,231,363
HOMESTEAD HOSPITAL,FL,Acute Care Hospitals,4,232,456
UNIVERSITY OF KANSAS HEALTH SYSTEM OLATHE HOSPITAL,KS,Acute Care Hospitals,4,232,375
UNION HOSPITAL OF CECIL COUNTY,MD,Acute Care Hospitals,4,232,353
WENTWORTH-DOUGLASS HOSPITAL,NH,Acute Care Hospitals,4,232,357
HUNTERDON MEDICAL CENTER,NJ,Acute Care Hospitals,4,232,444
BAYLOR SCOTT AND WHITE ALL SAINTS MEDICAL CENTER,TX,Acute Care Hospitals,4,232,341
PROVIDENCE ST VINCENT MEDICAL CENTER,OR,Acute Care Hospitals,4,233,380
DELL SETON  MED CENTER AT THE UNIVERSITY OF TX,TX,Acute Care Hospitals,4,233,247
TRINITY HEALTH ANN ARBOR HOSPITAL,MI,Acute Care Hospitals,4,234,381
HACKENSACK MERIDIAN MOUNTAINSIDE MEDICAL,NJ,Acute Care Hospitals,4,234,393
MEDICAL COLLEGE OF VIRGINIA HOSPITALS,VA,Acute Care Hospitals,4,234,371
BANNER THUNDERBIRD MEDICAL CENTER,AZ,Acute Care Hospitals,4,236,375
MANCHESTER MEMORIAL HOSPITAL,CT,Acute Care Hospitals,4,236,356
ASANTE ROGUE REGIONAL MEDICAL CENTER,OR,Acute Care Hospitals,4,236,298
BAPTIST MEDICAL CENTER EAST,AL,Acute Care Hospitals,4,238,401
READING HOSPITAL,PA,Acute Care Hospitals,4,238,380
UPMC EAST,PA,Acute Care Hospitals,4,238,576
HIGHLINE MEDICAL CENTER,WA,Acute Care Hospitals,4,238,369
CENTRAL MAINE MEDICAL CENTER,ME,Acute Care Hospitals,4,239,286
WESTERN MARYLAND REGIONAL MEDICAL CENTER,MD,Acute Care Hospitals,4,239,1063
BETH ISRAEL DEACONESS HOSPITAL - MILTON,MA,Acute Care Hospitals,4,239,366
PIH HEALTH DOWNEY HOSPITAL,CA,Acute Care Hospitals,4,240,177
MOUNT SINAI HOSPITAL,NY,Acute Care Hospitals,4,240,378
PLAINVIEW HOSPITAL,NY,Acute Care Hospitals,4,241,344
VIRGINIA HOSPITAL CENTER,VA,Acute Care Hospitals,4,241,1066
BETH ISRAEL DEACONESS HOSPITAL PLYMOUTH,MA,Acute Care Hospitals,4,242,343
USC VERDUGO HILLS HOSPITAL,CA,Acute Care Hospitals,4,243,375
PROVIDENCE WILLAMETTE FALLS MEDICAL CENTER,OR,Acute Care Hospitals,4,245,379
"UNIVERSITY HEALTH SYSTEM, INC",TN,Acute Care Hospitals,4,245,385
SAINT LUKE'S EAST  HOSPITAL,MO,Acute Care Hospitals,4,246,407
THE NEBRASKA MEDICAL CENTER,NE,Acute Care Hospitals,4,246,363
BAYLOR SCOTT & WHITE MEDICAL CENTER HILLCREST,TX,Acute Care Hospitals,4,247,375
BERKSHIRE MEDICAL CENTER,MA,Acute Care Hospitals,4,248,363
SACRED HEART MEDICAL CENTER - RIVERBEND,OR,Acute Care Hospitals,4,250,341
MEMORIAL HERMANN - TEXAS MEDICAL CENTER,TX,Acute Care Hospitals,4,252,460
CHRISTIANA HOSPITAL,DE,Acute Care Hospitals,4,253,335
PALOS COMMUNITY HOSPITAL,IL,Acute Care Hospitals,4,253,377
MILTON S HERSHEY MEDICAL CENTER,PA,Acute Care Hospitals,4,253,591
MEDSTAR SAINT MARY'S HOSPITAL,MD,Acute Care Hospitals,4,254,374
"PIEDMONT HOSPITAL, INC",GA,Acute Care Hospitals,4,255,402
GARNET HEALTH MEDICAL CENTER,NY,Acute Care Hospitals,4,255,378
LONG ISLAND JEWISH MEDICAL CENTER,NY,Acute Care Hospitals,4,255,311
WELLSPAN YORK HOSPITAL,PA,Acute Care Hospitals,4,255,343
WELLSPAN EVANGELICAL COMMUNITY HOSPITAL,PA,Acute Care Hospitals,4,256,350
"WASHINGTON HOSPITAL, THE",PA,Acute Care Hospitals,4,258,387
ANMED HEALTH,SC,Acute Care Hospitals,4,258,392
MEMORIAL HERMANN MEMORIAL CITY HOSPITAL,TX,Acute Care Hospitals,4,258,366
EISENHOWER MEDICAL CENTER,CA,Acute Care Hospitals,4,259,362
IU HEALTH WEST HOSPITAL,IN,Acute Care Hospitals,4,259,365
LONG ISLAND COMMUNITY HOSPITAL,NY,Acute Care Hospitals,4,261,356
RHODE ISLAND HOSPITAL,RI,Acute Care Hospitals,4,262,363
WELLSTAR KENNESTONE REGIONAL MEDICAL CENTER,GA,Acute Care Hospitals,4,263,355
UNIV. OF VERMONT - FLETCHER ALLEN HEALTH CARE,VT,Acute Care Hospitals,4,264,354
HOLYOKE MEDICAL CENTER,MA,Acute Care Hospitals,4,267,422
UNIVERSITY OF WASHINGTON MEDICAL CTR,WA,Acute Care Hospitals,4,268,353
PROVIDENCE ST. JUDE MEDICAL CENTER,CA,Acute Care Hospitals,4,270,388
UPMC MEMORIAL,PA,Acute Care Hospitals,4,270,713
MUNSON MEDICAL CENTER,MI,Acute Care Hospitals,4,272,442
PENNSYLVANIA HOSPITAL,PA,Acute Care Hospitals,4,272,376
LEGACY SALMON CREEK MEDICAL CENTER,WA,Acute Care Hospitals,4,272,339
GULF COAST MEDICAL CENTER LEE HEALTH,FL,Acute Care Hospitals,4,274,411
MILFORD REGIONAL MEDICAL CENTER,MA,Acute Care Hospitals,4,274,423
BAYLOR UNIVERSITY MEDICAL CENTER,TX,Acute Care Hospitals,4,274,340
BANNER-UNIVERSITY MEDICAL CENTER SOUTH CAMPUS,AZ,Acute Care Hospitals,4,275,356
UNIVERSITY OF VIRGINIA MEDICAL CENTER,VA,Acute Care Hospitals,4,275,358
MOUNT SINAI WEST,NY,Acute Care Hospitals,4,278,367
UCSF MEDICAL CENTER,CA,Acute Care Hospitals,4,280,345
HARTFORD HOSPITAL,CT,Acute Care Hospitals,4,281,337
RIDDLE MEMORIAL HOSPITAL,PA,Acute Care Hospitals,4,282,390
BARNES JEWISH HOSPITAL,MO,Acute Care Hospitals,4,284,374
THE UNIVERSITY OF CHICAGO MEDICAL CENTER,IL,Acute Care Hospitals,4,286,311
JEFFERSON EINSTEIN MONTGOMERY HOSPITAL,PA,Acute Care Hospitals,4,293,357
MAIN LINE HOSPITAL LANKENAU,PA,Acute Care Hospitals,4,300,392
THE MIRIAM HOSPITAL,RI,Acute Care Hospitals,4,303,375
EMORY UNIVERSITY HOSPITAL,GA,Acute Care Hospitals,4,305,375
RONALD REAGAN UCLA MEDICAL CENTER,CA,Acute Care Hospitals,4,312,331
UT OF TEXAS  SOUTHWESTERN UNIVERSITY HOSPITAL - WILLIAM P. CLEMENTS JR.,TX,Acute Care Hospitals,4,314,557
PENN PRESBYTERIAN MEDICAL CENTER,PA,Acute Care Hospitals,4,316,524
UNIVERSITY OF ILLINOIS HOSPITAL AND CLINICS,IL,Acute Care Hospitals,4,319,359
UCI HEALTH-ORANGE,CA,Acute Care Hospitals,4,323,372
UNIVERSITY OF MICHIGAN HEALTH SYSTEM,MI,Acute Care Hospitals,4,358,359
UNIVERSITY OF CALIFORNIA DAVIS MEDICAL CENTER,CA,Acute Care Hospitals,4,359,336
LOMA LINDA UNIVERSITY MEDICAL CENTER,CA,Acute Care Hospitals,4,464,348
CASS COUNTY MEMORIAL HOSPITAL,IA,Critical Access Hospitals,5,87,354
GUNDERSEN PALMER LUTHERAN HOSPITAL AND CLINICS,IA,Critical Access Hospitals,5,88,317
DIGNITY HEALTH ARIZONA GENERAL HOSPITAL,AZ,Acute Care Hospitals,5,90,386
NEW ULM MEDICAL CENTER,MN,Critical Access Hospitals,5,92,373
CHI MERCY HEALTH,ND,Critical Access Hospitals,5,94,224
UT HEALTH EAST TEXAS CARTHAGE HOSPITAL,TX,Acute Care Hospitals,5,94,379
MAYO CLINIC HEALTH SYSTEM - FAIRMONT,MN,Acute Care Hospitals,5,95,371
RIVER FALLS AREA HOSPITAL,WI,Critical Access Hospitals,5,96,375
HCA FLORIDA SOUTH TAMPA HOSPITAL,FL,Acute Care Hospitals,5,97,399
COMMUNITY HOSPITAL OF ANACONDA,MT,Critical Access Hospitals,5,98,261
MERCY ALLEN HOSPITAL,OH,Critical Access Hospitals,5,100,375
HAMPSHIRE MEMORIAL HOSPITAL,WV,Critical Access Hospitals,5,101,420
HOLY CROSS HOSPITAL-DAVIS,UT,Acute Care Hospitals,5,102,779
UNIVERSITY OF COLORADO HOSPITAL AUTHORITY,CO,Acute Care Hospitals,5,103,384
MT SAN RAFAEL HOSPITAL,CO,Critical Access Hospitals,5,103,335
FRANCISCAN HEALTH CRAWFORDSVILLE,IN,Acute Care Hospitals,5,103,405
CLARKE COUNTY HOSPITAL,IA,Critical Access Hospitals,5,104,361
VAN DIEST MEDICAL CENTER,IA,Critical Access Hospitals,5,104,395
LONE PEAK HOSPITAL,UT,Acute Care Hospitals,5,104,413
GRANDE RONDE HOSPITAL,OR,Critical Access Hospitals,5,105,2894
VALLEY HEALTH WAR MEMORIAL HOSPITAL,WV,Critical Access Hospitals,5,105,428
TOMAH MEMORIAL HOSPITAL,WI,Critical Access Hospitals,5,106,398
PARKVIEW LAGRANGE HOSPITAL,IN,Critical Access Hospitals,5,107,353
ADVENTIST HEALTH HOWARD MEMORIAL,CA,Critical Access Hospitals,5,108,411
AVERA HEART HOSPITAL OF SOUTH DAKOTA,SD,Acute Care Hospitals,5,108,255
AVERA ST BENEDICT HEALTH CENTER - CAH,SD,Critical Access Hospitals,5,110,764
SPOONER HEALTH SYSTEM,WI,Critical Access Hospitals,5,110,366
ST JOHNS MEDICAL CENTER,WY,Acute Care Hospitals,5,110,385
HCA FLORIDA TWIN CITIES HOSPITAL,FL,Acute Care Hospitals,5,111,377
ST LUKE'S ELMORE MEDICAL CENTER,ID,Critical Access Hospitals,5,113,3674
AURORA MEDICAL CTR MANITOWOC COUNTY,WI,Acute Care Hospitals,5,113,362
FAIRVIEW HOSPITAL,MA,Critical Access Hospitals,5,114,372
KETTERING HEALTH GREENE MEMORIAL,OH,Acute Care Hospitals,5,114,345
BAPTIST NEIGHBORHOOD HOSPITAL THOUSAND OAKS,TX,Acute Care Hospitals,5,114,452
MOUNTAIN VIEW HOSPITAL,UT,Acute Care Hospitals,5,115,364
WOODLAND MEMORIAL HOSPITAL,CA,Acute Care Hospitals,5,116,369
FRANCISCAN HEALTH MOORESVILLE,IN,Acute Care Hospitals,5,116,393
MERCY HOSPITAL PARIS,AR,Critical Access Hospitals,5,117,362
HUDSON HOSPITAL,WI,Critical Access Hospitals,5,117,359
MARINERS HOSPITAL,FL,Critical Access Hospitals,5,118,340
MCLAREN THUMB REGION,MI,Critical Access Hospitals,5,118,334
OWATONNA HOSPITAL,MN,Acute Care Hospitals,5,119,371
ASCENSION SE WISCONSIN HOSPITAL,WI,Acute Care Hospitals,5,119,258
GEISINGER ST. LUKE'S  HOSPITAL,PA,Acute Care Hospitals,5,120,357
THE HEART HOSPITAL BAYLOR DENTON,TX,Acute Care Hospitals,5,120,254
"PAGE MEMORIAL HOSPITAL, INC",VA,Critical Access Hospitals,5,120,408
PEACE HARBOR MEDICAL CENTER,OR,Critical Access Hospitals,5,121,351
ASCENSION SETON HIGHLAND LAKES,TX,Critical Access Hospitals,5,121,261
MATAGORDA REGIONAL MEDICAL CENTER,TX,Acute Care Hospitals,5,122,360
SEQUOIA HOSPITAL,CA,Acute Care Hospitals,5,124,390
POUDRE VALLEY HOSPITAL,CO,Acute Care Hospitals,5,124,374
PUTNAM COUNTY HOSPITAL,IN,Critical Access Hospitals,5,126,335
LAKEVIEW HOSPITAL,UT,Acute Care Hospitals,5,126,394
SHARON HOSPITAL,CT,Acute Care Hospitals,5,127,385
INDIANA UNIVERSITY HEALTH WHITE MEMORIAL HOSPITAL,IN,Critical Access Hospitals,5,127,370
MAYO CLINIC HEALTH SYSTEM - ALBERT LEA AND AUSTIN,MN,Acute Care Hospitals,5,127,369
ST LUKES HOSPITAL,PA,Acute Care Hospitals,5,127,1068
THE WOMEN'S HOSPITAL,IN,Acute Care Hospitals,5,128,419
UNITED HOSPITAL DISTRICT,MN,Critical Access Hospitals,5,129,681
MOUNT PLEASANT HOSPITAL,SC,Acute Care Hospitals,5,129,405
LONGS PEAK HOSPITAL,CO,Acute Care Hospitals,5,130,418
MEMORIAL HEALTH MEADOWS HOSPITAL,GA,Acute Care Hospitals,5,130,415
KETTERING HEALTH TROY,OH,Acute Care Hospitals,5,130,357
UT HEALTH EAST TEXAS HENDERSON HOSPITAL,TX,Acute Care Hospitals,5,130,374
PARK CITY HOSPITAL,UT,Acute Care Hospitals,5,130,458
REEDSBURG AREA MEDICAL CENTER,WI,Critical Access Hospitals,5,130,636
WEST VALLEY MEDICAL CENTER,ID,Acute Care Hospitals,5,131,386
"INDIANA UNIVERSITY HEALTH JAY, INC.",IN,Critical Access Hospitals,5,132,360
ST ELIZABETH EDGEWOOD,KY,Acute Care Hospitals,5,132,795
WYANDOT MEMORIAL HOSPITAL,OH,Critical Access Hospitals,5,132,376
MAYO CLINIC HEALTH SYSTEM-FRANCISCAN MEDICAL CENTER INC,WI,Acute Care Hospitals,5,132,388
MEDICAL CENTER OF THE ROCKIES,CO,Acute Care Hospitals,5,133,381
HOLY ROSARY HOSPITAL,MT,Critical Access Hospitals,5,135,365
SUTTER AUBURN FAITH HOSPITAL,CA,Acute Care Hospitals,5,136,374
BUFFALO HOSPITAL,MN,Acute Care Hospitals,5,136,371
ROPER ST FRANCIS HOSPITAL-BERKELEY INC,SC,Acute Care Hospitals,5,136,385
OCONOMOWOC MEMORIAL HOSPITAL,WI,Acute Care Hospitals,5,136,370
TEXAS HEALTH HARRIS METHODIST HOSPITAL CLEBURNE,TX,Acute Care Hospitals,5,139,413
BAPTIST HEALTH LAGRANGE,KY,Acute Care Hospitals,5,140,378
COREWELL HEALTH ZEELAND HOSPITAL,MI,Acute Care Hospitals,5,140,416
ST LUKE'S WARREN HOSPITAL,NJ,Acute Care Hospitals,5,140,355
INTERMOUNTAIN HEALTH LOGAN REGIONAL HOSPITAL,UT,Acute Care Hospitals,5,140,464
"OKLAHOMA HEART HOSPITAL SOUTH, LLC",OK,Acute Care Hospitals,5,141,467
KNAPP MEDICAL CENTER,TX,Acute Care Hospitals,5,141,414
UP HEALTH SYSTEM PORTAGE,MI,Acute Care Hospitals,5,142,342
COREWELL HEALTH GERBER HOSPITAL,MI,Critical Access Hospitals,5,142,404
ST LUKE'S HOSPITAL - CARBON CAMPUS,PA,Acute Care Hospitals,5,142,348
VAIL HEALTH HOSPITAL,CO,Acute Care Hospitals,5,143,411
ADVENTHEALTH FISH MEMORIAL,FL,Acute Care Hospitals,5,143,423
ADVENTHEALTH MURRAY,GA,Acute Care Hospitals,5,143,465
NMC HEALTH,KS,Acute Care Hospitals,5,143,11420
ST. GEORGE REGIONAL HOSPITAL,UT,Acute Care Hospitals,5,143,475
JOHNSON MEMORIAL HOSPITAL,IN,Acute Care Hospitals,5,144,349
CARSON VALLEY HEALTH,NV,Critical Access Hospitals,5,144,341
HACKENSACK MERIDIAN HEALTH PASCACK VALLEY MEDICAL,NJ,Acute Care Hospitals,5,144,414
AURORA MEDICAL CENTER - SUMMIT,WI,Acute Care Hospitals,5,144,395
WAUPUN MEMORIAL HOSPITAL,WI,Critical Access Hospitals,5,144,354
CENTRACARE HEALTH SYSTEM - MELROSE HOSPITAL,MN,Critical Access Hospitals,5,145,361
CONEMAUGH NASON MEDICAL CENTER,PA,Acute Care Hospitals,5,145,386
BAYLOR SCOTT & WHITE TEXAS SPINE & JOINT HOSPITAL,TX,Acute Care Hospitals,5,145,423
RIVERSIDE DOCTORS' HOSPITAL OF WILLIAMSBURG,VA,Acute Care Hospitals,5,145,344
THE MONROE CLINIC,WI,Acute Care Hospitals,5,145,375
ADVENTHEALTH DAYTONA BEACH,FL,Acute Care Hospitals,5,147,413
ST ELIZABETH FT THOMAS,KY,Acute Care Hospitals,5,148,383
VAN WERT COUNTY HOSPITAL,OH,Acute Care Hospitals,5,148,386
ST JOHN OWASSO,OK,Acute Care Hospitals,5,148,292
GOLETA VALLEY COTTAGE HOSPITAL,CA,Acute Care Hospitals,5,149,377
ST ELIZABETH DEARBORN HOSPITAL,IN,Acute Care Hospitals,5,149,367
BANNER GOLDFIELD MEDICAL CENTER,AZ,Acute Care Hospitals,5,150,341
WELLSTAR WEST GEORGIA MEDICAL CENTER,GA,Acute Care Hospitals,5,150,363
BAYLOR SCOTT & WHITE MEDICAL CENTER AT IRVING,TX,Acute Care Hospitals,5,150,391
UNITYPOINT HEALTH - MERITER,WI,Acute Care Hospitals,5,150,359
AURORA LAKELAND MEDICAL CENTER,WI,Acute Care Hospitals,5,150,372
TEXAS HEALTH PRESBYTERIAN HOSPITAL FLOWER MOUND,TX,Acute Care Hospitals,5,150,470
BRONSON LAKEVIEW HOSPITAL,MI,Critical Access Hospitals,5,151,374
NORTHWELL HOSPITAL GLEN COVE,NY,Acute Care Hospitals,5,152,347
NOVATO COMMUNITY HOSPITAL,CA,Acute Care Hospitals,5,153,373
ST MARY MEDICAL CENTER,CA,Acute Care Hospitals,5,153,377
ADVENTHEALTH WESLEY CHAPEL,FL,Acute Care Hospitals,5,153,393
BAYLOR SCOTT &  WHITE MEDICAL CENTER - CENTENNIAL,TX,Acute Care Hospitals,5,153,373
BON SECOURS ST MARYS HOSPITAL,VA,Acute Care Hospitals,5,154,390
SAUK PRAIRIE HOSPITAL,WI,Acute Care Hospitals,5,154,399
WAVERLY HEALTH CENTER,IA,Critical Access Hospitals,5,155,303
TEXAS HEALTH HOSPITAL MANSFIELD,TX,Acute Care Hospitals,5,155,407
ST. PATRICK HOSPITAL,MT,Acute Care Hospitals,5,156,343
HOUSTON METHODIST CLEAR LAKE HOSPITAL,TX,Acute Care Hospitals,5,156,392
WHITMAN HOSPITAL AND MEDICAL CENTER,WA,Critical Access Hospitals,5,156,1275
AdventHealth Palm Coast,FL,Acute Care Hospitals,5,157,415
ST LUKE'S NAMPA MEDICAL CENTER,ID,Acute Care Hospitals,5,157,4229
NOVANT HEALTH PRESBYTERIAN MEDICAL CENTER,NC,Acute Care Hospitals,5,157,371
MEMORIAL HOSPITAL,OH,Acute Care Hospitals,5,157,363
CENTURA HEALTH-ST ANTHONY NORTH HEALTH CAMPUS,CO,Acute Care Hospitals,5,158,386
SPRING VIEW HOSPITAL,KY,Acute Care Hospitals,5,158,381
TEXAS HEALTH PRESBYTERIAN HOSPITAL DENTON,TX,Acute Care Hospitals,5,158,401
HOLLAND HOSPITAL,MI,Acute Care Hospitals,5,159,402
INOVA FAIRFAX HOSPITAL,VA,Acute Care Hospitals,5,160,377
MERCY REGIONAL MEDICAL CENTER,CO,Acute Care Hospitals,5,161,359
UCHEALTH HIGHLANDS RANCH HOSPITAL,CO,Acute Care Hospitals,5,161,374
INTERMOUNTAIN HEALTH RIVERTON HOSPITAL,UT,Acute Care Hospitals,5,161,463
INTERMOUNTAIN HEALTH LAYTON HOSPITAL,UT,Acute Care Hospitals,5,161,464
MERCY HOSPITAL NORTHWEST ARKANSAS,AR,Acute Care Hospitals,5,162,456
MEMORIAL HOSPITAL MIRAMAR,FL,Acute Care Hospitals,5,162,347
NORTHEAST GEORGIA MEDICAL CENTER LUMPKIN,GA,Acute Care Hospitals,5,162,430
INTERMOUNTAIN HEALTH UTAH VALLEY HOSPITAL,UT,Acute Care Hospitals,5,162,466
DOCTORS HOSPITAL,FL,Acute Care Hospitals,5,163,365
UCHICAGO MEDICINE ADVENTHEALTH LA GRANGE,IL,Acute Care Hospitals,5,163,416
CHRIST HOSPITAL,OH,Acute Care Hospitals,5,163,380
AdventHealth Parker,CO,Acute Care Hospitals,5,164,368
SENTARA WILLIAMSBURG REGIONAL MEDICAL CENTER,VA,Acute Care Hospitals,5,164,2124
ADVENTHEALTH HENDERSONVILLE,NC,Acute Care Hospitals,5,165,411
VANDERBILT WILSON COUNTY HOSPITAL,TN,Acute Care Hospitals,5,165,373
SENTARA PRINCESS ANNE HOSPITAL,VA,Acute Care Hospitals,5,165,2863
MAYO CLINIC HEALTH SYSTEM EAU CLAIRE HOSPITAL,WI,Acute Care Hospitals,5,165,378
"BAILEY MEDICAL CENTER, LLC",OK,Acute Care Hospitals,5,166,356
HOUSTON METHODIST HOSPITAL,TX,Acute Care Hospitals,5,166,379
INOVA LOUDOUN HOSPITAL,VA,Acute Care Hospitals,5,166,391
FRENCH HOSPITAL MEDICAL CENTER,CA,Acute Care Hospitals,5,167,383
ADVENTHEALTH CASTLE ROCK,CO,Acute Care Hospitals,5,168,367
ST LUKE'S REGIONAL MEDICAL CENTER,ID,Acute Care Hospitals,5,168,9381
HENDRICKS REGIONAL HEALTH,IN,Acute Care Hospitals,5,168,397
ST LUKE'S HOSPITAL - MONROE CAMPUS,PA,Acute Care Hospitals,5,168,364
INOVA FAIR OAKS HOSPITAL,VA,Acute Care Hospitals,5,168,380
CHI HEALTH MERCY COUNCIL BLUFFS,IA,Acute Care Hospitals,5,169,347
AKRON GENERAL MEDICAL CENTER,OH,Acute Care Hospitals,5,169,350
INTERMOUNTAIN HEALTH ALTA VIEW HOSPITAL,UT,Acute Care Hospitals,5,170,458
SAINT LUKES NORTH HOSPITAL,MO,Acute Care Hospitals,5,171,394
PARDEE HOSPITAL HENDERSON COUNTY,NC,Acute Care Hospitals,5,171,379
AURORA MEDICAL CENTER SHEBOYGAN COUNTY,WI,Acute Care Hospitals,5,171,369
HONORHEALTH SCOTTSDALE THOMPSON PEAK MED CTR,AZ,Acute Care Hospitals,5,172,390
INOVA ALEXANDRIA HOSPITAL,VA,Acute Care Hospitals,5,172,386
SOUTH POINTE HOSPITAL,OH,Acute Care Hospitals,5,173,369
PELHAM MEDICAL CENTER,SC,Acute Care Hospitals,5,173,381
UNIVERSITY OF MD SHORE MEDICAL CTR AT CHESTERTOWN,MD,Acute Care Hospitals,5,174,333
WHITE PLAINS HOSPITAL CENTER,NY,Acute Care Hospitals,5,174,380
LDS HOSPITAL,UT,Acute Care Hospitals,5,174,400
SENTARA RMH MEDICAL CENTER,VA,Acute Care Hospitals,5,174,1529
MARSHFIELD MEDICAL CENTER - MINOCQUA,WI,Acute Care Hospitals,5,174,464
HOUSTON METHODIST WILLOWBROOK HOSPITAL,TX,Acute Care Hospitals,5,176,392
TORRANCE MEMORIAL MEDICAL CENTER,CA,Acute Care Hospitals,5,177,489
MARINHEALTH MEDICAL CENTER,CA,Acute Care Hospitals,5,177,442
GREENWICH HOSPITAL ASSOCIATION -,CT,Acute Care Hospitals,5,177,361
PENINSULA MEDICAL CENTER,CA,Acute Care Hospitals,5,178,382
NOVANT HEALTH MINT HILL MEDICAL CENTER,NC,Acute Care Hospitals,5,178,371
"SAINT FRANCIS HOSPITAL SOUTH, LLC",OK,Acute Care Hospitals,5,178,395
SAINT JOSEPH HOSPITAL,CO,Acute Care Hospitals,5,179,351
SCRIPPS MEMORIAL HOSPITAL LA JOLLA,CA,Acute Care Hospitals,5,180,382
MEDINA HOSPITAL,OH,Acute Care Hospitals,5,180,358
LENOX HILL HOSPITAL,NY,Acute Care Hospitals,5,181,360
GEISINGER-LEWISTOWN HOSPITAL,PA,Acute Care Hospitals,5,181,724
TEXAS HEALTH HARRIS METHODIST HOSPITAL SOUTHWEST F,TX,Acute Care Hospitals,5,182,424
INTERMOUNTAIN HEALTH MCKAY-DEE HOSPITAL,UT,Acute Care Hospitals,5,182,466
TEXAS HEALTH PRESBYTERIAN HOSPITAL ROCKWALL,TX,Acute Care Hospitals,5,182,432
WILLIAMSON MEDICAL CENTER,TN,Acute Care Hospitals,5,183,362
ST ALEXIUS MEDICAL CENTER,IL,Acute Care Hospitals,5,184,297
MAPLE GROVE HOSPITAL,MN,Acute Care Hospitals,5,184,386
ST VINCENT HEART CENTER,IN,Acute Care Hospitals,5,185,191
TEXAS HEALTH HARRIS METHODIST HOSPITAL ALLIANCE,TX,Acute Care Hospitals,5,185,411
WEST KENDALL BAPTIST HOSPITAL,FL,Acute Care Hospitals,5,186,370
AHN WEXFORD HOSPITAL,PA,Acute Care Hospitals,5,186,478
ST LUKE'S HOSPITAL - UPPER BUCKS CAMPUS,PA,Acute Care Hospitals,5,187,348
M HEALTH FAIRVIEW ST JOHN'S HOSPITAL,MN,Acute Care Hospitals,5,188,384
MOUNT NITTANY MEDICAL CENTER,PA,Acute Care Hospitals,5,188,406
ST ELIZABETH HOSPITAL,WA,Critical Access Hospitals,5,189,374
WELLSPAN EPHRATA COMMUNITY HOSPITAL,PA,Acute Care Hospitals,5,190,342
NORTHWESTERN MEDICINE MCHENRY,IL,Acute Care Hospitals,5,191,373
MAYO CLINIC HEALTH SYSTEM - MANKATO,MN,Acute Care Hospitals,5,192,368
OVERLOOK MEDICAL CENTER,NJ,Acute Care Hospitals,5,192,386
NS/LIJ HS HUNTINGTON HOSPITAL,NY,Acute Care Hospitals,5,192,332
"OKLAHOMA SURGICAL HOSPITAL, LLC",OK,Acute Care Hospitals,5,192,556
MYMICHIGAN MEDICAL CENTER WEST BRANCH,MI,Acute Care Hospitals,5,193,379
MARYMOUNT HOSPITAL,OH,Acute Care Hospitals,5,193,343
VIERA HOSPITAL,FL,Acute Care Hospitals,5,194,393
ADVOCATE GOOD SHEPHERD HOSPITAL,IL,Acute Care Hospitals,5,194,386
AURORA MEDICAL CENTER,WI,Acute Care Hospitals,5,194,375
"WAKEMED, CARY HOSPITAL",NC,Acute Care Hospitals,5,195,414
LECONTE MEDICAL CENTER,TN,Acute Care Hospitals,5,195,459
MULTICARE VALLEY HOSPITAL,WA,Acute Care Hospitals,5,195,385
HOAG MEMORIAL HOSPITAL PRESBYTERIAN,CA,Acute Care Hospitals,5,196,385
SANFORD USD MEDICAL CENTER,SD,Acute Care Hospitals,5,196,389
HOUSTON METHODIST WEST HOSPITAL,TX,Acute Care Hospitals,5,196,388
NORTHWESTERN MEDICINE KISHWAUKEE HOSPITAL,IL,Acute Care Hospitals,5,197,367
M HEALTH FAIRVIEW SOUTHDALE HOSPITAL,MN,Acute Care Hospitals,5,197,355
HACKENSACK UNIVERSITY MEDICAL CENTER,NJ,Acute Care Hospitals,5,197,384
WELLSPAN GOOD SAMARITAN HOSPITAL,PA,Acute Care Hospitals,5,197,354
EVERGREENHEALTH MEDICAL CENTER,WA,Acute Care Hospitals,5,197,373
BETH ISRAEL DEACONESS HOSPITAL - NEEDHAM,MA,Acute Care Hospitals,5,198,332
REX HOSPITAL,NC,Acute Care Hospitals,5,198,374
MAYO CLINIC HOSPITAL,AZ,Acute Care Hospitals,5,199,406
PIEDMONT COLUMBUS REGIONAL NORTHSIDE,GA,Acute Care Hospitals,5,200,414
UCHICAGO MEDICINE ADVENTHEALTH HINSDALE,IL,Acute Care Hospitals,5,200,403
CALVERTHEALTH MEDICAL CENTER,MD,Acute Care Hospitals,5,200,1992
HILLCREST HOSPITAL,OH,Acute Care Hospitals,5,200,376
ST CATHERINE OF SIENA HOSPITAL,NY,Acute Care Hospitals,5,202,368
GENESIS HOSPITAL,OH,Acute Care Hospitals,5,203,1464
YALE-NEW HAVEN HOSPITAL,CT,Acute Care Hospitals,5,204,348
SARASOTA MEMORIAL HOSPITAL,FL,Acute Care Hospitals,5,204,730
NORTHERN WESTCHESTER HOSPITAL,NY,Acute Care Hospitals,5,204,376
MEMORIAL HOSPITAL,IL,Acute Care Hospitals,5,205,379
HOLY NAME MEDICAL CENTER,NJ,Acute Care Hospitals,5,205,1132
HUDSON VALLEY HOSPITAL CENTER,NY,Acute Care Hospitals,5,205,384
ST ANTHONY HOSPITAL,WA,Acute Care Hospitals,5,205,397
MAYO CLINIC,FL,Acute Care Hospitals,5,206,394
NYU LANGONE HOSPITALS,NY,Acute Care Hospitals,5,206,840
LANCASTER GENERAL HOSPITAL,PA,Acute Care Hospitals,5,206,382
HOUSTON METHODIST SUGARLAND HOSPITAL,TX,Acute Care Hospitals,5,206,397
BRYN MAWR HOSPITAL,PA,Acute Care Hospitals,5,207,366
PRISMA HEALTH GREER MEMORIAL HOSPITAL,SC,Acute Care Hospitals,5,207,455
STAMFORD HOSPITAL,CT,Acute Care Hospitals,5,209,411
EMERSON HOSPITAL -,MA,Acute Care Hospitals,5,210,350
INTERMOUNTAIN MEDICAL CENTER,UT,Acute Care Hospitals,5,210,455
STANFORD HEALTH CARE TRI-VALLEY,CA,Acute Care Hospitals,5,211,377
NORTHWESTERN MEDICINE DELNOR COMMUNITY HOSPITAL,IL,Acute Care Hospitals,5,211,384
BARNES-JEWISH WEST COUNTY HOSPITAL,MO,Acute Care Hospitals,5,212,377
CLEVELAND CLINIC HOSPITAL,FL,Acute Care Hospitals,5,214,389
"MEMORIAL HEALTHCARE SYSTEM, INC",TN,Acute Care Hospitals,5,214,383
CENTRA BEDFORD MEMORIAL HOSPITAL,VA,Acute Care Hospitals,5,214,344
PAOLI HOSPITAL,PA,Acute Care Hospitals,5,215,381
MEDSTAR UNION MEMORIAL HOSPITAL,MD,Acute Care Hospitals,5,216,380
UNIVERSITY OF WI  HOSPITALS & CLINICS AUTHORITY,WI,Acute Care Hospitals,5,216,374
VIRGINIA MASON MEDICAL CENTER,WA,Acute Care Hospitals,5,217,357
NORTHERN LIGHT EASTERN MAINE MEDICAL CENTER,ME,Acute Care Hospitals,5,218,378
HOUSTON METHODIST THE WOODLANDS HOSPITAL,TX,Acute Care Hospitals,5,219,386
MERCY GILBERT MEDICAL CENTER,AZ,Acute Care Hospitals,5,220,369
LEE MEMORIAL HOSPITAL,FL,Acute Care Hospitals,5,220,400
NORTHWESTERN LAKE FOREST HOSPITAL,IL,Acute Care Hospitals,5,220,384
ST FRANCIS HOSPITAL - THE HEART CENTER,NY,Acute Care Hospitals,5,220,394
HOUSTON METHODIST BAYTOWN HOSPITAL,TX,Acute Care Hospitals,5,220,372
SANTA MONICA - UCLA MED CTR & ORTHOPAEDIC HOSPITAL,CA,Acute Care Hospitals,5,222,376
ST LUKES HOSPITAL OF KANSAS CITY,MO,Acute Care Hospitals,5,222,388
SARASOTA MEMORIAL HOSPITAL - VENICE,FL,Acute Care Hospitals,5,223,357
SUTTER SANTA ROSA REGIONAL HOSPITAL,CA,Acute Care Hospitals,5,224,368
BAYLOR SCOTT & WHITE MEDICAL CENTER - TEMPLE,TX,Acute Care Hospitals,5,224,354
SUNY/STONY BROOK UNIVERSITY HOSPITAL,NY,Acute Care Hospitals,5,225,363
CHILTON MEDICAL CENTER,NJ,Acute Care Hospitals,5,226,382
PRESBYTERIAN SANTA FE MEDICAL CENTER,NM,Acute Care Hospitals,5,226,429
PROVIDENCE MISSION HOSPITAL,CA,Acute Care Hospitals,5,228,370
SILVER CROSS HOSPITAL  AND MEDICAL CENTERS,IL,Acute Care Hospitals,5,229,343
NORTHWESTERN MEDICINE CENTRAL DUPAGE HOSPITAL,IL,Acute Care Hospitals,5,230,375
UNIVERSITY OF UTAH HOSPITAL AND CLINICS,UT,Acute Care Hospitals,5,230,383
UF HEALTH SHANDS HOSPITAL,FL,Acute Care Hospitals,5,231,379
GREATER BALTIMORE MEDICAL CENTER,MD,Acute Care Hospitals,5,231,45930
SUTTER ROSEVILLE MEDICAL CENTER,CA,Acute Care Hospitals,5,232,375
ST CHARLES HOSPITAL,NY,Acute Care Hospitals,5,232,358
ALTA BATES SUMMIT MEDICAL CENTER,CA,Acute Care Hospitals,5,233,360
"SAINT FRANCIS HOSPITAL, INC",OK,Acute Care Hospitals,5,234,396
BAPTIST HOSPITAL OF MIAMI,FL,Acute Care Hospitals,5,235,370
NEW YORK-PRESBYTERIAN HOSPITAL,NY,Acute Care Hospitals,5,235,475
MERCY MEDICAL CENTER,NY,Acute Care Hospitals,5,236,462
MORRISTOWN MEDICAL CENTER,NJ,Acute Care Hospitals,5,240,389
NOVANT HEALTH MATTHEWS MEDICAL CENTER,NC,Acute Care Hospitals,5,240,373
FAIRVIEW HOSPITAL,OH,Acute Care Hospitals,5,241,358
DUKE REGIONAL HOSPITAL,NC,Acute Care Hospitals,5,244,375
MAYO CLINIC HOSPITAL ROCHESTER,MN,Acute Care Hospitals,5,245,609
JOHN T MATHER MEMORIAL HOSPITAL  OF PORT JEFFERSON,NY,Acute Care Hospitals,5,245,311
CHESTER COUNTY HOSPITAL,PA,Acute Care Hospitals,5,247,960
NORTH SHORE UNIVERSITY HOSPITAL,NY,Acute Care Hospitals,5,251,383
MISSOURI BAPTIST MEDICAL CENTER,MO,Acute Care Hospitals,5,252,393
CLEVELAND CLINIC AVON HOSPITAL,OH,Acute Care Hospitals,5,254,368
BRIGHAM AND WOMEN FAULKNER HOSPITAL,MA,Acute Care Hospitals,5,255,324
UC SAN DIEGO HEALTH HILLCREST - HILLCREST MED CTR,CA,Acute Care Hospitals,5,258,339
NEWTON-WELLESLEY HOSPITAL,MA,Acute Care Hospitals,5,263,351
NORTHSHORE UNIVERSITY HEALTHSYSTEM - EVANSTON HOSPITAL,IL,Acute Care Hospitals,5,265,385
STANFORD HEALTH CARE,CA,Acute Care Hospitals,5,275,359
NORTH SHORE MEDICAL CENTER -,MA,Acute Care Hospitals,5,276,368
VANDERBILT UNIVERSITY MEDICAL CENTER,TN,Acute Care Hospitals,5,277,357
NEW YORK-PRESBYTERIAN/QUEENS,NY,Acute Care Hospitals,5,280,387
HOSPITAL OF UNIV OF PENNSYLVANIA,PA,Acute Care Hospitals,5,280,875
UNIVERSITY OF MD ST JOSEPH MEDICAL CENTER,MD,Acute Care Hospitals,5,281,369
MASSACHUSETTS GENERAL HOSPITAL,MA,Acute Care Hospitals,5,283,346
UNC HOSPITALS,NC,Acute Care Hospitals,5,286,377
"JOHNS HOPKINS HOSPITAL, THE",MD,Acute Care Hospitals,5,290,340
DUKE UNIVERSITY HOSPITAL,NC,Acute Care Hospitals,5,296,390
PROVIDENCE LITTLE COMPANY OF MARY MED CTR TORRANCE,CA,Acute Care Hospitals,5,300,354
UNIVERSITY OF KANSAS HOSPITAL,KS,Acute Care Hospitals,5,307,369
BRIGHAM AND WOMEN'S HOSPITAL,MA,Acute Care Hospitals,5,309,352
SIBLEY MEMORIAL HOSPITAL,DC,Acute Care Hospitals,5,320,372
NORTHWESTERN MEMORIAL HOSPITAL,IL,Acute Care Hospitals,5,327,362
RUSH UNIVERSITY MEDICAL CENTER,IL,Acute Care Hospitals,5,358,374
CEDARS-SINAI MEDICAL CENTER,CA,Acute Care Hospitals,5,369,383
