Facility ID,Hospital Name,State,Hospital Type,Hospital Ownership,star_rating,ed_wait_minutes,ed_wait_state_rank,hospitals_in_state,ed_wait_state_quartile,sepsis_score,readm_measures_graded,readm_measures_worse,pct_readm_measures_worse
021309,BRISTOL BAY DBA KANAKANAK HOSPITAL,AK,Critical Access Hospitals,Voluntary non-profit - Private,Not Available,99,1,17,1,,1,0,0.0
021306,PROVIDENCE KODIAK ISLAND MEDICAL CTR,AK,Critical Access Hospitals,Voluntary non-profit - Church,Not Available,109,2,17,1,,2,0,0.0
021302,PROVIDENCE SEWARD HOSPITAL,AK,Critical Access Hospitals,Government - Local,Not Available,110,3,17,1,,,,
021311,PEACEHEALTH KETCHIKAN MEDICAL CENTER,AK,Critical Access Hospitals,Voluntary non-profit - Church,4,120,4,17,1,54,6,0,0.0
020026,ALASKA NATIVE MEDICAL CENTER,AK,Acute Care Hospitals,Government - Federal,2,124,5,17,1,61,7,1,14.3
021304,PETERSBURG MEDICAL CENTER,AK,Critical Access Hospitals,Government - Local,Not Available,126,6,17,2,,1,0,0.0
021301,PROVIDENCE VALDEZ MEDICAL CENTER,AK,Critical Access Hospitals,Government - Local,Not Available,127,7,17,2,,,,
021307,CORDOVA COMMUNITY MEDICAL CENTER,AK,Critical Access Hospitals,Government - Local,Not Available,127,7,17,2,,,,
020017,ALASKA REGIONAL HOSPITAL,AK,Acute Care Hospitals,Proprietary,1,129,9,17,2,83,9,3,33.3
02014F,Bassett ACH (FT Wainwright),AK,Acute Care - Department of Defense,Department of Defense,Not Available,129,9,17,3,,,,
02013F,673rd Medical Group (Joint Base Elmendorf-Richardson),AK,Acute Care - Department of Defense,Department of Defense,Not Available,132,11,17,3,,,,
020006,MAT-SU REGIONAL MEDICAL CENTER,AK,Acute Care Hospitals,Voluntary non-profit - Other,3,136,12,17,3,44,10,1,10.0
021313,SOUTH PENINSULA HOSPITAL,AK,Critical Access Hospitals,Voluntary non-profit - Private,Not Available,136,12,17,3,,4,0,0.0
020024,CENTRAL PENINSULA GENERAL HOSPITAL,AK,Acute Care Hospitals,Voluntary non-profit - Other,2,152,14,17,4,67,9,3,33.3
020008,BARTLETT REGIONAL HOSPITAL,AK,Acute Care Hospitals,Government - Local,4,163,15,17,4,52,8,0,0.0
020012,FAIRBANKS MEMORIAL HOSPITAL,AK,Acute Care Hospitals,Voluntary non-profit - Private,2,170,16,17,4,49,10,1,10.0
020001,PROVIDENCE ALASKA MEDICAL CENTER,AK,Acute Care Hospitals,Voluntary non-profit - Church,3,188,17,17,4,61,11,2,18.2
011309,WIREGRASS MEDICAL CENTER,AL,Critical Access Hospitals,Government - Hospital District or Authority,Not Available,59,1,81,1,,,,
010073,CLAY COUNTY HOSPITAL,AL,Acute Care Hospitals,Government - Hospital District or Authority,Not Available,90,2,81,1,61,3,0,0.0
011306,TANNER MEDICAL CENTER-EAST ALABAMA,AL,Critical Access Hospitals,Government - Hospital District or Authority,Not Available,94,3,81,1,,3,1,33.3
010125,LAKELAND COMMUNITY HOSPITAL,AL,Acute Care Hospitals,Proprietary,3,98,4,81,1,,4,0,0.0
010095,HALE COUNTY HOSPITAL,AL,Acute Care Hospitals,Government - Hospital District or Authority,Not Available,102,5,81,1,,1,0,0.0
010157,NORTH ALABAMA SHOALS HOSPITAL,AL,Acute Care Hospitals,Proprietary,Not Available,102,5,81,1,,2,0,0.0
010044,MARION REGIONAL MEDICAL CENTER,AL,Acute Care Hospitals,Voluntary non-profit - Private,3,103,7,81,1,,4,0,0.0
010158,RUSSELLVILLE HOSPITAL,AL,Acute Care Hospitals,Proprietary,4,103,7,81,1,,6,0,0.0
010097,ELMORE COMMUNITY HOSPITAL,AL,Acute Care Hospitals,Proprietary,Not Available,107,9,81,1,,3,1,33.3
010034,COMMUNITY HOSPITAL INC,AL,Acute Care Hospitals,Voluntary non-profit - Private,Not Available,108,10,81,1,,2,0,0.0
010126,TROY REGIONAL MEDICAL CENTER,AL,Acute Care Hospitals,Government - Federal,4,110,11,81,1,,5,0,0.0
010052,LAKE MARTIN COMMUNITY HOSPITAL,AL,Acute Care Hospitals,Proprietary,Not Available,111,12,81,1,,2,0,0.0
010062,WIREGRASS MEDICAL CENTER,AL,Acute Care Hospitals,Government - Hospital District or Authority,Not Available,112,13,81,1,,2,0,0.0
010045,FAYETTE MEDICAL CENTER,AL,Acute Care Hospitals,Voluntary non-profit - Other,4,116,14,81,1,67,5,0,0.0
011308,CRENSHAW COMMUNITY HOSPITAL,AL,Critical Access Hospitals,Government - Hospital District or Authority,Not Available,117,15,81,1,,,,
010101,CITIZENS BAPTIST MEDICAL CENTER,AL,Acute Care Hospitals,Voluntary non-profit - Private,1,118,16,81,1,74,4,1,25.0
010112,WHITFIELD REGIONAL HOSPITAL,AL,Acute Care Hospitals,Government - Hospital District or Authority,2,120,17,81,1,0,5,1,20.0
011304,OCHSNER CHOCTAW GENERAL,AL,Critical Access Hospitals,Voluntary non-profit - Private,Not Available,121,18,81,1,,,,
010164,COOSA VALLEY MEDICAL CENTER,AL,Acute Care Hospitals,Government - Hospital District or Authority,3,122,19,81,1,91,8,2,25.0
010128,JACKSON MEDICAL CENTER,AL,Acute Care Hospitals,Proprietary,Not Available,123,20,81,1,,2,0,0.0
010168,JACK HUGHSTON MEMORIAL HOSPITAL,AL,Acute Care Hospitals,Government - State,4,123,20,81,1,,4,0,0.0
010169,ATMORE COMMUNITY HOSPITAL,AL,Acute Care Hospitals,Government - Hospital District or Authority,3,123,20,81,2,,3,1,33.3
010148,EVERGREEN MEDICAL CENTER,AL,Acute Care Hospitals,Proprietary,3,124,23,81,2,,5,0,0.0
010150,THE HEALTH CARE AUTHORITY OF THE CITY OF GREENVILLE- LV STABLER HOSPITAL,AL,Acute Care Hospitals,Proprietary,Not Available,125,24,81,2,,2,0,0.0
010058,BIBB MEDICAL CENTER,AL,Acute Care Hospitals,Government - Hospital District or Authority,Not Available,126,25,81,2,,2,0,0.0
010007,MIZELL MEMORIAL HOSPITAL,AL,Acute Care Hospitals,Voluntary non-profit - Private,1,128,28,81,2,,5,2,40.0
010022,FLOYD CHEROKEE MEDICAL CENTER,AL,Acute Care Hospitals,Proprietary,Not Available,128,28,81,2,,2,0,0.0
010083,BALDWIN HEALTH,AL,Acute Care Hospitals,Proprietary,4,131,30,81,2,70,8,0,0.0
011302,RED BAY HOSPITAL,AL,Critical Access Hospitals,Government - Hospital District or Authority,Not Available,131,30,81,2,,2,0,0.0
011305,ST VINCENTS BLOUNT,AL,Critical Access Hospitals,Voluntary non-profit - Private,Not Available,133,32,81,2,,3,0,0.0
010086,NORTH MISSISSIPPI HEALTH SERVICES - SOUTH MARION,AL,Acute Care Hospitals,Proprietary,4,134,33,81,2,67,5,0,0.0
010049,MEDICAL CENTER ENTERPRISE,AL,Acute Care Hospitals,Proprietary,4,138,34,81,2,56,7,0,0.0
010051,GREENE COUNTY HOSPITAL,AL,Acute Care Hospitals,Voluntary non-profit - Other,Not Available,138,34,81,2,,,,
010138,HILL HOSPITAL OF SUMTER COUNTY,AL,Acute Care Hospitals,Government - Hospital District or Authority,Not Available,140,36,81,2,,,,
010005,MARSHALL MEDICAL CENTERS,AL,Acute Care Hospitals,Government - Hospital District or Authority,3,141,37,81,2,73,9,0,0.0
010024,JACKSON HOSPITAL & CLINIC INC,AL,Acute Care Hospitals,Voluntary non-profit - Private,2,141,37,81,2,90,10,0,0.0
010006,NORTH ALABAMA MEDICAL CENTER,AL,Acute Care Hospitals,Proprietary,2,144,39,81,2,61,9,0,0.0
010021,DALE MEDICAL CENTER,AL,Acute Care Hospitals,Government - Hospital District or Authority,Not Available,145,40,81,2,65,3,1,33.3
010144,SPRINGHILL MEDICAL CENTER,AL,Acute Care Hospitals,Proprietary,3,146,41,81,2,52,9,2,22.2
010114,"MEDICAL WEST, AN AFFILIATE OF UAB HEALTH SYSTEM",AL,Acute Care Hospitals,Government - Hospital District or Authority,3,149,42,81,3,48,6,1,16.7
010065,RUSSELL MEDICAL CENTER,AL,Acute Care Hospitals,Voluntary non-profit - Private,3,151,43,81,3,67,9,0,0.0
010085,DECATUR MORGAN HOSPITAL - DECATUR CAMPUS,AL,Acute Care Hospitals,Government - Hospital District or Authority,3,153,44,81,3,45,7,0,0.0
010139,BAPTIST HEALTH BROOKWOOD HOSPITAL,AL,Acute Care Hospitals,Proprietary,3,155,45,81,3,61,8,0,0.0
010011,ST. VINCENT'S EAST,AL,Acute Care Hospitals,Voluntary non-profit - Private,3,156,46,81,3,72,8,2,25.0
010130,ST VINCENT'S ST CLAIR,AL,Acute Care Hospitals,Voluntary non-profit - Private,3,156,46,81,3,66,5,2,40.0
010089,WALKER BAPTIST MEDICAL CENTER,AL,Acute Care Hospitals,Proprietary,3,157,48,81,3,42,6,0,0.0
010035,CULLMAN REGIONAL MEDICAL CENTER,AL,Acute Care Hospitals,Government - Hospital District or Authority,2,158,49,81,3,98,7,0,0.0
010036,ANDALUSIA HEALTH,AL,Acute Care Hospitals,Proprietary,2,158,49,81,3,67,7,1,14.3
010046,RIVERVIEW REGIONAL MEDICAL CENTER,AL,Acute Care Hospitals,Proprietary,3,160,51,81,3,60,8,2,25.0
010091,GROVE HILL MEMORIAL HOSPITAL,AL,Acute Care Hospitals,Government - Hospital District or Authority,Not Available,162,52,81,3,,1,0,0.0
010099,D W MCMILLAN MEMORIAL HOSPITAL,AL,Acute Care Hospitals,Government - Hospital District or Authority,1,162,52,81,3,,4,1,25.0
010012,DEKALB REGIONAL MEDICAL CENTER,AL,Acute Care Hospitals,Proprietary,2,164,54,81,3,93,8,2,25.0
010173,ST VINCENT'S CHILTON,AL,Acute Care Hospitals,Voluntary non-profit - Church,Not Available,164,54,81,3,69,3,0,0.0
010131,CRESTWOOD MEDICAL CENTER,AL,Acute Care Hospitals,Proprietary,3,166,56,81,3,49,8,2,25.0
010103,PRINCETON BAPTIST MEDICAL CENTER,AL,Acute Care Hospitals,Voluntary non-profit - Church,3,168,57,81,3,39,9,1,11.1
010118,VAUGHAN REGIONAL MEDICAL CENTER PARKWAY CAMPUS,AL,Acute Care Hospitals,Proprietary,2,170,58,81,3,50,5,1,20.0
011307,MEDICAL CENTER BARBOUR,AL,Critical Access Hospitals,Government - Hospital District or Authority,Not Available,170,58,81,3,,,,
010061,HIGHLANDS MEDICAL CENTER,AL,Acute Care Hospitals,Government - Hospital District or Authority,3,172,60,81,3,43,6,0,0.0
010104,GRANDVIEW MEDICAL CENTER,AL,Acute Care Hospitals,Proprietary,3,176,61,81,3,64,11,4,36.4
010079,ATHENS LIMESTONE HOSPITAL,AL,Acute Care Hospitals,Government - Hospital District or Authority,2,183,62,81,4,64,7,2,28.6
010129,NORTH BALDWIN INFIRMARY,AL,Acute Care Hospitals,Voluntary non-profit - Private,3,183,62,81,4,68,7,0,0.0
010019,HELEN KELLER HOSPITAL,AL,Acute Care Hospitals,Government - Hospital District or Authority,2,185,64,81,4,61,7,1,14.3
010113,MOBILE INFIRMARY MEDICAL CENTER,AL,Acute Care Hospitals,Voluntary non-profit - Private,2,185,64,81,4,77,11,3,27.3
010016,SHELBY BAPTIST MEDICAL CENTER,AL,Acute Care Hospitals,Voluntary non-profit - Private,2,188,66,81,4,73,9,1,11.1
010100,THOMAS HOSPITAL,AL,Acute Care Hospitals,Voluntary non-profit - Private,2,189,67,81,4,82,9,2,22.2
010090,"USA HEALTH HCA PROVIDENCE HOSPITAL, LLC",AL,Acute Care Hospitals,Voluntary non-profit - Church,3,200,68,81,4,81,9,2,22.2
010029,THE EAST ALABAMA HEALTHCARE AUTHORITY,AL,Acute Care Hospitals,Government - Hospital District or Authority,3,202,69,81,4,74,11,2,18.2
010040,GADSDEN REGIONAL MEDICAL CENTER,AL,Acute Care Hospitals,Proprietary,2,202,69,81,4,41,9,1,11.1
010108,PRATTVILLE BAPTIST HOSPITAL,AL,Acute Care Hospitals,Government - Hospital District or Authority,3,208,71,81,4,61,5,0,0.0
010023,BAPTIST MEDICAL CENTER SOUTH,AL,Acute Care Hospitals,Government - Hospital District or Authority,2,214,72,81,4,52,11,2,18.2
010087,USA HEALTH UNIVERSITY HOSPITAL,AL,Acute Care Hospitals,Government - State,2,214,72,81,4,58,7,1,14.3
010033,UNIVERSITY OF ALABAMA HOSPITAL,AL,Acute Care Hospitals,Government - State,2,215,74,81,4,57,11,3,27.3
010001,SOUTHEAST HEALTH MEDICAL CENTER,AL,Acute Care Hospitals,Government - Hospital District or Authority,4,217,75,81,4,65,11,1,9.1
010055,FLOWERS HOSPITAL,AL,Acute Care Hospitals,Proprietary,2,224,76,81,4,62,9,2,22.2
010092,DCH REGIONAL MEDICAL CENTER,AL,Acute Care Hospitals,Government - Hospital District or Authority,2,228,77,81,4,61,9,4,44.4
010078,NORTHEAST ALABAMA REGIONAL MEDICAL CENTER,AL,Acute Care Hospitals,Government - Local,1,232,78,81,4,65,10,1,10.0
010149,BAPTIST MEDICAL CENTER EAST,AL,Acute Care Hospitals,Government - Hospital District or Authority,4,238,79,81,4,55,6,2,33.3
010056,ST VINCENT'S BIRMINGHAM,AL,Acute Care Hospitals,Voluntary non-profit - Private,3,245,80,81,4,52,9,2,22.2
010039,HUNTSVILLE HOSPITAL,AL,Acute Care Hospitals,Government - Hospital District or Authority,3,252,81,81,4,72,11,2,18.2
041302,DARDANELLE REGIONAL MEDICAL CENTER,AR,Critical Access Hospitals,Government - Local,Not Available,67,1,67,1,,2,0,0.0
040018,BAPTIST HEALTH - VAN BUREN,AR,Acute Care Hospitals,Voluntary non-profit - Private,Not Available,70,2,67,1,,,,
041318,MERCY HOSPITAL BOONEVILLE,AR,Critical Access Hospitals,Voluntary non-profit - Private,4,70,2,67,1,,3,0,0.0
041305,MERCY HOSPITAL WALDRON,AR,Critical Access Hospitals,Voluntary non-profit - Private,Not Available,76,4,67,1,,2,0,0.0
041317,DALLAS COUNTY MEDICAL CENTER,AR,Critical Access Hospitals,Government - Local,Not Available,82,5,67,1,,1,0,0.0
040001,SILOAM SPRINGS REGIONAL HOSPITAL,AR,Acute Care Hospitals,Proprietary,3,83,6,67,1,74,5,0,0.0
040011,CHAMBERS MEMORIAL HOSPITAL,AR,Acute Care Hospitals,Voluntary non-profit - Private,4,90,7,67,1,41,5,0,0.0
041309,LAWRENCE MEMORIAL HOSPITAL,AR,Critical Access Hospitals,Voluntary non-profit - Private,Not Available,93,8,67,1,,1,0,0.0
041324,CHI ST VINCENT MORRILTON,AR,Critical Access Hospitals,Voluntary non-profit - Church,Not Available,93,8,67,1,,3,0,0.0
041321,BAPTIST HEALTH MEDICAL CENTER-ARKADELPHIA,AR,Critical Access Hospitals,Voluntary non-profit - Private,Not Available,95,10,67,1,,4,0,0.0
040153,SOUTHWEST REGIONAL MEDICAL CENTER LLC,AR,Acute Care Hospitals,Proprietary,Not Available,98,11,67,1,,2,0,0.0
041334,MENA REGIONAL HEALTH SYSTEM,AR,Critical Access Hospitals,Voluntary non-profit - Other,Not Available,99,12,67,1,,,,
040076,BAPTIST HEALTH MEDICAL CENTER-HOT SPRINGS COUNTY,AR,Acute Care Hospitals,Voluntary non-profit - Private,Not Available,100,13,67,1,,2,0,0.0
040072,BAPTIST HEALTH MEDICAL CENTER-STUTTGART,AR,Acute Care Hospitals,Voluntary non-profit - Private,3,101,14,67,1,,5,0,0.0
040088,SOUTH ARKANSAS REGIONAL HOSPITAL LLC,AR,Acute Care Hospitals,Proprietary,3,102,15,67,1,66,7,0,0.0
041323,ASHLEY COUNTY MEDICAL CENTER,AR,Critical Access Hospitals,Voluntary non-profit - Private,4,104,16,67,1,,4,1,25.0
041332,UNITY HEALTH - NEWPORT,AR,Critical Access Hospitals,Government - Local,Not Available,104,16,67,1,,3,0,0.0
041311,HOWARD MEMORIAL HOSPITAL,AR,Critical Access Hospitals,Voluntary non-profit - Private,3,106,18,67,2,,3,1,33.3
041303,MERCY HOSPITAL OZARK,AR,Critical Access Hospitals,Voluntary non-profit - Private,Not Available,108,20,67,2,,1,0,0.0
041307,CROSSRIDGE COMMUNITY HOSPITAL,AR,Critical Access Hospitals,Voluntary non-profit - Private,Not Available,108,20,67,2,,4,0,0.0
041310,STONE COUNTY MEDICAL CENTER,AR,Critical Access Hospitals,Voluntary non-profit - Private,Not Available,109,22,67,2,,5,0,0.0
041328,CHICOT MEMORIAL MEDICAL CENTER,AR,Critical Access Hospitals,Voluntary non-profit - Private,Not Available,111,23,67,2,,2,0,0.0
041329,MERCY HOSPITAL BERRYVILLE,AR,Critical Access Hospitals,Voluntary non-profit - Private,Not Available,111,23,67,2,,3,0,0.0
040055,BAPTIST HEALTH - FORT SMITH,AR,Acute Care Hospitals,Voluntary non-profit - Private,2,114,25,67,2,72,10,1,10.0
041312,BAPTIST HEALTH MEDICAL CENTER HEBER SPRINGS,AR,Critical Access Hospitals,Voluntary non-profit - Private,3,115,26,67,2,,5,1,20.0
041326,DELTA MEMORIAL HOSPITAL,AR,Critical Access Hospitals,Voluntary non-profit - Private,Not Available,116,27,67,2,,2,0,0.0
041300,MERCY HOSPITAL PARIS,AR,Critical Access Hospitals,Voluntary non-profit - Private,5,117,28,67,2,,3,0,0.0
041330,PIGGOTT COMMUNITY HOSPITAL,AR,Critical Access Hospitals,Government - Local,3,120,29,67,2,,4,1,25.0
040022,NORTHWEST MEDICAL CENTER-SPRINGDALE,AR,Acute Care Hospitals,Proprietary,3,126,30,67,2,70,7,0,0.0
040051,BAPTIST HEALTH MEDICAL CENTER-DREW COUNTY,AR,Acute Care Hospitals,Voluntary non-profit - Private,2,126,30,67,2,55,5,2,40.0
040137,ST VINCENT MEDICAL CENTER/NORTH,AR,Acute Care Hospitals,Voluntary non-profit - Church,4,126,30,67,2,72,5,0,0.0
041327,BRADLEY COUNTY MEDICAL CENTER,AR,Critical Access Hospitals,Voluntary non-profit - Private,Not Available,126,30,67,2,,2,1,50.0
040118,"BAPTIST MEMORIAL HOSPITAL JONESBORO, INC.",AR,Acute Care Hospitals,Voluntary non-profit - Private,3,128,34,67,2,67,10,2,20.0
040119,WHITE RIVER MEDICAL CENTER,AR,Acute Care Hospitals,Voluntary non-profit - Private,3,129,35,67,3,77,10,1,10.0
040069,GREAT RIVER MEDICAL CENTER,AR,Acute Care Hospitals,Government - Local,2,130,36,67,3,,4,1,25.0
040164,UNITY HEALTH - JACKSONVILLE,AR,Acute Care Hospitals,Voluntary non-profit - Private,Not Available,130,36,67,3,,1,0,0.0
041306,IZARD REGIONAL HOSPITAL LLC,AR,Critical Access Hospitals,Voluntary non-profit - Private,Not Available,132,38,67,3,,2,0,0.0
040050,OUACHITA COUNTY MEDICAL CENTER,AR,Acute Care Hospitals,Voluntary non-profit - Private,2,141,39,67,3,49,5,2,40.0
041308,MCGEHEE HOSPITAL,AR,Critical Access Hospitals,Voluntary non-profit - Private,Not Available,142,40,67,3,,1,0,0.0
040002,JOHNSON REGIONAL MEDICAL CENTER,AR,Acute Care Hospitals,Voluntary non-profit - Private,4,144,41,67,3,71,6,0,0.0
040017,NORTH ARKANSAS REGIONAL MEDICAL CENTER,AR,Acute Care Hospitals,Voluntary non-profit - Private,2,146,42,67,3,58,9,0,0.0
040019,FORREST CITY MEDICAL CENTER,AR,Acute Care Hospitals,Proprietary,Not Available,146,42,67,3,94,3,0,0.0
040114,BAPTIST HEALTH MEDICAL CENTER-LITTLE ROCK,AR,Acute Care Hospitals,Voluntary non-profit - Private,3,146,42,67,3,86,9,4,44.4
040041,ST MARYS REGIONAL MEDICAL CENTER,AR,Acute Care Hospitals,Proprietary,4,147,45,67,3,53,8,0,0.0
040156,"BAPTIST MEMORIAL HOSPITAL-CRITTENDEN, INC",AR,Acute Care Hospitals,Voluntary non-profit - Private,Not Available,147,45,67,3,73,4,0,0.0
040154,BAPTIST HEALTH MEDICAL CENTER- CONWAY,AR,Acute Care Hospitals,Voluntary non-profit - Private,2,148,47,67,3,68,7,2,28.6
040078,NATIONAL PARK MEDICAL CENTER,AR,Acute Care Hospitals,Proprietary,2,150,48,67,3,52,9,1,11.1
041313,OZARK HEALTH,AR,Critical Access Hospitals,Voluntary non-profit - Private,4,150,48,67,3,,5,0,0.0
040147,ARKANSAS SURGICAL HOSPITAL,AR,Acute Care Hospitals,Physician,Not Available,152,50,67,3,,3,1,33.3
040084,SALINE MEMORIAL HOSPITAL,AR,Acute Care Hospitals,Proprietary,3,156,51,67,3,62,7,1,14.3
041320,LITTLE RIVER MEMORIAL HOSPITAL,AR,Critical Access Hospitals,Voluntary non-profit - Private,Not Available,160,52,67,4,,1,0,0.0
040010,MERCY HOSPITAL NORTHWEST ARKANSAS,AR,Acute Care Hospitals,Voluntary non-profit - Private,5,162,53,67,4,75,8,0,0.0
040026,CHI ST. VINCENT HOSPITAL HOT SPRINGS,AR,Acute Care Hospitals,Voluntary non-profit - Private,3,172,54,67,4,87,11,2,18.2
040029,"CONWAY REGIONAL MEDICAL CENTER, INC",AR,Acute Care Hospitals,Voluntary non-profit - Private,2,176,55,67,4,59,9,2,22.2
040039,ARKANSAS METHODIST MEDICAL CENTER,AR,Acute Care Hospitals,Voluntary non-profit - Private,2,178,56,67,4,37,8,1,12.5
040014,WHITE COUNTY MEDICAL CENTER,AR,Acute Care Hospitals,Voluntary non-profit - Private,2,180,57,67,4,61,10,2,20.0
040007,CHI-ST VINCENT INFIRMARY,AR,Acute Care Hospitals,Voluntary non-profit - Private,3,183,58,67,4,72,10,1,10.0
040161,ARKANSAS HEART HOSPITAL-ENCORE,AR,Acute Care Hospitals,Proprietary,2,188,59,67,4,62,6,2,33.3
040027,BAXTER HEALTH,AR,Acute Care Hospitals,Voluntary non-profit - Private,2,190,60,67,4,53,11,0,0.0
040071,JEFFERSON REGIONAL MEDICAL CENTER,AR,Acute Care Hospitals,Voluntary non-profit - Private,1,200,61,67,4,52,10,3,30.0
040062,MERCY HOSPITAL FORT SMITH,AR,Acute Care Hospitals,Voluntary non-profit - Private,3,210,62,67,4,68,11,1,9.1
040036,BAPTIST HEALTH MEDICAL CENTER NORTH LITTLE ROCK,AR,Acute Care Hospitals,Voluntary non-profit - Private,1,213,63,67,4,70,9,2,22.2
040004,WASHINGTON REGIONAL MEDICAL CENTER,AR,Acute Care Hospitals,Voluntary non-profit - Private,4,216,64,67,4,53,11,0,0.0
040020,ST BERNARDS MEDICAL CENTER,AR,Acute Care Hospitals,Voluntary non-profit - Private,1,223,65,67,4,85,10,4,40.0
040134,"ARKANSAS HEART HOSPITAL, LLC",AR,Acute Care Hospitals,Proprietary,3,240,66,67,4,68,8,3,37.5
040016,University of Arkansas Medical Sciences,AR,Acute Care Hospitals,Government - State,2,253,67,67,4,48,9,1,11.1
031304,PAGE HOSPITAL,AZ,Critical Access Hospitals,Government - Hospital District or Authority,Not Available,77,1,61,1,,,,
030139,DIGNITY HEALTH ARIZONA GENERAL HOSPITAL,AZ,Acute Care Hospitals,Voluntary non-profit - Private,5,90,2,61,1,,5,0,0.0
030136,DIGNITY HEALTH - ARIZONA GENERAL HOSPITAL,AZ,Acute Care Hospitals,Proprietary,Not Available,103,3,61,1,,2,0,0.0
031314,COBRE VALLEY REGIONAL MEDICAL CENTER,AZ,Critical Access Hospitals,Voluntary non-profit - Private,2,113,4,61,1,,9,3,33.3
031312,COPPER QUEEN COMMUNITY HOSPITAL,AZ,Critical Access Hospitals,Voluntary non-profit - Private,Not Available,124,5,61,1,,1,0,0.0
031308,HUHU KAM MEMORIAL HOSPITAL,AZ,Critical Access Hospitals,Government - Federal,Not Available,126,6,61,1,,,,
030101,WESTERN ARIZONA REGIONAL MEDICAL CENTER,AZ,Acute Care Hospitals,Proprietary,2,128,7,61,1,52,8,2,25.0
030094,ABRAZO ARROWHEAD HOSPITAL,AZ,Acute Care Hospitals,Proprietary,2,129,8,61,1,38,9,3,33.3
031311,LITTLE COLORADO MEDICAL CENTER,AZ,Critical Access Hospitals,Voluntary non-profit - Private,Not Available,132,9,61,1,,3,1,33.3
031315,WHITE MOUNTAIN REGIONAL MEDICAL CENTER,AZ,Critical Access Hospitals,Voluntary non-profit - Private,Not Available,132,9,61,1,,3,1,33.3
031319,MT. GRAHAM REGIONAL MEDICAL CENTER,AZ,Critical Access Hospitals,Government - Hospital District or Authority,Not Available,132,9,61,1,46,4,0,0.0
030036,CHANDLER REGIONAL MEDICAL CENTER,AZ,Acute Care Hospitals,Voluntary non-profit - Private,4,137,12,61,1,63,10,1,10.0
030073,TUBA CITY REGIONAL HEALTH CARE CORPORATION,AZ,Acute Care Hospitals,Voluntary non-profit - Other,Not Available,138,13,61,1,81,2,0,0.0
030114,ORO VALLEY HOSPITAL,AZ,Acute Care Hospitals,Proprietary,3,140,14,61,1,51,8,0,0.0
031313,HOLY CROSS HOSPITAL,AZ,Critical Access Hospitals,Proprietary,Not Available,141,15,61,1,64,,,
031318,BANNER PAYSON MEDICAL CENTER,AZ,Critical Access Hospitals,Voluntary non-profit - Other,4,143,16,61,1,,6,1,16.7
030134,BANNER GOLDFIELD MEDICAL CENTER,AZ,Acute Care Hospitals,Voluntary non-profit - Other,5,150,17,61,2,72,3,0,0.0
030117,VALLEY VIEW MEDICAL CENTER,AZ,Acute Care Hospitals,Proprietary,2,153,18,61,2,33,6,0,0.0
031301,BENSON HOSPITAL,AZ,Critical Access Hospitals,Voluntary non-profit - Private,Not Available,155,19,61,2,,,,
030083,ABRAZO SCOTTSDALE CAMPUS,AZ,Acute Care Hospitals,Proprietary,3,157,20,61,2,48,6,0,0.0
031300,WICKENBURG COMMUNITY HOSPITAL,AZ,Critical Access Hospitals,Voluntary non-profit - Other,Not Available,157,20,61,2,,2,0,0.0
030007,VERDE VALLEY MEDICAL CENTER,AZ,Acute Care Hospitals,Voluntary non-profit - Private,4,162,22,61,2,75,9,1,11.1
030037,HONORHEALTH TEMPE MEDICAL CENTER,AZ,Acute Care Hospitals,Proprietary,Not Available,163,23,61,2,58,2,0,0.0
030030,ABRAZO CENTRAL CAMPUS,AZ,Acute Care Hospitals,Physician,2,166,24,61,2,40,5,0,0.0
030011,ST JOSEPH'S HOSPITAL,AZ,Acute Care Hospitals,Voluntary non-profit - Other,3,170,25,61,2,45,8,0,0.0
030123,HONORHEALTH SCOTTSDALE THOMPSON PEAK MED CTR,AZ,Acute Care Hospitals,Voluntary non-profit - Private,5,172,26,61,2,64,8,0,0.0
030016,BANNER CASA GRANDE MEDICAL CENTER,AZ,Acute Care Hospitals,Voluntary non-profit - Other,2,175,27,61,2,47,7,3,42.9
030024,ST JOSEPHS HOSPITAL AND MEDICAL CENTER,AZ,Acute Care Hospitals,Voluntary non-profit - Church,4,177,28,61,2,65,10,1,10.0
030087,HONORHEALTH SCOTTSDALE SHEA MEDICAL CENTER,AZ,Acute Care Hospitals,Proprietary,3,177,28,61,2,57,11,0,0.0
030062,SUMMIT HEALTHCARE REGIONAL MEDICAL CENTER,AZ,Acute Care Hospitals,Voluntary non-profit - Private,4,178,30,61,2,67,10,0,0.0
030110,ABRAZO WEST CAMPUS,AZ,Acute Care Hospitals,Proprietary,2,179,31,61,2,33,7,0,0.0
030148,NORTHWEST MEDICAL CENTER SAHUARITA,AZ,Acute Care Hospitals,Voluntary non-profit - Private,3,179,31,61,3,61,6,1,16.7
030013,YUMA REGIONAL MEDICAL CENTER,AZ,Acute Care Hospitals,Voluntary non-profit - Private,2,180,33,61,3,50,11,1,9.1
030010,ST. MARY'S HOSPITAL,AZ,Acute Care Hospitals,Voluntary non-profit - Private,2,186,34,61,3,40,8,1,12.5
030121,HONORHEALTH FOUR PEAKS MEDICAL CENTER,AZ,Acute Care Hospitals,Proprietary,2,186,34,61,3,53,8,1,12.5
030147,BANNER OCOTILLO MEDICAL CENTER,AZ,Acute Care Hospitals,Voluntary non-profit - Private,3,189,36,61,3,75,5,2,40.0
030012,YAVAPAI REGIONAL MEDICAL CENTER,AZ,Acute Care Hospitals,Voluntary non-profit - Private,2,191,37,61,3,61,11,2,18.2
030014,HONOR HEALTH JOHN C. LINCOLN MEDICAL CENTER,AZ,Acute Care Hospitals,Voluntary non-profit - Private,3,194,38,61,3,64,10,2,20.0
030092,HONORHEALTH DEER VALLEY MEDICAL CENTER,AZ,Acute Care Hospitals,Voluntary non-profit - Private,3,197,39,61,3,59,9,1,11.1
030038,HONORHEALTH SCOTTSDALE OSBORN MEDICAL CENTER,AZ,Acute Care Hospitals,Proprietary,3,198,40,61,3,66,8,2,25.0
030103,MAYO CLINIC HOSPITAL,AZ,Acute Care Hospitals,Voluntary non-profit - Private,5,199,41,61,3,67,11,0,0.0
030022,VALLEYWISE HEALTH MEDICAL CENTER,AZ,Acute Care Hospitals,Government - Local,1,200,42,61,3,91,3,2,66.7
030043,CANYON VISTA MEDICAL CENTER,AZ,Acute Care Hospitals,Voluntary non-profit - Other,2,203,43,61,3,52,8,4,50.0
030146,HONORHEALTH SONORAN CROSSING MEDICAL CENTER,AZ,Acute Care Hospitals,Voluntary non-profit - Private,4,205,44,61,3,70,6,1,16.7
030006,TUCSON MEDICAL CENTER,AZ,Acute Care Hospitals,Voluntary non-profit - Private,2,207,45,61,3,62,11,3,27.3
030055,KINGMAN REGIONAL MEDICAL CENTER,AZ,Acute Care Hospitals,Government - Hospital District or Authority,3,211,46,61,3,54,9,1,11.1
030119,MERCY GILBERT MEDICAL CENTER,AZ,Acute Care Hospitals,Voluntary non-profit - Church,5,220,47,61,4,84,10,0,0.0
030130,BANNER IRONWOOD MEDICAL CENTER,AZ,Acute Care Hospitals,Voluntary non-profit - Private,3,220,47,61,4,59,6,0,0.0
030023,FLAGSTAFF MEDICAL CENTER,AZ,Acute Care Hospitals,Voluntary non-profit - Private,4,221,49,61,4,79,11,1,9.1
030122,BANNER GATEWAY MEDICAL CENTER,AZ,Acute Care Hospitals,Voluntary non-profit - Other,3,223,50,61,4,55,8,0,0.0
030069,HAVASU REGIONAL MEDICAL CENTER,AZ,Acute Care Hospitals,Proprietary,3,226,51,61,4,79,11,1,9.1
030061,BANNER BOSWELL MEDICAL CENTER,AZ,Acute Care Hospitals,Voluntary non-profit - Other,3,227,52,61,4,46,9,3,33.3
030089,BANNER THUNDERBIRD MEDICAL CENTER,AZ,Acute Care Hospitals,Government - Hospital District or Authority,4,236,53,61,4,62,10,2,20.0
030093,BANNER DEL E. WEBB MEDICAL CENTER,AZ,Acute Care Hospitals,Voluntary non-profit - Private,3,239,54,61,4,62,8,2,25.0
030085,NORTHWEST MEDICAL CENTER,AZ,Acute Care Hospitals,Proprietary,2,240,55,61,4,54,11,1,9.1
030115,BANNER ESTRELLA MEDICAL CENTER,AZ,Acute Care Hospitals,Voluntary non-profit - Private,3,243,56,61,4,53,8,1,12.5
030002,BANNER - UNIVERSITY MEDICAL CENTER PHOENIX,AZ,Acute Care Hospitals,Voluntary non-profit - Other,3,265,57,61,4,49,10,2,20.0
030088,BANNER BAYWOOD MEDICAL CENTER,AZ,Acute Care Hospitals,Voluntary non-profit - Private,2,266,58,61,4,48,9,1,11.1
030065,BANNER DESERT MEDICAL CENTER,AZ,Acute Care Hospitals,Voluntary non-profit - Private,2,269,59,61,4,48,8,1,12.5
030111,BANNER-UNIVERSITY MEDICAL CENTER SOUTH CAMPUS,AZ,Acute Care Hospitals,Voluntary non-profit - Private,4,275,60,61,4,52,6,0,0.0
030064,BANNER - UNIVERSITY MEDICAL CENTER TUCSON CAMPUS,AZ,Acute Care Hospitals,Voluntary non-profit - Private,3,306,61,61,4,46,10,0,0.0
051315,TRINITY HOSPITAL,CA,Critical Access Hospitals,Government - Hospital District or Authority,Not Available,70,1,266,1,,2,0,0.0
051336,SOUTHERN MONTEREY COUNTY MEMORIAL HOSPITAL,CA,Critical Access Hospitals,Voluntary non-profit - Other,Not Available,75,2,266,1,,1,0,0.0
050738,GREATER EL MONTE COMMUNITY HOSPITAL,CA,Acute Care Hospitals,Voluntary non-profit - Private,2,78,3,266,1,56,4,1,25.0
050736,MONTEREY PARK HOSPITAL,CA,Acute Care Hospitals,Proprietary,2,88,4,266,1,71,4,2,50.0
051321,HEALDSBURG HOSPITAL,CA,Critical Access Hospitals,Voluntary non-profit - Private,Not Available,94,5,266,1,76,3,1,33.3
051330,MODOC MEDICAL CENTER,CA,Critical Access Hospitals,Government - Hospital District or Authority,4,94,5,266,1,,3,0,0.0
051300,EASTERN PLUMAS HOSPITAL - PORTOLA CAMPUS,CA,Critical Access Hospitals,Government - Hospital District or Authority,Not Available,96,7,266,1,,,,
051319,MERCY MEDICAL CENTER OF MT SHASTA,CA,Critical Access Hospitals,Voluntary non-profit - Other,4,96,7,266,1,75,5,1,20.0
050735,WHITTIER HOSPITAL MEDICAL CENTER,CA,Acute Care Hospitals,Proprietary,4,100,9,266,1,83,5,1,20.0
051327,SENECA DISTRICT HOSPITAL,CA,Critical Access Hospitals,Government - Hospital District or Authority,Not Available,102,10,266,1,,,,
051302,SOUTHERN INYO HOSPITAL,CA,Critical Access Hospitals,Government - Hospital District or Authority,Not Available,104,11,266,1,,1,0,0.0
051305,MAYERS MEMORIAL HOSPITAL,CA,Critical Access Hospitals,Government - Hospital District or Authority,Not Available,104,11,266,1,,2,0,0.0
05039F,NH Twentynine Palms,CA,Acute Care - Department of Defense,Department of Defense,Not Available,108,13,266,1,,,,
051310,ADVENTIST HEALTH HOWARD MEMORIAL,CA,Critical Access Hospitals,Voluntary non-profit - Private,5,108,13,266,1,,6,0,0.0
050783,COLUSA MEDICAL CENTER,CA,Acute Care Hospitals,Proprietary,1,110,15,266,1,11,4,0,0.0
051334,COMMUNITY MEMORIAL HOSPITAL - OJAI,CA,Critical Access Hospitals,Voluntary non-profit - Private,Not Available,110,15,266,1,,1,0,0.0
051326,PLUMAS DISTRICT HOSPITAL,CA,Critical Access Hospitals,Government - Hospital District or Authority,Not Available,114,17,266,1,,3,1,33.3
051328,TAHOE FOREST HOSPITAL,CA,Critical Access Hospitals,Government - Hospital District or Authority,3,114,17,266,1,96,7,1,14.3
051324,NORTHERN INYO HOSPITAL,CA,Critical Access Hospitals,Government - Hospital District or Authority,3,115,19,266,1,59,5,1,20.0
050127,WOODLAND MEMORIAL HOSPITAL,CA,Acute Care Hospitals,Voluntary non-profit - Other,5,116,20,266,1,90,8,0,0.0
051320,BANNER LASSEN MEDICAL CENTER,CA,Critical Access Hospitals,Voluntary non-profit - Private,3,116,20,266,1,,6,0,0.0
050028,MAD RIVER COMMUNITY HOSPITAL,CA,Acute Care Hospitals,Proprietary,1,118,22,266,1,58,7,0,0.0
051303,MAMMOTH HOSPITAL,CA,Critical Access Hospitals,Government - Hospital District or Authority,Not Available,118,22,266,1,,2,0,0.0
050090,SONOMA VALLEY HOSPITAL,CA,Acute Care Hospitals,Government - Hospital District or Authority,2,122,24,266,1,84,6,0,0.0
050197,SEQUOIA HOSPITAL,CA,Acute Care Hospitals,Voluntary non-profit - Private,5,124,25,266,1,90,9,0,0.0
051304,JOHN C FREMONT HEALTHCARE DISTRICT,CA,Critical Access Hospitals,Government - Hospital District or Authority,Not Available,124,25,266,1,,2,1,50.0
051306,GLENN MEDICAL CENTER,CA,Critical Access Hospitals,Proprietary,Not Available,125,27,266,1,,2,0,0.0
05041F,Weed ACH (FT Irwin),CA,Acute Care - Department of Defense,Department of Defense,Not Available,126,28,266,1,,,,
050234,SHARP CORONADO HOSPITAL AND HLTHCR CTR,CA,Acute Care Hospitals,Proprietary,4,128,29,266,1,69,7,1,14.3
051323,COLORADO RIVER MEDICAL CENTER,CA,Critical Access Hospitals,Voluntary non-profit - Private,Not Available,128,29,266,1,,1,0,0.0
051332,MARK TWAIN MEDICAL CENTER,CA,Critical Access Hospitals,Voluntary non-profit - Other,3,128,29,266,1,63,8,1,12.5
050067,OAK VALLEY HOSPITAL DISTRICT,CA,Acute Care Hospitals,Government - Hospital District or Authority,1,130,32,266,1,72,4,2,50.0
050417,SUTTER COAST HOSPITAL,CA,Acute Care Hospitals,Government - Hospital District or Authority,2,130,32,266,1,67,9,2,22.2
050468,MEMORIAL HOSPITAL OF GARDENA,CA,Acute Care Hospitals,Proprietary,1,132,34,266,1,41,4,1,25.0
051312,MOUNTAINS COMMUNITY HOSPITAL,CA,Critical Access Hospitals,Government - Hospital District or Authority,Not Available,132,34,266,1,,1,0,0.0
050101,SUTTER SOLANO MEDICAL CENTER,CA,Acute Care Hospitals,Voluntary non-profit - Private,3,134,36,266,1,71,9,1,11.1
050132,SAN GABRIEL VALLEY MEDICAL CENTER,CA,Acute Care Hospitals,Proprietary,4,134,36,266,1,95,5,1,20.0
050352,BARTON MEMORIAL HOSPITAL,CA,Acute Care Hospitals,Voluntary non-profit - Private,3,134,36,266,1,65,5,1,20.0
051325,ADVENTIST HEALTH MENDOCINO COAST,CA,Critical Access Hospitals,Voluntary non-profit - Private,3,134,36,266,1,,7,0,0.0
050158,ENCINO HOSPITAL MEDICAL CENTER,CA,Acute Care Hospitals,Proprietary,3,135,40,266,1,66,4,0,0.0
050380,GOOD SAMARITAN HOSPITAL,CA,Acute Care Hospitals,Proprietary,2,135,40,266,1,70,9,4,44.4
051331,SANTA YNEZ VALLEY COTTAGE HOSPITAL,CA,Critical Access Hospitals,Voluntary non-profit - Private,Not Available,135,40,266,1,,3,0,0.0
050042,ST ELIZABETH COMMUNITY HOSPITAL,CA,Acute Care Hospitals,Voluntary non-profit - Church,4,136,43,266,1,78,8,0,0.0
050498,SUTTER AUBURN FAITH HOSPITAL,CA,Acute Care Hospitals,Voluntary non-profit - Private,5,136,43,266,1,73,9,0,0.0
051329,SUTTER LAKESIDE HOSPITAL,CA,Critical Access Hospitals,Voluntary non-profit - Private,4,137,45,266,1,63,6,0,0.0
050013,ADVENTIST HEALTH ST HELENA,CA,Acute Care Hospitals,Voluntary non-profit - Private,4,138,46,266,1,74,10,1,10.0
050230,GARDEN GROVE HOSPITAL & MEDICAL CENTER,CA,Acute Care Hospitals,Proprietary,2,138,46,266,1,76,5,1,20.0
050014,SUTTER AMADOR HOSPITAL,CA,Acute Care Hospitals,Voluntary non-profit - Private,4,139,48,266,1,70,9,1,11.1
05015F,60th Medical Group (Travis AFB),CA,Acute Care - Department of Defense,Department of Defense,Not Available,139,48,266,1,56,,,
050407,CHINESE HOSPITAL,CA,Acute Care Hospitals,Voluntary non-profit - Private,2,139,48,266,1,80,8,1,12.5
050152,UCSF HEALTH SAINT FRANCIS HOSPITAL,CA,Acute Care Hospitals,Voluntary non-profit - Private,3,140,51,266,1,70,7,2,28.6
050204,PALMDALE REGIONAL MEDICAL CENTER,CA,Acute Care Hospitals,Proprietary,3,140,51,266,1,58,7,1,14.3
050633,ADVENTIST HEALTH TWIN CITIES,CA,Acute Care Hospitals,Proprietary,2,140,51,266,1,57,7,2,28.6
051316,FAIRCHILD MEDICAL CENTER,CA,Critical Access Hospitals,Voluntary non-profit - Other,2,141,54,266,1,,7,0,0.0
050281,ALHAMBRA HOSPITAL MEDICAL CENTER,CA,Acute Care Hospitals,Proprietary,4,142,55,266,1,62,3,1,33.3
050192,ADVENTIST HEALTH REEDLEY,CA,Acute Care Hospitals,Voluntary non-profit - Private,Not Available,143,56,266,1,,2,0,0.0
051335,BEAR VALLEY COMMUNITY HOSPITAL,CA,Critical Access Hospitals,Government - Hospital District or Authority,Not Available,143,56,266,1,,,,
050226,AHMC ANAHEIM REGIONAL MEDICAL CENTER,CA,Acute Care Hospitals,Voluntary non-profit - Private,4,144,58,266,1,85,8,2,25.0
050506,ADVENTIST HEALTH SIERRA VISTA,CA,Acute Care Hospitals,Proprietary,3,144,58,266,1,58,7,1,14.3
050737,GARFIELD MEDICAL CENTER,CA,Acute Care Hospitals,Proprietary,1,146,60,266,1,70,8,3,37.5
050089,COMMUNITY HOSPITAL OF SAN BERNARDINO,CA,Acute Care Hospitals,Voluntary non-profit - Private,3,147,61,266,1,50,3,1,33.3
050301,ADVENTIST HEALTH UKIAH VALLEY,CA,Acute Care Hospitals,Voluntary non-profit - Private,4,148,62,266,1,74,8,0,0.0
050496,JOHN MUIR MEDICAL CENTER - CONCORD CAMPUS,CA,Acute Care Hospitals,Voluntary non-profit - Private,4,148,62,266,1,70,11,1,9.1
050534,JOHN F KENNEDY MEMORIAL HOSPITAL,CA,Acute Care Hospitals,Proprietary,2,148,62,266,1,27,7,0,0.0
050537,SUTTER DAVIS HOSPITAL,CA,Acute Care Hospitals,Voluntary non-profit - Private,4,148,62,266,1,72,8,0,0.0
050764,SHASTA REGIONAL MEDICAL CENTER,CA,Acute Care Hospitals,Proprietary,2,148,62,266,1,59,9,2,22.2
051309,JEROLD PHELPS COMMUNITY HOSPITAL,CA,Critical Access Hospitals,Government - Hospital District or Authority,Not Available,148,62,266,1,,,,
05020F,NH Camp Pendleton,CA,Acute Care - Department of Defense,Department of Defense,Not Available,149,68,266,2,,,,
050278,PROVIDENCE HOLY CROSS MEDICAL CENTER,CA,Acute Care Hospitals,Voluntary non-profit - Church,4,149,68,266,2,78,10,2,20.0
050357,GOLETA VALLEY COTTAGE HOSPITAL,CA,Acute Care Hospitals,Voluntary non-profit - Other,5,149,68,266,2,76,5,1,20.0
050663,LOS ANGELES COMMUNITY HOSPITAL,CA,Acute Care Hospitals,Proprietary,3,149,68,266,2,37,5,0,0.0
050689,SAN RAMON REGIONAL MEDICAL CENTER,CA,Acute Care Hospitals,Proprietary,4,149,68,266,2,81,8,1,12.5
050248,NATIVIDAD MEDICAL CENTER,CA,Acute Care Hospitals,Government - Local,3,150,73,266,2,69,6,0,0.0
050744,ANAHEIM GLOBAL MEDICAL CENTER,CA,Acute Care Hospitals,Proprietary,2,151,74,266,2,49,3,0,0.0
050758,MONTCLAIR HOSPITAL MEDICAL CENTER,CA,Acute Care Hospitals,Voluntary non-profit - Private,3,151,74,266,2,61,4,1,25.0
050009,PROVIDENCE QUEEN OF THE VALLEY MEDICAL CENTER,CA,Acute Care Hospitals,Voluntary non-profit - Private,4,152,76,266,2,65,11,0,0.0
050038,SANTA CLARA VALLEY MEDICAL CENTER,CA,Acute Care Hospitals,Government - Local,2,152,76,266,2,72,11,1,9.1
050150,SIERRA NEVADA MEMORIAL HOSPITAL,CA,Acute Care Hospitals,Voluntary non-profit - Other,3,152,76,266,2,72,9,0,0.0
050780,FOOTHILL REGIONAL MEDICAL CENTER,CA,Acute Care Hospitals,Proprietary,3,152,76,266,2,32,4,0,0.0
050122,DAMERON HOSPITAL,CA,Acute Care Hospitals,Voluntary non-profit - Other,2,153,81,266,2,63,8,0,0.0
050131,NOVATO COMMUNITY HOSPITAL,CA,Acute Care Hospitals,Voluntary non-profit - Private,5,153,81,266,2,60,7,0,0.0
050191,ST MARY MEDICAL CENTER,CA,Acute Care Hospitals,Voluntary non-profit - Church,5,153,81,266,2,76,6,1,16.7
050211,ALAMEDA HOSPITAL,CA,Acute Care Hospitals,Government - Hospital District or Authority,4,153,81,266,2,77,4,0,0.0
050755,SHERMAN OAKS HOSPITAL,CA,Acute Care Hospitals,Voluntary non-profit - Private,2,153,81,266,2,71,5,2,40.0
050779,"MARTIN LUTHER KING, JR. COMMUNITY HOSPITAL",CA,Acute Care Hospitals,Voluntary non-profit - Private,4,153,81,266,2,76,4,1,25.0
050771,COAST PLAZA HOSPITAL,CA,Acute Care Hospitals,Proprietary,1,154,87,266,2,36,3,0,0.0
051337,HAZEL HAWKINS MEMORIAL HOSPITAL,CA,Critical Access Hospitals,Government - Hospital District or Authority,Not Available,154,87,266,2,,2,0,0.0
050279,HI-DESERT MEDICAL CENTER,CA,Acute Care Hospitals,Government - Hospital District or Authority,2,155,89,266,2,60,3,1,33.3
050588,SAN DIMAS COMMUNITY HOSPITAL,CA,Acute Care Hospitals,Proprietary,2,155,89,266,2,70,5,2,40.0
050761,PROVIDENCE CEDARS SINAI TARZANA MEDICAL CENTER,CA,Acute Care Hospitals,Voluntary non-profit - Private,3,155,89,266,2,85,8,3,37.5
050608,ADVENTIST HEALTH DELANO,CA,Acute Care Hospitals,Proprietary,2,156,92,266,2,78,4,1,25.0
050481,UCLA WEST VALLEY MEDICAL CENTER,CA,Acute Care Hospitals,Proprietary,2,157,93,266,2,65,8,3,37.5
050678,MEMORIALCARE ORANGE COAST MEDICAL CENTER,CA,Acute Care Hospitals,Proprietary,4,157,93,266,2,77,11,0,0.0
051318,PROVIDENCE REDWOOD MEMORIAL HOSPITAL,CA,Critical Access Hospitals,Voluntary non-profit - Private,4,158,95,266,2,,8,0,0.0
050308,EL CAMINO HEALTH,CA,Acute Care Hospitals,Government - Hospital District or Authority,4,159,96,266,2,77,11,1,9.1
050174,PROVIDENCE SANTA ROSA MEMORIAL HOSPITAL,CA,Acute Care Hospitals,Voluntary non-profit - Private,3,160,97,266,2,60,11,1,9.1
050236,ADVENTIST HEALTH SIMI VALLEY,CA,Acute Care Hospitals,Voluntary non-profit - Private,2,160,97,266,2,81,8,3,37.5
050528,MEMORIAL HOSPITAL LOS BANOS,CA,Acute Care Hospitals,Voluntary non-profit - Private,3,160,97,266,2,55,3,0,0.0
050745,CHAPMAN GLOBAL MEDICAL CENTER,CA,Acute Care Hospitals,Proprietary,2,160,97,266,2,41,4,1,25.0
050570,UCI HEALTH - FOUNTAIN VALLEY,CA,Acute Care Hospitals,Proprietary,2,161,101,266,2,63,8,1,12.5
050008,CALIFORNIA PACIFIC MEDICAL CTR-DAVIES CAMPUS HOSP,CA,Acute Care Hospitals,Voluntary non-profit - Other,3,162,102,266,2,74,5,1,20.0
050313,SUTTER TRACY COMMUNITY HOSPITAL,CA,Acute Care Hospitals,Proprietary,4,162,102,266,2,62,7,0,0.0
050597,EMANATE HEALTH FOOTHILL PRESBYTERIAN HOSPITAL,CA,Acute Care Hospitals,Voluntary non-profit - Private,3,163,104,266,2,68,6,0,0.0
050549,LOS ROBLES HOSPITAL & MEDICAL CENTER,CA,Acute Care Hospitals,Proprietary,4,164,105,266,2,67,9,2,22.2
050136,PETALUMA VALLEY HOSPITAL,CA,Acute Care Hospitals,Voluntary non-profit - Other,4,165,106,266,2,62,7,1,14.3
050457,UCSF HEALTH ST. MARY'S HOSPITAL,CA,Acute Care Hospitals,Voluntary non-profit - Private,4,165,106,266,2,75,9,0,0.0
050078,PROVIDENCE LITTLE CO OF MARY MED CTR SAN PEDRO,CA,Acute Care Hospitals,Voluntary non-profit - Private,4,166,108,266,2,75,6,0,0.0
050102,PARKVIEW COMMUNITY HOSPITAL MEDICAL CENTER,CA,Acute Care Hospitals,Proprietary,3,166,108,266,2,62,5,1,20.0
05022F,NMC San Diego,CA,Acute Care - Department of Defense,Department of Defense,Not Available,166,108,266,2,59,,,
050002,ST ROSE HOSPITAL,CA,Acute Care Hospitals,Voluntary non-profit - Church,1,167,111,266,2,66,5,2,40.0
050232,FRENCH HOSPITAL MEDICAL CENTER,CA,Acute Care Hospitals,Voluntary non-profit - Private,5,167,111,266,2,80,9,0,0.0
050118,DOCTORS HOSPITAL OF MANTECA,CA,Acute Care Hospitals,Voluntary non-profit - Other,2,168,113,266,2,60,6,2,33.3
050110,LOMPOC VALLEY MEDICAL CENTER,CA,Acute Care Hospitals,Government - Hospital District or Authority,1,169,114,266,2,51,9,2,22.2
050006,PROVIDENCE ST JOSEPH HOSPITAL,CA,Acute Care Hospitals,Voluntary non-profit - Private,4,170,115,266,2,46,11,0,0.0
050298,BARSTOW COMMUNITY HOSPITAL,CA,Acute Care Hospitals,Proprietary,1,170,115,266,2,86,4,0,0.0
050523,SUTTER DELTA MEDICAL CENTER,CA,Acute Care Hospitals,Voluntary non-profit - Private,3,170,115,266,2,73,7,2,28.6
051314,KERN VALLEY HEALTHCARE DISTRICT,CA,Critical Access Hospitals,Government - Hospital District or Authority,3,170,115,266,2,,3,0,0.0
051339,PALO VERDE HOSPITAL,CA,Critical Access Hospitals,Government - Hospital District or Authority,Not Available,170,115,266,2,,,,
050017,MERCY GENERAL HOSPITAL,CA,Acute Care Hospitals,Voluntary non-profit - Private,3,171,120,266,2,76,9,3,33.3
050082,ST JOHNS REGIONAL MEDICAL CENTER,CA,Acute Care Hospitals,Voluntary non-profit - Private,4,171,120,266,2,74,11,1,9.1
050145,COMMUNITY HOSPITAL OF THE MONTEREY PENINSULA,CA,Acute Care Hospitals,Voluntary non-profit - Private,4,171,120,266,2,55,11,0,0.0
050121,ADVENTIST HEALTH HANFORD,CA,Acute Care Hospitals,Voluntary non-profit - Church,3,172,123,266,2,85,7,2,28.6
050254,MARSHALL MEDICAL CENTER,CA,Acute Care Hospitals,Voluntary non-profit - Private,4,172,123,266,2,85,9,0,0.0
050624,HENRY MAYO NEWHALL  HOSPITAL,CA,Acute Care Hospitals,Voluntary non-profit - Private,2,172,123,266,2,88,7,3,42.9
050526,HUNTINGTON BEACH HOSPITAL,CA,Acute Care Hospitals,Proprietary,1,173,126,266,2,61,3,2,66.7
050586,CHINO VALLEY MEDICAL CENTER,CA,Acute Care Hospitals,Proprietary,4,173,126,266,2,70,3,0,0.0
050709,DESERT VALLEY HOSPITAL,CA,Acute Care Hospitals,Proprietary,3,173,126,266,2,29,8,1,12.5
050107,MARIAN REGIONAL MEDICAL CENTER,CA,Acute Care Hospitals,Voluntary non-profit - Church,3,174,129,266,2,71,11,2,18.2
051311,ORCHARD HOSPITAL,CA,Critical Access Hospitals,Voluntary non-profit - Private,Not Available,174,129,266,2,,3,0,0.0
050276,CONTRA COSTA REGIONAL MEDICAL CENTER,CA,Acute Care Hospitals,Government - Local,4,175,131,266,2,46,6,1,16.7
050335,ADVENTIST HEALTH SONORA,CA,Acute Care Hospitals,Voluntary non-profit - Church,3,175,131,266,2,86,9,1,11.1
050414,MERCY HOSPITAL OF FOLSOM,CA,Acute Care Hospitals,Voluntary non-profit - Private,4,175,131,266,2,77,7,2,28.6
050261,SIERRA VIEW MEDICAL CENTER,CA,Acute Care Hospitals,Voluntary non-profit - Private,3,176,134,266,2,77,10,0,0.0
051301,ADVENTIST HEALTH TEHACHAPI VALLEY,CA,Critical Access Hospitals,Voluntary non-profit - Private,3,176,134,266,3,,4,1,25.0
051317,ADVENTIST HEALTH CLEARLAKE,CA,Critical Access Hospitals,Voluntary non-profit - Private,2,176,134,266,3,,6,0,0.0
050113,SAN MATEO MEDICAL CENTER,CA,Acute Care Hospitals,Government - Local,Not Available,177,137,266,3,76,3,0,0.0
050180,JOHN MUIR MEDICAL CENTER - WALNUT CREEK CAMPUS,CA,Acute Care Hospitals,Voluntary non-profit - Other,2,177,137,266,3,61,10,2,20.0
050351,TORRANCE MEMORIAL MEDICAL CENTER,CA,Acute Care Hospitals,Voluntary non-profit - Other,5,177,137,266,3,69,11,3,27.3
050360,MARINHEALTH MEDICAL CENTER,CA,Acute Care Hospitals,Government - Hospital District or Authority,5,177,137,266,3,65,11,0,0.0
050007,PENINSULA MEDICAL CENTER,CA,Acute Care Hospitals,Voluntary non-profit - Private,5,178,141,266,3,76,11,1,9.1
050159,VENTURA COUNTY MEDICAL CENTER,CA,Acute Care Hospitals,Government - Local,2,178,141,266,3,69,9,2,22.2
050396,SANTA BARBARA COTTAGE HOSPITAL,CA,Acute Care Hospitals,Voluntary non-profit - Private,4,179,143,266,3,65,11,2,18.2
050641,EAST LOS ANGELES DOCTORS HOSPITAL,CA,Acute Care Hospitals,Proprietary,1,179,143,266,3,41,3,0,0.0
050039,ENLOE HEALTH,CA,Acute Care Hospitals,Voluntary non-profit - Private,3,180,145,266,3,88,11,2,18.2
050194,WATSONVILLE COMMUNITY HOSPITAL,CA,Acute Care Hospitals,Proprietary,2,180,145,266,3,60,6,2,33.3
050195,WASHINGTON HOSPITAL,CA,Acute Care Hospitals,Government - Hospital District or Authority,2,180,145,266,3,88,11,4,36.4
050324,SCRIPPS MEMORIAL HOSPITAL LA JOLLA,CA,Acute Care Hospitals,Physician,5,180,145,266,3,86,9,1,11.1
050740,CEDAR-SINAI MARINA DEL REY HOSPITAL,CA,Acute Care Hospitals,Proprietary,4,180,145,266,3,82,7,2,28.6
050747,COASTAL COMMUNITIES HOSPITAL,CA,Acute Care Hospitals,Proprietary,1,180,145,266,3,38,2,0,0.0
050129,ST BERNARDINE MEDICAL CENTER,CA,Acute Care Hospitals,Voluntary non-profit - Private,2,181,151,266,3,77,8,1,12.5
050243,DESERT REGIONAL MEDICAL CENTER,CA,Acute Care Hospitals,Proprietary,2,181,151,266,3,50,9,2,22.2
050239,GLENDALE ADVENTIST MEDICAL CENTER,CA,Acute Care Hospitals,Voluntary non-profit - Private,4,182,153,266,3,89,9,3,33.3
050320,HIGHLAND HOSPITAL,CA,Acute Care Hospitals,Government - Hospital District or Authority,1,182,153,266,3,59,9,3,33.3
050334,SALINAS VALLEY HEALTH MEDICAL CENTER,CA,Acute Care Hospitals,Voluntary non-profit - Other,4,182,153,266,3,59,10,1,10.0
050367,NORTHBAY MEDICAL CENTER,CA,Acute Care Hospitals,Voluntary non-profit - Private,2,183,156,266,3,48,11,3,27.3
050746,ORANGE COUNTY GLOBAL MEDICAL CENTER,CA,Acute Care Hospitals,Proprietary,2,183,156,266,3,50,3,1,33.3
050022,RIVERSIDE COMMUNITY HOSPITAL,CA,Acute Care Hospitals,Proprietary,2,184,158,266,3,62,9,4,44.4
050047,CALIFORNIA PACIFIC MEDICAL CENTER- VAN NESS CAMPUS,CA,Acute Care Hospitals,Voluntary non-profit - Private,3,184,158,266,3,68,10,2,20.0
050290,SAINT JOHN'S HEALTH CENTER,CA,Acute Care Hospitals,Voluntary non-profit - Private,4,184,158,266,3,80,11,2,18.2
050590,METHODIST HOSPITAL OF SACRAMENTO,CA,Acute Care Hospitals,Voluntary non-profit - Private,3,185,161,266,3,71,6,2,33.3
050382,EMANATE HEALTH INTER-COMMUNITY HOSPITAL,CA,Acute Care Hospitals,Proprietary,1,186,162,266,3,62,9,2,22.2
050684,MENIFEE GLOBAL MEDICAL CENTER,CA,Acute Care Hospitals,Proprietary,Not Available,186,162,266,3,52,2,1,50.0
050280,MERCY MEDICAL CENTER REDDING,CA,Acute Care Hospitals,Voluntary non-profit - Private,2,187,164,266,3,57,11,1,9.1
050026,GROSSMONT HOSPITAL,CA,Acute Care Hospitals,Government - Hospital District or Authority,4,188,165,266,3,79,11,2,18.2
050701,SOUTHWEST HEALTHCARE RANCHO SPRINGS HOSPITAL,CA,Acute Care Hospitals,Proprietary,3,188,165,266,3,60,6,1,16.7
050108,"SUTTER MEDICAL CENTER, SACRAMENTO",CA,Acute Care Hospitals,Voluntary non-profit - Private,4,189,167,266,3,72,11,2,18.2
050295,MERCY HOSPITAL,CA,Acute Care Hospitals,Voluntary non-profit - Other,3,190,168,266,3,72,6,2,33.3
050342,PIONEERS MEMORIAL HEALTHCARE DISTRICT,CA,Acute Care Hospitals,Government - Hospital District or Authority,3,190,168,266,3,79,8,1,12.5
050054,SAN GORGONIO MEMORIAL HOSPITAL,CA,Acute Care Hospitals,Government - Hospital District or Authority,3,191,170,266,3,92,3,0,0.0
050289,AHMC SETON MEDICAL CENTER,CA,Acute Care Hospitals,Proprietary,1,192,171,266,3,39,7,2,28.6
050394,COMMUNITY MEMORIAL HOSPITAL - VENTURA,CA,Acute Care Hospitals,Voluntary non-profit - Private,4,192,171,266,3,69,11,0,0.0
050077,SCRIPPS MERCY HOSPITAL,CA,Acute Care Hospitals,Voluntary non-profit - Private,4,193,173,266,3,86,11,2,18.2
050336,ADVENTIST HEALTH LODI MEMORIAL,CA,Acute Care Hospitals,Voluntary non-profit - Other,3,193,173,266,3,88,6,2,33.3
050133,ADVENTIST HEALTH AND RIDEOUT,CA,Acute Care Hospitals,Government - Federal,2,194,175,266,3,84,10,3,30.0
050242,DOMINICAN HOSPITAL,CA,Acute Care Hospitals,Voluntary non-profit - Private,4,194,175,266,3,66,11,2,18.2
050503,SCRIPPS MEMORIAL HOSPITAL - ENCINITAS,CA,Acute Care Hospitals,Voluntary non-profit - Private,4,194,175,266,3,85,8,1,12.5
050636,PALOMAR MEDICAL CENTER POWAY,CA,Acute Care Hospitals,Government - Hospital District or Authority,4,195,178,266,3,67,6,0,0.0
050784,ADVENTIST HEALTH TULARE,CA,Acute Care Hospitals,Voluntary non-profit - Private,3,195,178,266,3,82,4,1,25.0
050222,SHARP CHULA VISTA MEDICAL CENTER,CA,Acute Care Hospitals,Proprietary,4,196,180,266,3,56,10,1,10.0
050224,HOAG MEMORIAL HOSPITAL PRESBYTERIAN,CA,Acute Care Hospitals,Voluntary non-profit - Private,5,196,180,266,3,77,10,0,0.0
050426,WEST ANAHEIM MEDICAL CENTER,CA,Acute Care Hospitals,Proprietary,2,196,180,266,3,77,5,4,80.0
050100,SHARP MEMORIAL HOSPITAL,CA,Acute Care Hospitals,Voluntary non-profit - Private,4,197,183,266,3,63,11,2,18.2
050231,POMONA VALLEY HOSPITAL MEDICAL CENTER,CA,Acute Care Hospitals,Voluntary non-profit - Private,3,197,183,266,3,64,11,0,0.0
050055,CALIFORNIA PACIFIC MEDICAL CENTER - MISSION BERNAL,CA,Acute Care Hospitals,Voluntary non-profit - Church,4,198,185,266,3,73,6,3,50.0
050603,MEMORIALCARE SADDLEBACK MEDICAL CENTER,CA,Acute Care Hospitals,Voluntary non-profit - Private,4,199,186,266,3,78,7,0,0.0
050516,MERCY SAN JUAN MEDICAL CENTER,CA,Acute Care Hospitals,Voluntary non-profit - Private,3,200,187,266,3,77,11,2,18.2
050517,VICTOR VALLEY GLOBAL MEDICAL CENTER,CA,Acute Care Hospitals,Voluntary non-profit - Private,1,200,187,266,3,32,7,2,28.6
050024,PARADISE VALLEY HOSPITAL,CA,Acute Care Hospitals,Proprietary,3,202,189,266,3,71,4,0,0.0
050058,GLENDALE MEM HOSPITAL & HLTH CENTER,CA,Acute Care Hospitals,Voluntary non-profit - Private,4,202,189,266,3,94,8,1,12.5
050103,ADVENTIST HEALTH WHITE MEMORIAL,CA,Acute Care Hospitals,Voluntary non-profit - Church,3,202,189,266,3,73,7,1,14.3
050739,CENTINELA HOSPITAL MEDICAL CENTER,CA,Acute Care Hospitals,Proprietary,2,202,189,266,3,49,5,3,60.0
050179,EMANUEL MEDICAL CENTER,CA,Acute Care Hospitals,Proprietary,2,205,193,266,3,52,10,3,30.0
051333,RIDGECREST REGIONAL HOSPITAL,CA,Critical Access Hospitals,Voluntary non-profit - Private,Not Available,206,194,266,3,,2,0,0.0
050245,ARROWHEAD REGIONAL MEDICAL CENTER,CA,Acute Care Hospitals,Government - Local,2,207,195,266,3,73,7,1,14.3
050488,EDEN MEDICAL CENTER,CA,Acute Care Hospitals,Voluntary non-profit - Other,4,207,195,266,3,69,7,0,0.0
050775,TEMECULA VALLEY HOSPITAL,CA,Acute Care Hospitals,Proprietary,4,207,195,266,3,67,8,1,12.5
050305,ALTA BATES SUMMIT MEDICAL CENTER - ALTA BATES CAMP,CA,Acute Care Hospitals,Voluntary non-profit - Private,4,208,198,266,3,66,9,1,11.1
050283,STANFORD HEALTH CARE TRI-VALLEY,CA,Acute Care Hospitals,Voluntary non-profit - Private,5,211,199,266,3,66,9,0,0.0
050091,COMMUNITY HOSPITAL OF HUNTINGTON PARK,CA,Acute Care Hospitals,Proprietary,1,212,200,266,3,38,4,2,50.0
050235,PROVIDENCE SAINT JOSEPH MEDICAL CTR,CA,Acute Care Hospitals,Voluntary non-profit - Church,3,213,201,266,4,85,11,3,27.3
050116,NORTHRIDGE HOSPITAL MEDICAL CENTER,CA,Acute Care Hospitals,Voluntary non-profit - Private,4,214,202,266,4,99,10,2,20.0
050580,LA PALMA INTERCOMMUNITY HOSPITAL,CA,Acute Care Hospitals,Proprietary,3,214,202,266,4,72,5,0,0.0
050378,PACIFICA HOSPITAL OF THE VALLEY,CA,Acute Care Hospitals,Proprietary,Not Available,216,204,266,4,,1,0,0.0
050329,CORONA REGIONAL MEDICAL CENTER,CA,Acute Care Hospitals,Proprietary,3,217,205,266,4,76,6,1,16.7
050390,HEMET GLOBAL MEDICAL CENTER,CA,Acute Care Hospitals,Proprietary,1,217,205,266,4,50,4,1,25.0
050167,SAN JOAQUIN GENERAL HOSPITAL,CA,Acute Care Hospitals,Government - Local,2,218,207,266,4,74,6,1,16.7
050581,UCI HEALTH-LAKEWOOD,CA,Acute Care Hospitals,Proprietary,2,218,207,266,4,56,8,2,25.0
050115,PALOMAR HEALTH DOWNTOWN CAMPUS,CA,Acute Care Hospitals,Government - Hospital District or Authority,3,221,209,266,4,68,11,1,9.1
050069,PROVIDENCE ST. JOSEPH HOSPITAL,CA,Acute Care Hospitals,Voluntary non-profit - Church,4,222,210,266,4,83,11,1,9.1
050112,SANTA MONICA - UCLA MED CTR & ORTHOPAEDIC HOSPITAL,CA,Acute Care Hospitals,Voluntary non-profit - Private,5,222,210,266,4,75,10,2,20.0
050272,REDLANDS COMMUNITY HOSPITAL,CA,Acute Care Hospitals,Voluntary non-profit - Private,2,222,210,266,4,82,9,1,11.1
050778,LOMA LINDA UNIVERSITY CHILDREN'S HOSPITAL,CA,Acute Care Hospitals,Voluntary non-profit - Church,3,222,210,266,4,,,,
050464,DOCTORS MEDICAL CENTER,CA,Acute Care Hospitals,Proprietary,1,223,214,266,4,50,8,3,37.5
050291,SUTTER SANTA ROSA REGIONAL HOSPITAL,CA,Acute Care Hospitals,Voluntary non-profit - Other,5,224,215,266,4,69,10,1,10.0
050036,BAKERSFIELD MEMORIAL HOSPITAL,CA,Acute Care Hospitals,Voluntary non-profit - Private,3,226,216,266,4,69,11,1,9.1
050770,LOMA LINDA UNIVERSITY MEDICAL CENTER-MURRIETA,CA,Acute Care Hospitals,Voluntary non-profit - Private,2,226,216,266,4,55,7,3,42.9
050084,ST JOSEPH'S MEDICAL CENTER OF STOCKTON,CA,Acute Care Hospitals,Voluntary non-profit - Private,3,227,218,266,4,58,8,2,25.0
050300,PROVIDENCE ST MARY MEDICAL CENTER,CA,Acute Care Hospitals,Voluntary non-profit - Private,2,228,219,266,4,56,8,3,37.5
050444,MERCY MEDICAL CENTER,CA,Acute Care Hospitals,Voluntary non-profit - Private,3,228,219,266,4,72,9,2,22.2
050567,PROVIDENCE MISSION HOSPITAL,CA,Acute Care Hospitals,Voluntary non-profit - Private,5,228,219,266,4,82,11,0,0.0
050169,PIH HEALTH HOSPITAL-WHITTIER,CA,Acute Care Hospitals,Voluntary non-profit - Private,4,230,222,266,4,53,11,2,18.2
050471,PIH HEALTH GOOD SAMARITAN HOSPITAL,CA,Acute Care Hospitals,Proprietary,2,230,222,266,4,72,9,3,33.3
050060,COMMUNITY REGIONAL MEDICAL CENTER,CA,Acute Care Hospitals,Voluntary non-profit - Private,1,231,224,266,4,50,10,3,30.0
050309,SUTTER ROSEVILLE MEDICAL CENTER,CA,Acute Care Hospitals,Voluntary non-profit - Private,5,232,225,266,4,72,10,1,10.0
050043,ALTA BATES SUMMIT MEDICAL CENTER,CA,Acute Care Hospitals,Voluntary non-profit - Private,5,233,226,266,4,66,9,0,0.0
050126,VALLEY PRESBYTERIAN HOSPITAL,CA,Acute Care Hospitals,Voluntary non-profit - Other,1,234,227,266,4,56,8,2,25.0
050551,UCI HEALTH - LOS ALAMITOS,CA,Acute Care Hospitals,Proprietary,1,236,228,266,4,54,8,1,12.5
050704,MISSION COMMUNITY HOSPITAL,CA,Acute Care Hospitals,Voluntary non-profit - Private,3,236,228,266,4,86,5,1,20.0
050030,OROVILLE HOSPITAL,CA,Acute Care Hospitals,Voluntary non-profit - Private,1,238,230,266,4,75,10,4,40.0
050135,SOUTHERN CALIFORNIA HOSPITAL AT HOLLYWOOD,CA,Acute Care Hospitals,Proprietary,3,240,231,266,4,32,6,2,33.3
050393,PIH HEALTH DOWNEY HOSPITAL,CA,Acute Care Hospitals,Voluntary non-profit - Private,4,240,231,266,4,72,6,2,33.3
050124,USC VERDUGO HILLS HOSPITAL,CA,Acute Care Hospitals,Voluntary non-profit - Private,4,243,233,266,4,62,7,2,28.6
050093,SAINT AGNES MEDICAL CENTER,CA,Acute Care Hospitals,Voluntary non-profit - Church,2,244,234,266,4,60,9,3,33.3
050492,CLOVIS COMMUNITY MEDICAL CENTER,CA,Acute Care Hospitals,Voluntary non-profit - Private,2,244,234,266,4,65,11,1,9.1
050292,RIVERSIDE UNIVERSITY HEALTH SYSTEM-MEDICAL CENTER,CA,Acute Care Hospitals,Government - Local,3,245,236,266,4,83,8,1,12.5
050128,TRI-CITY MEDICAL CENTER,CA,Acute Care Hospitals,Government - Hospital District or Authority,1,248,237,266,4,85,10,1,10.0
050104,SAINT FRANCIS MEDICAL CENTER,CA,Acute Care Hospitals,Voluntary non-profit - Church,3,250,238,266,4,62,5,0,0.0
050063,HOLLYWOOD PRESBYTERIAN MEDICAL CENTER,CA,Acute Care Hospitals,Proprietary,3,253,239,266,4,84,8,2,25.0
050149,CALIFORNIA HOSPITAL MEDICAL CENTER LA,CA,Acute Care Hospitals,Voluntary non-profit - Other,2,254,240,266,4,82,6,1,16.7
050099,SAN ANTONIO REGIONAL HOSPITAL,CA,Acute Care Hospitals,Voluntary non-profit - Other,3,256,241,266,4,71,8,2,25.0
050025,UC SAN DIEGO HEALTH HILLCREST - HILLCREST MED CTR,CA,Acute Care Hospitals,Voluntary non-profit - Other,5,258,242,266,4,55,11,2,18.2
050238,USC ARCADIA HOSPITAL,CA,Acute Care Hospitals,Voluntary non-profit - Private,3,258,242,266,4,64,8,2,25.0
050573,EISENHOWER MEDICAL CENTER,CA,Acute Care Hospitals,Proprietary,4,259,244,266,4,56,11,0,0.0
050557,MEMORIAL MEDICAL CENTER,CA,Acute Care Hospitals,Voluntary non-profit - Private,3,265,245,266,4,62,11,2,18.2
050056,ANTELOPE VALLEY HOSPITAL,CA,Acute Care Hospitals,Government - Hospital District or Authority,1,266,246,266,4,64,7,2,28.6
050168,PROVIDENCE ST. JUDE MEDICAL CENTER,CA,Acute Care Hospitals,Voluntary non-profit - Church,4,270,247,266,4,71,11,1,9.1
050057,KAWEAH HEALTH MEDICAL CENTER,CA,Acute Care Hospitals,Government - Hospital District or Authority,3,275,248,266,4,82,11,2,18.2
050441,STANFORD HEALTH CARE,CA,Acute Care Hospitals,Voluntary non-profit - Private,5,275,248,266,4,53,11,4,36.4
050454,UCSF MEDICAL CENTER,CA,Acute Care Hospitals,Voluntary non-profit - Other,4,280,250,266,4,31,11,3,27.3
050455,ADVENTIST HEALTH BAKERSFIELD,CA,Acute Care Hospitals,Voluntary non-profit - Private,2,280,250,266,4,73,9,3,33.3
050045,EL CENTRO REGIONAL MEDICAL CENTER,CA,Acute Care Hospitals,Government - Local,1,282,252,266,4,64,8,2,25.0
050438,HUNTINGTON HOSPITAL,CA,Acute Care Hospitals,Voluntary non-profit - Other,Not Available,286,253,266,4,84,9,2,22.2
050485,MEMORIALCARE LONG BEACH MEDICAL CENTER,CA,Acute Care Hospitals,Voluntary non-profit - Other,2,287,254,266,4,68,11,1,9.1
050315,KERN MEDICAL CENTER,CA,Acute Care Hospitals,Government - Hospital District or Authority,1,293,255,266,4,33,7,0,0.0
050376,LAC/HARBOR-UCLA MED CENTER,CA,Acute Care Hospitals,Government - Local,1,299,256,266,4,54,7,1,14.3
050353,PROVIDENCE LITTLE COMPANY OF MARY MED CTR TORRANCE,CA,Acute Care Hospitals,Voluntary non-profit - Church,5,300,257,266,4,74,9,1,11.1
050262,RONALD REAGAN UCLA MEDICAL CENTER,CA,Acute Care Hospitals,Government - State,4,312,258,266,4,71,10,1,10.0
050040,LAC/OLIVE VIEW-UCLA MEDICAL CENTER,CA,Acute Care Hospitals,Voluntary non-profit - Other,2,318,259,266,4,51,6,0,0.0
050228,ZUCKERBERG SAN FRANCISCO GENERAL HOSP & TRAUMA CTR,CA,Acute Care Hospitals,Government - Local,2,319,260,266,4,40,9,2,22.2
050348,UCI HEALTH-ORANGE,CA,Acute Care Hospitals,Government - Local,4,323,261,266,4,61,11,2,18.2
050373,LOS ANGELES GENERAL MEDICAL CENTER,CA,Acute Care Hospitals,Government - Local,2,325,262,266,4,57,7,1,14.3
050776,COLLEGE MEDICAL CENTER,CA,Acute Care Hospitals,Proprietary,3,330,263,266,4,82,5,0,0.0
050599,UNIVERSITY OF CALIFORNIA DAVIS MEDICAL CENTER,CA,Acute Care Hospitals,Government - Hospital District or Authority,4,359,264,266,4,28,11,2,18.2
050625,CEDARS-SINAI MEDICAL CENTER,CA,Acute Care Hospitals,Voluntary non-profit - Other,5,369,265,266,4,65,11,3,27.3
050327,LOMA LINDA UNIVERSITY MEDICAL CENTER,CA,Acute Care Hospitals,Voluntary non-profit - Private,4,464,266,266,4,56,10,2,20.0
061301,RIO GRANDE HOSPITAL,CO,Critical Access Hospitals,Proprietary,4,42,1,75,1,,5,0,0.0
061306,LINCOLN HEALTH HOSPITAL,CO,Critical Access Hospitals,Voluntary non-profit - Other,Not Available,93,2,75,1,,2,1,50.0
060117,"ANIMAS SURGICAL HOSPITAL, LLC",CO,Acute Care Hospitals,Physician,Not Available,97,3,75,1,,3,0,0.0
060076,STERLING REGIONAL MEDCENTER,CO,Acute Care Hospitals,Voluntary non-profit - Private,3,99,4,75,1,64,7,1,14.3
061327,SOUTHWEST MEMORIAL HOSPITAL,CO,Critical Access Hospitals,Voluntary non-profit - Private,4,101,5,75,1,71,5,0,0.0
060024,UNIVERSITY OF COLORADO HOSPITAL AUTHORITY,CO,Acute Care Hospitals,Government - Hospital District or Authority,5,103,6,75,1,75,11,0,0.0
061321,MT SAN RAFAEL HOSPITAL,CO,Critical Access Hospitals,Voluntary non-profit - Private,5,103,6,75,1,,3,0,0.0
060022,UCH-MEMORIAL HEALTH SYSTEM,CO,Acute Care Hospitals,Government - Local,4,104,8,75,1,71,11,1,9.1
061308,SAN LUIS VALLEY HEALTH CONEJOS COUNTY HOSPITAL,CO,Critical Access Hospitals,Voluntary non-profit - Private,Not Available,104,8,75,1,,1,0,0.0
060129,UCHEALTH BROOMFIELD HOSPITAL,CO,Acute Care Hospitals,Proprietary,Not Available,105,10,75,1,,2,0,0.0
060044,ST ELIZABETH HOSPITAL,CO,Acute Care Hospitals,Voluntary non-profit - Other,4,106,11,75,1,71,5,0,0.0
061309,WRAY COMMUNITY DISTRICT HOSPITAL,CO,Critical Access Hospitals,Government - Hospital District or Authority,Not Available,106,11,75,1,,4,0,0.0
061317,GRAND RIVER HOSPITAL DISTRICT,CO,Critical Access Hospitals,Government - Hospital District or Authority,Not Available,107,13,75,1,,2,0,0.0
060130,UCHEALTH GRANDVIEW HOSPITAL,CO,Acute Care Hospitals,Voluntary non-profit - Private,Not Available,108,14,75,1,,4,0,0.0
061303,EAST MORGAN COUNTY HOSPITAL,CO,Critical Access Hospitals,Voluntary non-profit - Private,Not Available,111,15,75,1,,3,0,0.0
061316,SPANISH PEAKS REGIONAL HEALTH CENTER,CO,Critical Access Hospitals,Government - Hospital District or Authority,Not Available,111,15,75,1,,2,0,0.0
060133,ST FRANCIS HOSPITAL - INTERQUEST,CO,Acute Care Hospitals,Voluntary non-profit - Private,Not Available,112,17,75,1,,1,0,0.0
060126,BANNER FORT COLLINS MEDICAL CENTER,CO,Acute Care Hospitals,Voluntary non-profit - Other,Not Available,114,18,75,1,59,3,0,0.0
060014,HCA HealthOne Presbyterian St. Lukes,CO,Acute Care Hospitals,Government - State,2,117,19,75,1,78,7,2,28.6
061326,UCHEALTH PIKES PEAK REGIONAL HOSPITAL,CO,Critical Access Hospitals,Voluntary non-profit - Private,Not Available,117,19,75,2,,4,0,0.0
061314,"MEMORIAL HOSPITAL, THE",CO,Critical Access Hospitals,Government - Local,Not Available,119,21,75,2,,4,0,0.0
060034,HCA-HEALTHONE DBA SWEDISH MEDICAL CENTER,CO,Acute Care Hospitals,Proprietary,4,120,22,75,2,80,11,2,18.2
061300,WEISBROD MEMORIAL COUNTY HOSPITAL,CO,Critical Access Hospitals,Government - Hospital District or Authority,Not Available,120,22,75,2,,,,
060049,UCHEALTH YAMPA VALLEY MEDICAL CENTER,CO,Acute Care Hospitals,Voluntary non-profit - Private,Not Available,121,24,75,2,,6,0,0.0
06003F,Evans ACH (FT Carson),CO,Acute Care - Department of Defense,Department of Defense,Not Available,122,25,75,2,,,,
060010,POUDRE VALLEY HOSPITAL,CO,Acute Care Hospitals,Voluntary non-profit - Private,5,124,26,75,2,75,10,0,0.0
061315,YUMA DISTRICT HOSPITAL,CO,Critical Access Hospitals,Government - Hospital District or Authority,Not Available,124,26,75,2,,1,0,0.0
060065,HCA HEALTHONE MOUNTAIN RIDGE,CO,Acute Care Hospitals,Voluntary non-profit - Private,3,125,28,75,2,63,6,1,16.7
061313,KIT CARSON COUNTY MEMORIAL HOSPITAL,CO,Critical Access Hospitals,Government - Hospital District or Authority,Not Available,125,28,75,2,,1,0,0.0
060032,HCA HEALTHONE ROSE,CO,Acute Care Hospitals,Proprietary,4,129,30,75,2,80,6,2,33.3
060128,LONGS PEAK HOSPITAL,CO,Acute Care Hospitals,Voluntary non-profit - Private,5,130,31,75,2,78,9,0,0.0
061344,ST THOMAS MORE HOSPITAL,CO,Critical Access Hospitals,Voluntary non-profit - Private,4,131,32,75,2,64,6,0,0.0
061304,HAXTUN HOSPITAL DISTRICT,CO,Critical Access Hospitals,Government - Hospital District or Authority,Not Available,132,33,75,2,,1,0,0.0
061305,MELISSA MEMORIAL HOSPITAL,CO,Critical Access Hospitals,Government - Hospital District or Authority,Not Available,132,33,75,2,,1,0,0.0
061310,SEDGWICK COUNTY MEMORIAL HOSPITAL,CO,Critical Access Hospitals,Government - Local,Not Available,132,33,75,2,,2,0,0.0
061318,MIDDLE PARK MEDICAL CENTER,CO,Critical Access Hospitals,Government - Hospital District or Authority,Not Available,132,33,75,2,,2,0,0.0
060027,BOULDER COMMUNITY HEALTH,CO,Acute Care Hospitals,Voluntary non-profit - Private,4,133,37,75,2,54,9,0,0.0
060119,MEDICAL CENTER OF THE ROCKIES,CO,Acute Care Hospitals,Voluntary non-profit - Private,5,133,37,75,2,71,11,1,9.1
061323,PROWERS MEDICAL CENTER,CO,Critical Access Hospitals,Government - Hospital District or Authority,Not Available,133,37,75,3,,2,0,0.0
061328,PAGOSA SPRINGS MEDICAL CENTER,CO,Critical Access Hospitals,Government - Hospital District or Authority,Not Available,133,37,75,3,,2,0,0.0
061343,KEEFE MEMORIAL HOSPITAL,CO,Critical Access Hospitals,Government - Hospital District or Authority,Not Available,133,37,75,3,,,,
061320,GUNNISON VALLEY HOSPITAL,CO,Critical Access Hospitals,Government - Local,Not Available,134,42,75,3,,5,0,0.0
060112,SKY RIDGE MEDICAL CENTER,CO,Acute Care Hospitals,Voluntary non-profit - Other,3,135,43,75,3,81,10,1,10.0
060131,UCHEALTH GREELEY HOSPITAL,CO,Acute Care Hospitals,Voluntary non-profit - Private,4,139,44,75,3,69,9,0,0.0
060054,COMMUNITY HOSPITAL,CO,Acute Care Hospitals,Voluntary non-profit - Private,4,140,45,75,3,84,8,0,0.0
060100,THE MEDICAL CENTER OF AURORA & SOUTH HOSPITAL,CO,Acute Care Hospitals,Proprietary,4,140,45,75,3,76,9,1,11.1
060003,LONGMONT UNITED HOSPITAL,CO,Acute Care Hospitals,Voluntary non-profit - Private,3,141,47,75,3,76,5,1,20.0
060006,MONTROSE REGIONAL HEALTH,CO,Acute Care Hospitals,Voluntary non-profit - Private,4,141,47,75,3,74,9,0,0.0
060030,BANNER NORTH CO MEDICAL CENTER - LOVELAND CAMPUS,CO,Acute Care Hospitals,Voluntary non-profit - Private,3,142,49,75,3,41,5,0,0.0
060096,VAIL HEALTH HOSPITAL,CO,Acute Care Hospitals,Voluntary non-profit - Other,5,143,50,75,3,83,8,0,0.0
060001,BANNER NORTH COLORADO MEDICAL CENTER,CO,Acute Care Hospitals,Voluntary non-profit - Private,4,145,51,75,3,48,11,0,0.0
061311,SOUTHEAST COLORADO HOSPITAL DISTRICT,CO,Critical Access Hospitals,Government - Hospital District or Authority,Not Available,146,52,75,3,,2,0,0.0
060071,DELTA COUNTY MEMORIAL HOSPITAL,CO,Acute Care Hospitals,Government - Local,3,152,53,75,3,70,7,2,28.6
060075,VALLEY VIEW HOSPITAL ASSOCIATION,CO,Acute Care Hospitals,Voluntary non-profit - Private,4,154,54,75,3,61,10,0,0.0
060104,CENTURA HEALTH-ST ANTHONY NORTH HEALTH CAMPUS,CO,Acute Care Hospitals,Voluntary non-profit - Private,5,158,55,75,3,84,7,0,0.0
060118,ST ANTHONY SUMMIT MEDICAL CENTER,CO,Acute Care Hospitals,Voluntary non-profit - Church,Not Available,158,55,75,3,79,2,1,50.0
060004,INTERMOUNTAIN HEALTH PLATTE VALLEY HOSPITAL,CO,Acute Care Hospitals,Voluntary non-profit - Private,3,161,57,75,3,72,5,0,0.0
060013,MERCY REGIONAL MEDICAL CENTER,CO,Acute Care Hospitals,Voluntary non-profit - Church,5,161,57,75,4,64,9,0,0.0
060132,UCHEALTH HIGHLANDS RANCH HOSPITAL,CO,Acute Care Hospitals,Voluntary non-profit - Private,5,161,57,75,4,79,8,0,0.0
060114,AdventHealth Parker,CO,Acute Care Hospitals,Voluntary non-profit - Private,5,164,60,75,4,73,10,0,0.0
060103,ADVENTHEALTH AVISTA,CO,Acute Care Hospitals,Voluntary non-profit - Church,4,165,61,75,4,72,7,2,28.6
060012,ST MARY-CORWIN HOSPITAL,CO,Acute Care Hospitals,Voluntary non-profit - Church,4,167,62,75,4,84,7,1,14.3
060008,SAN LUIS VALLEY REGIONAL  MEDICAL CENTER,CO,Acute Care Hospitals,Voluntary non-profit - Private,3,168,63,75,4,69,7,1,14.3
060125,ADVENTHEALTH CASTLE ROCK,CO,Acute Care Hospitals,Voluntary non-profit - Private,5,168,63,75,4,81,6,0,0.0
060020,"PARKVIEW MEDICAL CENTER, INC",CO,Acute Care Hospitals,Voluntary non-profit - Private,3,173,65,75,4,62,9,1,11.1
060113,AdventHealth Littleton,CO,Acute Care Hospitals,Voluntary non-profit - Church,4,173,65,75,4,79,8,0,0.0
060116,GOOD SAMARITAN MEDICAL CENTER LLC,CO,Acute Care Hospitals,Voluntary non-profit - Private,4,175,67,75,4,65,6,0,0.0
060028,SAINT JOSEPH HOSPITAL,CO,Acute Care Hospitals,Voluntary non-profit - Private,5,179,68,75,4,73,8,0,0.0
060009,INTERMOUNTAIN HEALTH LUTHERAN HOSPITAL,CO,Acute Care Hospitals,Voluntary non-profit - Private,4,192,69,75,4,76,9,0,0.0
060023,INTERMOUNTAIN HEALTH ST. MARY'S REGIONAL HOSPITAL,CO,Acute Care Hospitals,Voluntary non-profit - Church,4,198,70,75,4,64,11,0,0.0
060064,AdventHealth Porter,CO,Acute Care Hospitals,Voluntary non-profit - Private,4,199,71,75,4,80,8,0,0.0
061325,EASTERN RIO BLANCO COUNTY HEALTH SERVICE DISTRICT,CO,Critical Access Hospitals,Government - Hospital District or Authority,Not Available,199,71,75,4,,3,0,0.0
060015,CENTURA HEALTH-ST ANTHONY HOSPITAL,CO,Acute Care Hospitals,Voluntary non-profit - Church,4,203,73,75,4,79,8,1,12.5
060011,DENVER HEALTH & HOSPITAL AUTHORITY,CO,Acute Care Hospitals,Government - State,3,211,74,75,4,55,8,1,12.5
060031,CENTURA HEALTH-PENROSE ST FRANCIS HEALTH SERVICES,CO,Acute Care Hospitals,Voluntary non-profit - Private,3,216,75,75,4,79,11,1,9.1
070007,LAWRENCE & MEMORIAL HOSPITAL,CT,Acute Care Hospitals,Voluntary non-profit - Private,3,123,1,25,1,34,9,3,33.3
070004,SHARON HOSPITAL,CT,Acute Care Hospitals,Proprietary,5,127,2,25,1,62,7,2,28.6
070010,BRIDGEPORT HOSPITAL,CT,Acute Care Hospitals,Voluntary non-profit - Private,4,134,3,25,1,28,11,1,9.1
070021,WINDHAM COMMUNITY MEMORIAL HOSPITAL,CT,Acute Care Hospitals,Voluntary non-profit - Private,3,144,4,25,1,72,8,0,0.0
070011,CHARLOTTE HUNGERFORD HOSPITAL,CT,Acute Care Hospitals,Voluntary non-profit - Private,3,150,5,25,1,51,8,1,12.5
070035,THE HOSPITAL OF CENTRAL CONNECTICUT,CT,Acute Care Hospitals,Voluntary non-profit - Other,2,161,6,25,1,48,8,2,25.0
070024,WILLIAM W BACKUS HOSPITAL,CT,Acute Care Hospitals,Voluntary non-profit - Other,4,166,7,25,1,59,9,1,11.1
070020,MIDDLESEX HOSPITAL,CT,Acute Care Hospitals,Voluntary non-profit - Private,3,168,8,25,2,66,7,2,28.6
070031,GRIFFIN HOSPITAL,CT,Acute Care Hospitals,Voluntary non-profit - Other,4,173,9,25,2,62,7,3,42.9
070018,GREENWICH HOSPITAL ASSOCIATION -,CT,Acute Care Hospitals,Voluntary non-profit - Private,5,177,10,25,2,58,10,3,30.0
070008,JOHNSON MEMORIAL HOSPITAL,CT,Acute Care Hospitals,Voluntary non-profit - Private,3,178,11,25,2,68,6,1,16.7
070029,BRISTOL HOSPITAL,CT,Acute Care Hospitals,Voluntary non-profit - Private,2,194,12,25,2,43,8,1,12.5
070034,NORWALK HOSPITAL,CT,Acute Care Hospitals,Voluntary non-profit - Private,3,201,13,25,2,44,9,1,11.1
070022,YALE-NEW HAVEN HOSPITAL,CT,Acute Care Hospitals,Voluntary non-profit - Private,5,204,14,25,3,33,11,3,27.3
070033,DANBURY HOSPITAL,CT,Acute Care Hospitals,Voluntary non-profit - Private,4,204,14,25,3,42,11,3,27.3
070006,STAMFORD HOSPITAL,CT,Acute Care Hospitals,Voluntary non-profit - Private,5,209,16,25,3,43,11,0,0.0
070017,MIDSTATE MEDICAL CENTER,CT,Acute Care Hospitals,Voluntary non-profit - Private,4,223,17,25,3,68,7,0,0.0
070005,WATERBURY HOSPITAL,CT,Acute Care Hospitals,Proprietary,2,224,18,25,3,40,8,0,0.0
070003,DAY KIMBALL HOSPITAL,CT,Acute Care Hospitals,Voluntary non-profit - Private,2,226,19,25,3,73,8,2,25.0
070028,ST VINCENT'S MEDICAL CENTER,CT,Acute Care Hospitals,Voluntary non-profit - Private,4,230,20,25,4,67,11,1,9.1
070027,MANCHESTER MEMORIAL HOSPITAL,CT,Acute Care Hospitals,Proprietary,4,236,21,25,4,42,7,0,0.0
070036,JOHN DEMPSEY HOSPITAL OF THE UNIVERSITY OF CONNECT,CT,Acute Care Hospitals,Government - Local,3,240,22,25,4,62,9,2,22.2
070016,SAINT MARY'S HOSPITAL,CT,Acute Care Hospitals,Voluntary non-profit - Church,3,267,23,25,4,74,9,0,0.0
070002,ST FRANCIS HOSPITAL & MEDICAL CENTER,CT,Acute Care Hospitals,Voluntary non-profit - Church,2,275,24,25,4,53,11,1,9.1
070025,HARTFORD HOSPITAL,CT,Acute Care Hospitals,Voluntary non-profit - Private,4,281,25,25,4,46,11,3,27.3
090003,HOWARD UNIVERSITY HOSPITAL CORP,DC,Acute Care Hospitals,Voluntary non-profit - Other,1,232,1,6,,74,6,2,33.3
090008,UNITED MEDICAL CENTER,DC,Acute Care Hospitals,Proprietary,3,277,2,6,,36,5,0,0.0
090005,SIBLEY MEMORIAL HOSPITAL,DC,Acute Care Hospitals,Voluntary non-profit - Other,5,320,3,6,,88,9,0,0.0
090004,MEDSTAR GEORGETOWN UNIVERSITY HOSPITAL,DC,Acute Care Hospitals,Proprietary,3,371,4,6,,44,9,1,11.1
090001,GEORGE WASHINGTON UNIV HOSPITAL,DC,Acute Care Hospitals,Proprietary,2,380,5,6,,39,11,2,18.2
090011,MEDSTAR WASHINGTON HOSPITAL CENTER,DC,Acute Care Hospitals,Voluntary non-profit - Other,3,400,6,6,,36,11,2,18.2
080006,"TIDALHEALTH NANTICOKE, INC.",DE,Acute Care Hospitals,Voluntary non-profit - Private,3,167,1,6,,59,9,0,0.0
080007,BEEBE MEDICAL CENTER,DE,Acute Care Hospitals,Voluntary non-profit - Private,3,174,2,6,,68,11,0,0.0
080003,ST FRANCIS HOSPITAL,DE,Acute Care Hospitals,Voluntary non-profit - Private,3,194,3,6,,91,6,0,0.0
080009,"BAYHEALTH HOSPITAL, SUSSEX CAMPUS",DE,Acute Care Hospitals,Voluntary non-profit - Private,3,252,4,6,,41,9,1,11.1
080001,CHRISTIANA HOSPITAL,DE,Acute Care Hospitals,Voluntary non-profit - Private,4,253,5,6,,38,11,1,9.1
080004,"BAYHEALTH MEDICAL CENTER, KENT CAMPUS",DE,Acute Care Hospitals,Voluntary non-profit - Private,2,278,6,6,,35,11,3,27.3
101303,LAKE BUTLER HOSPITAL,FL,Critical Access Hospitals,Proprietary,Not Available,86,1,176,1,,,,
10021F,96th Medical Group (Eglin AFB),FL,Acute Care - Department of Defense,Department of Defense,Not Available,87,2,176,1,,,,
100260,ST LUCIE MEDICAL CENTER,FL,Acute Care Hospitals,Proprietary,1,95,3,176,1,90,7,6,85.7
100206,HCA FLORIDA SOUTH TAMPA HOSPITAL,FL,Acute Care Hospitals,Proprietary,5,97,4,176,1,77,6,1,16.7
100126,HCA FLORIDA PASADENA HOSPITAL A PART OF HCA FLORID,FL,Acute Care Hospitals,Proprietary,Not Available,98,5,176,1,87,,,
100204,HCA FLORIDA NORTH FLORIDA HOSPITAL,FL,Acute Care Hospitals,Proprietary,3,99,6,176,1,68,9,2,22.2
100226,HCA FLORIDA ORANGE PARK HOSPITAL,FL,Acute Care Hospitals,Voluntary non-profit - Other,3,101,7,176,1,79,9,1,11.1
100329,OVIEDO MEDICAL CENTER,FL,Acute Care Hospitals,Proprietary,3,102,8,176,1,79,6,2,33.3
100243,HCA FLORIDA BRANDON HOSPITAL,FL,Acute Care Hospitals,Proprietary,3,103,9,176,1,71,9,3,33.3
100236,HCA FLORIDA FAWCETT HOSPITAL,FL,Acute Care Hospitals,Proprietary,1,105,10,176,1,79,9,4,44.4
100166,HCA FLORIDA SARASOTA DOCTORS HOSPITAL,FL,Acute Care Hospitals,Proprietary,4,106,11,176,1,74,8,2,25.0
100313,ASCENSION SACRED HEART GULF,FL,Acute Care Hospitals,Voluntary non-profit - Private,3,107,12,176,1,,4,1,25.0
100212,MARION COMMUNTIY HOSPITAL,FL,Acute Care Hospitals,Proprietary,1,108,13,176,1,63,9,3,33.3
100054,HCA FLORIDA TWIN CITIES HOSPITAL,FL,Acute Care Hospitals,Proprietary,5,111,14,176,1,76,6,1,16.7
100179,HCA FLORIDA MEMORIAL HOSPITAL,FL,Acute Care Hospitals,Proprietary,2,112,15,176,1,68,9,1,11.1
100252,HCA FLORIDA RAULERSON HOSPITAL,FL,Acute Care Hospitals,Proprietary,3,112,15,176,1,86,6,1,16.7
100320,HCA FLORIDA POINCIANA HOSPITAL,FL,Acute Care Hospitals,Proprietary,2,113,17,176,1,65,5,2,40.0
100248,HCA FLORIDA LARGO HOSPITAL,FL,Acute Care Hospitals,Proprietary,2,114,18,176,1,74,8,1,12.5
100287,GOOD SAMARITAN MEDICAL CENTER,FL,Acute Care Hospitals,Proprietary,2,114,18,176,1,59,8,2,25.0
101300,ADVENTHEALTH WAUCHULA,FL,Critical Access Hospitals,Voluntary non-profit - Private,Not Available,114,18,176,1,,,,
100231,HCA FLORIDA WEST HOSPITAL,FL,Acute Care Hospitals,Proprietary,3,115,21,176,1,75,9,1,11.1
101312,FISHERMEN'S COMMUNITY HOSPITAL,FL,Critical Access Hospitals,Voluntary non-profit - Private,Not Available,116,22,176,1,,4,0,0.0
100124,SANTA ROSA MEDICAL CENTER,FL,Acute Care Hospitals,Proprietary,4,117,23,176,1,60,7,1,14.3
101304,CALHOUN-LIBERTY HOSPITAL,FL,Critical Access Hospitals,Voluntary non-profit - Private,Not Available,117,23,176,1,,2,0,0.0
100191,HCA FLORIDA TRINITY HOSPITAL,FL,Acute Care Hospitals,Proprietary,2,118,25,176,1,80,8,4,50.0
101313,MARINERS HOSPITAL,FL,Critical Access Hospitals,Voluntary non-profit - Private,5,118,25,176,1,,7,0,0.0
101314,DOCTORS MEMORIAL HOSPITAL INC,FL,Critical Access Hospitals,Voluntary non-profit - Private,Not Available,118,25,176,1,,,,
100232,HCA FLORIDA PUTNAM HOSPITAL,FL,Acute Care Hospitals,Proprietary,2,119,28,176,1,54,8,2,25.0
100110,HCA FLORIDA OSCEOLA HOSPITAL,FL,Acute Care Hospitals,Proprietary,2,120,29,176,1,87,8,4,50.0
100156,HCA FLORIDA LAKE CITY HOSPITAL,FL,Acute Care Hospitals,Proprietary,3,120,29,176,1,64,7,2,28.6
10013F,NH Jacksonville,FL,Acute Care - Department of Defense,Department of Defense,Not Available,121,31,176,1,,,,
100254,HCA FLORIDA CAPITAL HOSPITAL,FL,Acute Care Hospitals,Proprietary,2,121,31,176,1,78,9,3,33.3
100122,NORTH OKALOOSA MEDICAL CENTER,FL,Acute Care Hospitals,Voluntary non-profit - Private,3,122,33,176,1,67,9,1,11.1
100228,WESTSIDE REGIONAL MEDICAL CENTER,FL,Acute Care Hospitals,Proprietary,2,122,33,176,1,81,8,2,25.0
100361,ASCENSION ST VINCENT'S ST JOHNS COUNTY,FL,Acute Care Hospitals,Voluntary non-profit - Private,4,122,33,176,1,87,5,0,0.0
100161,CENTRAL FLORIDA LAKE MONROE HOSPITAL,FL,Acute Care Hospitals,Proprietary,2,123,36,176,1,59,8,2,25.0
100307,ASCENSION ST VINCENT'S SOUTHSIDE,FL,Acute Care Hospitals,Voluntary non-profit - Private,4,123,36,176,1,77,8,1,12.5
101307,DOCTORS MEMORIAL HOSPITAL,FL,Critical Access Hospitals,Government - Hospital District or Authority,2,123,36,176,1,,4,0,0.0
100107,HCA FLORIDA LEHIGH HOSPITAL,FL,Acute Care Hospitals,Proprietary,2,124,39,176,1,56,5,1,20.0
100137,ADVENTHEALTH HEART OF FLORIDA,FL,Acute Care Hospitals,Proprietary,3,124,39,176,1,83,8,2,25.0
100224,UNIVERSITY HOSPITAL AND MEDICAL CENTER,FL,Acute Care Hospitals,Proprietary,2,124,39,176,1,88,6,3,50.0
100360,HCA FLORIDA UNIVERSITY HOSPITAL,FL,Acute Care Hospitals,Proprietary,3,124,39,176,1,78,4,0,0.0
100049,HCA FLORIDA HIGHLANDS HOSPITAL,FL,Acute Care Hospitals,Proprietary,3,125,43,176,1,80,6,1,16.7
100209,HCA FLORIDA KENDALL HOSPITAL,FL,Acute Care Hospitals,Proprietary,4,127,44,176,1,71,7,2,28.6
100246,HCA FLORIDA LAWNWOOD HOSPITAL,FL,Acute Care Hospitals,Proprietary,1,127,44,176,2,81,7,4,57.1
100269,HCA FLORIDA PALMS WEST HOSPITAL,FL,Acute Care Hospitals,Proprietary,2,127,44,176,2,90,6,4,66.7
100053,HIALEAH HOSPITAL,FL,Acute Care Hospitals,Proprietary,3,128,47,176,2,56,4,1,25.0
100121,BARTOW REGIONAL MEDICAL CENTER,FL,Acute Care Hospitals,Proprietary,3,128,47,176,2,78,6,2,33.3
100242,HCA FLORIDA GULF COAST HOSPITAL,FL,Acute Care Hospitals,Proprietary,2,128,47,176,2,64,8,0,0.0
100291,ORLANDO HEALTH MELBOURNE HOSPITAL,FL,Acute Care Hospitals,Voluntary non-profit - Private,3,128,47,176,2,75,7,1,14.3
100230,MEMORIAL HOSPITAL PEMBROKE,FL,Acute Care Hospitals,Government - Hospital District or Authority,4,129,51,176,2,88,5,1,20.0
100299,LAKEWOOD RANCH MEDICAL CENTER,FL,Acute Care Hospitals,Proprietary,4,129,51,176,2,94,8,1,12.5
100077,Adventhealth Port Charlotte,FL,Acute Care Hospitals,Proprietary,1,130,53,176,2,42,8,2,25.0
100099,ADVENTHEALTH LAKE WALES,FL,Acute Care Hospitals,Proprietary,2,130,53,176,2,79,6,1,16.7
100223,HCA FLORIDA FORT WALTON-DESTIN HOSPITAL,FL,Acute Care Hospitals,Proprietary,3,130,53,176,2,78,9,4,44.4
100180,HCA FLORIDA ST PETERSBURG HOSPITAL,FL,Acute Care Hospitals,Proprietary,2,132,56,176,2,75,5,2,40.0
100055,ADVENTHEALTH NORTH PINELLAS,FL,Acute Care Hospitals,Voluntary non-profit - Other,4,133,57,176,2,84,7,3,42.9
100131,HCA FLORIDA AVENTURA HOSPITAL,FL,Acute Care Hospitals,Voluntary non-profit - Private,3,133,57,176,2,71,8,2,25.0
101315,JAY HOSPITAL,FL,Critical Access Hospitals,Voluntary non-profit - Private,Not Available,133,57,176,2,,1,0,0.0
100051,ORLANDO HEALTH SOUTH LAKE HOSPITAL,FL,Acute Care Hospitals,Government - Hospital District or Authority,3,134,60,176,2,76,8,1,12.5
100069,AdventHealth Carrollwood,FL,Acute Care Hospitals,Voluntary non-profit - Church,3,134,60,176,2,78,7,0,0.0
100183,CORAL GABLES HOSPITAL,FL,Acute Care Hospitals,Proprietary,3,134,60,176,2,54,5,1,20.0
100213,HCA FLORIDA BLAKE HOSPITAL,FL,Acute Care Hospitals,Proprietary,2,134,60,176,2,70,9,4,44.4
100032,ORLANDO HEALTH BAYFRONT HOSPITAL,FL,Acute Care Hospitals,Voluntary non-profit - Private,2,135,64,176,2,70,8,2,25.0
100150,LOWER KEYS MEDICAL CENTER,FL,Acute Care Hospitals,Proprietary,4,135,64,176,2,63,7,1,14.3
100167,HCA FLORIDA MERCY HOSPITAL,FL,Acute Care Hospitals,Voluntary non-profit - Private,2,135,64,176,2,79,7,2,28.6
100200,BROWARD HEALTH IMPERIAL POINT,FL,Acute Care Hospitals,Government - Hospital District or Authority,3,136,67,176,2,75,6,1,16.7
100080,HCA FLORIDA JFK HOSPITAL,FL,Acute Care Hospitals,Proprietary,2,137,68,176,2,78,9,3,33.3
100249,TAMPA GENERAL HOSPITAL CRYSTAL RIVER,FL,Acute Care Hospitals,Voluntary non-profit - Private,2,137,68,176,2,64,8,1,12.5
100268,WEST BOCA MEDICAL CENTER,FL,Acute Care Hospitals,Proprietary,3,138,70,176,2,64,6,0,0.0
101311,MADISON COUNTY MEMORIAL HOSPITAL,FL,Critical Access Hospitals,Government - Hospital District or Authority,Not Available,139,71,176,2,,1,0,0.0
100142,JACKSON HOSPITAL,FL,Acute Care Hospitals,Government - Hospital District or Authority,1,141,72,176,2,78,9,1,11.1
100350,UCF LAKE NONA HOSPITAL,FL,Acute Care Hospitals,Proprietary,3,141,72,176,2,66,4,0,0.0
101309,HENDRY REGIONAL MEDICAL CENTER,FL,Critical Access Hospitals,Voluntary non-profit - Other,Not Available,141,72,176,2,,2,0,0.0
100025,SACRED HEART HOSPITAL,FL,Acute Care Hospitals,Voluntary non-profit - Private,4,143,75,176,2,61,11,1,9.1
100072,ADVENTHEALTH FISH MEMORIAL,FL,Acute Care Hospitals,Voluntary non-profit - Church,5,143,75,176,2,82,7,1,14.3
100109,ADVENTHEALTH SEBRING,FL,Acute Care Hospitals,Voluntary non-profit - Private,3,143,75,176,2,54,10,0,0.0
100176,PALM BEACH GARDENS MEDICAL CENTER,FL,Acute Care Hospitals,Proprietary,2,144,78,176,2,58,9,2,22.2
100330,HALIFAX HEALTH /UF HEALTH MEDICAL CENTER OF DELTON,FL,Acute Care Hospitals,Government - Local,Not Available,144,78,176,2,62,3,0,0.0
100014,ADVENTHEALTH NEW SMYRNA BEACH,FL,Acute Care Hospitals,Voluntary non-profit - Church,4,145,80,176,2,87,10,0,0.0
100175,DESOTO MEMORIAL HOSPITAL,FL,Acute Care Hospitals,Voluntary non-profit - Private,2,145,80,176,2,75,5,0,0.0
100302,ORLANDO HEALTH ST CLOUD HOSPITAL,FL,Acute Care Hospitals,Proprietary,2,145,80,176,2,74,6,1,16.7
100035,MANATEE MEMORIAL HOSPITAL,FL,Acute Care Hospitals,Proprietary,3,146,83,176,2,93,9,1,11.1
100189,HCA FLORIDA NORTHWEST HOSPITAL,FL,Acute Care Hospitals,Proprietary,2,146,83,176,2,89,7,3,42.9
100211,ADVENTHEALTH DADE CITY,FL,Acute Care Hospitals,Proprietary,4,146,83,176,2,84,6,1,16.7
100259,HCA FLORIDA SOUTH SHORE HOSPITAL,FL,Acute Care Hospitals,Proprietary,2,146,83,176,2,77,8,2,25.0
100068,ADVENTHEALTH DAYTONA BEACH,FL,Acute Care Hospitals,Voluntary non-profit - Church,5,147,87,176,2,85,9,0,0.0
100130,LAKESIDE MEDICAL CENTER,FL,Acute Care Hospitals,Government - Hospital District or Authority,Not Available,147,87,176,2,83,1,0,0.0
100030,ORLANDO HEALTH-HEALTH CENTRAL HOSPITAL,FL,Acute Care Hospitals,Government - State,3,148,89,176,3,63,8,1,12.5
100043,MEASE DUNEDIN HOSPITAL,FL,Acute Care Hospitals,Voluntary non-profit - Private,4,148,89,176,3,82,6,0,0.0
100181,LARKIN COMMUNITY HOSPITAL,FL,Acute Care Hospitals,Proprietary,1,148,89,176,3,99,3,3,100.0
100267,HCA FLORIDA ENGLEWOOD HOSPITAL,FL,Acute Care Hospitals,Proprietary,3,148,89,176,3,76,8,1,12.5
100062,ADVENTHEALTH OCALA,FL,Acute Care Hospitals,Government - Hospital District or Authority,4,149,93,176,3,68,9,0,0.0
100258,DELRAY MEDICAL CENTER,FL,Acute Care Hospitals,Proprietary,1,151,94,176,3,50,9,3,33.3
100134,ED FRASER MEMORIAL HOSPITAL,FL,Acute Care Hospitals,Voluntary non-profit - Private,1,152,95,176,3,,4,1,25.0
100238,HCA FLORIDA NORTHSIDE HOSPITAL,FL,Acute Care Hospitals,Proprietary,1,153,96,176,3,79,9,3,33.3
100319,ADVENTHEALTH WESLEY CHAPEL,FL,Acute Care Hospitals,Voluntary non-profit - Private,5,153,96,176,3,70,8,0,0.0
100362,BAYCARE HOSPITAL WESLEY CHAPEL,FL,Acute Care Hospitals,Proprietary,Not Available,153,96,176,3,74,2,0,0.0
100173,ADVENTHEALTH TAMPA,FL,Acute Care Hospitals,Voluntary non-profit - Private,3,154,99,176,3,78,9,2,22.2
100046,Adventhealth Zephyrhills,FL,Acute Care Hospitals,Voluntary non-profit - Church,4,156,100,176,3,82,7,1,14.3
100118,AdventHealth Palm Coast,FL,Acute Care Hospitals,Voluntary non-profit - Church,5,157,101,176,3,90,8,3,37.5
100038,MEMORIAL REGIONAL HOSPITAL,FL,Acute Care Hospitals,Government - Hospital District or Authority,3,159,102,176,3,69,11,4,36.4
100045,ADVENTHEALTH DELAND,FL,Acute Care Hospitals,Voluntary non-profit - Church,4,159,102,176,3,82,7,1,14.3
100288,ST MARY'S MEDICAL CENTER,FL,Acute Care Hospitals,Proprietary,1,159,102,176,3,39,4,2,50.0
100264,HCA FLORIDA OAK HILL HOSPITAL,FL,Acute Care Hospitals,Proprietary,1,160,105,176,3,80,9,6,66.7
100290,"VILLAGES REGIONAL HOSPITAL, THE",FL,Acute Care Hospitals,Voluntary non-profit - Private,4,160,105,176,3,62,8,1,12.5
100023,HCA FLORIDA CITRUS HOSPITAL,FL,Acute Care Hospitals,Government - Hospital District or Authority,2,161,107,176,3,62,9,1,11.1
100040,ASCENSION ST VINCENT'S RIVERSIDE,FL,Acute Care Hospitals,Voluntary non-profit - Private,3,161,107,176,3,76,9,1,11.1
100071,TAMPA GENERAL HOSPITAL BROOKSVILLE,FL,Acute Care Hospitals,Voluntary non-profit - Church,1,161,107,176,3,51,7,3,42.9
100073,HOLY CROSS HOSPITAL,FL,Acute Care Hospitals,Voluntary non-profit - Church,4,161,107,176,3,68,11,1,9.1
100007,ADVENTHEALTH ORLANDO,FL,Acute Care Hospitals,Voluntary non-profit - Private,3,162,111,176,3,70,11,7,63.6
100090,FLAGLER HOSPITAL,FL,Acute Care Hospitals,Voluntary non-profit - Private,3,162,111,176,3,56,9,1,11.1
100157,LAKELAND REGIONAL MEDICAL CENTER,FL,Acute Care Hospitals,Voluntary non-profit - Private,1,162,111,176,3,54,11,4,36.4
100285,MEMORIAL HOSPITAL MIRAMAR,FL,Acute Care Hospitals,Government - Hospital District or Authority,5,162,111,176,3,88,5,1,20.0
100286,PHYSICIANS REGIONAL MEDICAL CENTER - PINE RIDGE,FL,Acute Care Hospitals,Proprietary,2,163,115,176,3,39,9,4,44.4
100296,DOCTORS HOSPITAL,FL,Acute Care Hospitals,Voluntary non-profit - Other,5,163,115,176,3,81,6,1,16.7
100275,WELLINGTON REGIONAL MEDICAL CENTER,FL,Acute Care Hospitals,Proprietary,2,164,117,176,3,75,8,4,50.0
100363,ADVENTHEALTH PALM COAST PARKWAY,FL,Acute Care Hospitals,Voluntary non-profit - Private,4,165,118,176,3,87,4,1,25.0
100084,UF HEALTH LEESBURG HOSPITAL,FL,Acute Care Hospitals,Voluntary non-profit - Private,3,168,119,176,3,71,9,2,22.2
100217,ORLANDO HEALTH SEBASTIAN RIVER HOSPITAL,FL,Acute Care Hospitals,Voluntary non-profit - Private,4,168,119,176,3,57,7,0,0.0
100256,HCA FLORIDA BAYONET POINT HOSPITAL,FL,Acute Care Hospitals,Proprietary,2,168,119,176,3,71,9,4,44.4
100140,BAPTIST MEDICAL CENTER - NASSAU,FL,Acute Care Hospitals,Voluntary non-profit - Private,4,169,122,176,3,59,6,0,0.0
100088,BAPTIST HEALTH MEDICAL CENTER - JACKSONVILLE,FL,Acute Care Hospitals,Voluntary non-profit - Private,4,170,123,176,3,54,11,2,18.2
100034,"MOUNT SINAI MEDICAL CENTER OF FLORIDA, INC",FL,Acute Care Hospitals,Voluntary non-profit - Private,3,172,124,176,3,70,11,2,18.2
100018,NAPLES COMMUNITY HOSPITAL,FL,Acute Care Hospitals,Voluntary non-profit - Private,3,173,125,176,3,67,11,1,9.1
100177,CAPE CANAVERAL HOSPITAL,FL,Acute Care Hospitals,Voluntary non-profit - Private,3,173,125,176,3,80,8,2,25.0
100266,GULF BREEZE HOSPITAL,FL,Acute Care Hospitals,Voluntary non-profit - Other,4,174,127,176,3,64,7,1,14.3
100006,ORLANDO HEALTH,FL,Acute Care Hospitals,Voluntary non-profit - Private,4,175,128,176,3,61,11,4,36.4
100029,NORTH SHORE MEDICAL CENTER,FL,Acute Care Hospitals,Proprietary,1,176,129,176,3,46,7,3,42.9
100017,HALIFAX HEALTH MEDICAL CENTER,FL,Acute Care Hospitals,Government - Hospital District or Authority,2,177,130,176,3,55,11,1,9.1
100026,ASCENSION SACRED HEART BAY,FL,Acute Care Hospitals,Voluntary non-profit - Private,3,178,131,176,3,57,9,0,0.0
100276,BROWARD HEALTH CORAL SPRINGS,FL,Acute Care Hospitals,Government - Hospital District or Authority,4,180,132,176,3,76,7,1,14.3
100292,SACRED HEART HOSPITAL ON THE EMERALD COAST,FL,Acute Care Hospitals,Voluntary non-profit - Other,3,181,133,176,4,73,7,0,0.0
100044,CLEVELAND CLINIC MARTIN NORTH HOSPITAL,FL,Acute Care Hospitals,Voluntary non-profit - Private,3,183,134,176,4,58,11,3,27.3
100127,MORTON PLANT HOSPITAL,FL,Acute Care Hospitals,Voluntary non-profit - Private,4,183,134,176,4,79,11,2,18.2
100050,LARKIN COMMUNITY HOSPITAL PALM SPRINGS CAMPUS,FL,Acute Care Hospitals,Voluntary non-profit - Private,4,184,136,176,4,97,4,0,0.0
100052,WINTER HAVEN HOSPITAL,FL,Acute Care Hospitals,Voluntary non-profit - Private,3,184,136,176,4,71,10,3,30.0
100364,ADVENTHEALTH RIVERVIEW,FL,Acute Care Hospitals,Voluntary non-profit - Private,Not Available,185,138,176,4,69,,,
100001,SHANDS JACKSONVILLE,FL,Acute Care Hospitals,Voluntary non-profit - Private,4,186,139,176,4,70,10,0,0.0
100075,ST JOSEPHS HOSPITAL,FL,Acute Care Hospitals,Voluntary non-profit - Church,4,186,139,176,4,74,10,3,30.0
100314,WEST KENDALL BAPTIST HOSPITAL,FL,Acute Care Hospitals,Voluntary non-profit - Private,5,186,139,176,4,90,6,1,16.7
100086,BROWARD HEALTH NORTH,FL,Acute Care Hospitals,Government - Hospital District or Authority,3,187,142,176,4,67,10,2,20.0
100168,BOCA RATON REGIONAL HOSPITAL,FL,Acute Care Hospitals,Voluntary non-profit - Private,2,188,143,176,4,71,11,1,9.1
100253,JUPITER MEDICAL CENTER,FL,Acute Care Hospitals,Voluntary non-profit - Private,4,188,143,176,4,80,11,3,27.3
100321,ASCENSION ST VINCENT'S CLAY COUNTY,FL,Acute Care Hospitals,Voluntary non-profit - Private,3,192,145,176,4,74,8,1,12.5
100063,MORTON PLANT NORTH BAY HOSPITAL,FL,Acute Care Hospitals,Voluntary non-profit - Private,3,193,146,176,4,72,7,2,28.6
100117,BAPTIST MEDICAL CENTER  BEACHES,FL,Acute Care Hospitals,Voluntary non-profit - Private,4,193,146,176,4,59,8,2,25.0
100187,PALMETTO GENERAL HOSPITAL,FL,Acute Care Hospitals,Proprietary,2,194,148,176,4,67,7,1,14.3
100315,VIERA HOSPITAL,FL,Acute Care Hospitals,Voluntary non-profit - Private,5,194,148,176,4,83,7,1,14.3
100002,BETHESDA HOSPITAL EAST,FL,Acute Care Hospitals,Voluntary non-profit - Private,2,195,150,176,4,74,11,2,18.2
100154,SOUTH MIAMI HOSPITAL,FL,Acute Care Hospitals,Voluntary non-profit - Private,4,195,150,176,4,87,8,2,25.0
100039,BROWARD HEALTH MEDICAL CENTER,FL,Acute Care Hospitals,Government - Hospital District or Authority,3,196,152,176,4,67,10,2,20.0
100265,MEASE COUNTRYSIDE HOSPITAL,FL,Acute Care Hospitals,Voluntary non-profit - Private,4,198,153,176,4,81,9,0,0.0
100132,SOUTH FLORIDA BAPTIST HOSPITAL,FL,Acute Care Hospitals,Voluntary non-profit - Private,3,199,154,176,4,76,9,0,0.0
100067,ST ANTHONYS HOSPITAL,FL,Acute Care Hospitals,Voluntary non-profit - Church,3,200,155,176,4,75,9,1,11.1
100022,JACKSON HEALTH SYSTEM,FL,Acute Care Hospitals,Government - Hospital District or Authority,1,204,156,176,4,69,9,4,44.4
100087,SARASOTA MEMORIAL HOSPITAL,FL,Acute Care Hospitals,Government - Hospital District or Authority,5,204,156,176,4,75,11,2,18.2
100135,TALLAHASSEE MEMORIAL HEALTHCARE,FL,Acute Care Hospitals,Voluntary non-profit - Private,3,204,156,176,4,59,11,1,9.1
100316,PALM BAY HOSPITAL,FL,Acute Care Hospitals,Proprietary,3,204,156,176,4,83,8,0,0.0
100057,ADVENTHEALTH WATERMAN,FL,Acute Care Hospitals,Voluntary non-profit - Church,4,206,160,176,4,80,9,0,0.0
100151,MAYO CLINIC,FL,Acute Care Hospitals,Voluntary non-profit - Private,5,206,160,176,4,69,11,1,9.1
100093,BAPTIST HOSPITAL,FL,Acute Care Hospitals,Voluntary non-profit - Private,4,207,162,176,4,49,11,1,9.1
100281,MEMORIAL HOSPITAL WEST,FL,Acute Care Hospitals,Government - Hospital District or Authority,3,207,162,176,4,76,10,3,30.0
100284,KERALTY HOSPITAL,FL,Acute Care Hospitals,Proprietary,2,207,162,176,4,100,3,1,33.3
100289,CLEVELAND CLINIC HOSPITAL,FL,Acute Care Hospitals,Voluntary non-profit - Private,5,214,165,176,4,61,11,2,18.2
100105,CLEVELAND CLINIC INDIAN RIVER HOSPITAL,FL,Acute Care Hospitals,Voluntary non-profit - Private,4,217,166,176,4,50,11,0,0.0
100244,CAPE CORAL HOSPITAL,FL,Acute Care Hospitals,Government - Hospital District or Authority,3,219,167,176,4,57,7,2,28.6
100012,LEE MEMORIAL HOSPITAL,FL,Acute Care Hospitals,Government - Hospital District or Authority,5,220,168,176,4,63,11,1,9.1
100028,PARRISH MEDICAL CENTER,FL,Acute Care Hospitals,Government - Hospital District or Authority,2,220,168,176,4,51,8,2,25.0
100019,HOLMES REGIONAL MEDICAL CENTER,FL,Acute Care Hospitals,Voluntary non-profit - Private,4,222,170,176,4,80,9,1,11.1
100359,SARASOTA MEMORIAL HOSPITAL - VENICE,FL,Acute Care Hospitals,Government - Hospital District or Authority,5,223,171,176,4,77,8,0,0.0
100113,UF HEALTH SHANDS HOSPITAL,FL,Acute Care Hospitals,Voluntary non-profit - Private,5,231,172,176,4,60,11,2,18.2
100125,HOMESTEAD HOSPITAL,FL,Acute Care Hospitals,Voluntary non-profit - Private,4,232,173,176,4,74,6,0,0.0
100128,TAMPA GENERAL HOSPITAL,FL,Acute Care Hospitals,Voluntary non-profit - Private,3,232,173,176,4,54,11,4,36.4
100008,BAPTIST HOSPITAL OF MIAMI,FL,Acute Care Hospitals,Voluntary non-profit - Private,5,235,175,176,4,94,10,3,30.0
100220,GULF COAST MEDICAL CENTER LEE HEALTH,FL,Acute Care Hospitals,Government - Hospital District or Authority,4,274,176,176,4,51,10,3,30.0
111323,OPTIM MEDICAL CENTER - TATTNALL,GA,Critical Access Hospitals,Proprietary,Not Available,68,1,123,1,,3,0,0.0
111332,ARCHBOLD BROOKS,GA,Critical Access Hospitals,Government - Hospital District or Authority,Not Available,78,2,123,1,,,,
111316,WARM SPRINGS MEDICAL CENTER,GA,Critical Access Hospitals,Voluntary non-profit - Other,Not Available,79,3,123,1,,,,
111305,MILLER COUNTY HOSPITAL,GA,Critical Access Hospitals,Government - Hospital District or Authority,Not Available,80,4,123,1,,1,0,0.0
110234,SGMC BERRIEN CAMPUS,GA,Acute Care Hospitals,Voluntary non-profit - Other,Not Available,83,5,123,1,,,,
111326,SGMC HEALTH LANIER,GA,Critical Access Hospitals,Government - Hospital District or Authority,Not Available,83,5,123,1,,,,
111303,JASPER MEMORIAL HOSPITAL,GA,Critical Access Hospitals,Government - Local,Not Available,86,7,123,1,,,,
111312,OPTIM MEDICAL CENTER - SCREVEN,GA,Critical Access Hospitals,Proprietary,Not Available,87,8,123,1,,1,0,0.0
110100,JEFFERSON HOSPITAL,GA,Acute Care Hospitals,Government - Hospital District or Authority,Not Available,92,9,123,1,,2,0,0.0
111308,CLINCH MEMORIAL HOSPITAL,GA,Critical Access Hospitals,Government - Hospital District or Authority,Not Available,93,10,123,1,,,,
111311,JENKINS COUNTY MEDICAL CENTER,GA,Critical Access Hospitals,Proprietary,Not Available,95,11,123,1,,,,
111330,ATRIUM HEALTH FLOYD POLK MEDICAL CENTER,GA,Critical Access Hospitals,Voluntary non-profit - Private,Not Available,95,11,123,1,,1,0,0.0
111304,MORGAN MEDICAL CENTER,GA,Critical Access Hospitals,Government - Hospital District or Authority,Not Available,97,13,123,1,,2,0,0.0
110027,"TY COBB REGIONAL MEDICAL CENTER, LLC",GA,Acute Care Hospitals,Voluntary non-profit - Private,3,102,14,123,1,81,6,1,16.7
111314,LIFEBRITE COMMUNITY HOSPITAL OF EARLY,GA,Critical Access Hospitals,Voluntary non-profit - Private,Not Available,102,14,123,1,,,,
11033F,Dwight Eisenhower AMC (FT Gordon),GA,Acute Care - Department of Defense,Department of Defense,Not Available,104,16,123,1,66,,,
111328,PHOEBE WORTH MEDICAL CENTER,GA,Critical Access Hospitals,Voluntary non-profit - Private,Not Available,107,17,123,1,,1,0,0.0
111336,MOUNTAIN LAKES MEDICAL CENTER,GA,Critical Access Hospitals,Proprietary,Not Available,107,17,123,1,,2,0,0.0
111325,WILLS MEMORIAL HOSPITAL,GA,Critical Access Hospitals,Government - Hospital District or Authority,Not Available,108,19,123,1,,1,0,0.0
111319,WELLSTAR SYLVAN GROVE MEDICAL CENTER,GA,Critical Access Hospitals,Voluntary non-profit - Private,Not Available,110,20,123,1,,,,
111333,JEFF DAVIS HOSPITAL,GA,Critical Access Hospitals,Government - Hospital District or Authority,Not Available,111,21,123,1,,3,0,0.0
111331,ARCHBOLD MITCHELL,GA,Critical Access Hospitals,Government - Hospital District or Authority,Not Available,112,22,123,1,,,,
111334,CANDLER COUNTY HOSPITAL,GA,Critical Access Hospitals,Proprietary,Not Available,113,23,123,1,,2,0,0.0
110236,COMMONSPIRIT-MEMORIAL HOSPITAL-NORTH GEORGIA,GA,Acute Care Hospitals,Voluntary non-profit - Private,3,118,24,123,1,77,4,1,25.0
110071,APPLING HEALTHCARE,GA,Acute Care Hospitals,Government - Hospital District or Authority,Not Available,119,25,123,1,,2,1,50.0
111337,ELBERT MEMORIAL HOSPITAL,GA,Critical Access Hospitals,Government - Hospital District or Authority,Not Available,120,26,123,1,,3,0,0.0
110032,STEPHENS COUNTY HOSPITAL,GA,Acute Care Hospitals,Government - Hospital District or Authority,2,124,27,123,1,48,6,1,16.7
110086,WASHINGTON COUNTY REGIONAL MEDICAL CENTER,GA,Acute Care Hospitals,Government - Hospital District or Authority,Not Available,124,27,123,1,,3,0,0.0
111329,ST MARYS GOOD SAMARITAN HOSPITAL,GA,Critical Access Hospitals,Proprietary,4,124,27,123,1,,6,1,16.7
111302,BLECKLEY MEMORIAL HOSPITAL,GA,Critical Access Hospitals,Government - Hospital District or Authority,Not Available,125,30,123,1,,1,0,0.0
111313,PUTNAM GENERAL HOSPITAL,GA,Critical Access Hospitals,Government - Hospital District or Authority,Not Available,125,30,123,1,,4,1,25.0
111320,HIGGINS GENERAL HOSPITAL,GA,Critical Access Hospitals,Government - Hospital District or Authority,Not Available,127,32,123,2,,2,0,0.0
110113,BURKE MEDICAL CENTER,GA,Acute Care Hospitals,Proprietary,Not Available,130,33,123,2,,3,0,0.0
110128,MEMORIAL HEALTH MEADOWS HOSPITAL,GA,Acute Care Hospitals,Proprietary,5,130,33,123,2,76,7,0,0.0
110045,"NGMC BARROW, LLC",GA,Acute Care Hospitals,Proprietary,4,132,35,123,2,70,5,0,0.0
110125,FAIRVIEW PARK HOSPITAL,GA,Acute Care Hospitals,Proprietary,4,132,35,123,2,77,7,2,28.6
110003,Memorial Satilla Health,GA,Acute Care Hospitals,Voluntary non-profit - Private,3,133,37,123,2,71,9,2,22.2
110006,ST MARY'S HOSPITAL,GA,Acute Care Hospitals,Voluntary non-profit - Private,1,133,37,123,2,73,8,2,25.0
110046,PIEDMONT WALTON HOSPITAL,GA,Acute Care Hospitals,Proprietary,4,137,39,123,2,52,6,0,0.0
110075,EAST GEORGIA REGIONAL MEDICAL CENTER,GA,Acute Care Hospitals,Proprietary,3,139,40,123,2,49,8,1,12.5
110142,EVANS MEMORIAL HOSPITAL,GA,Acute Care Hospitals,Government - Hospital District or Authority,Not Available,139,40,123,2,,3,1,33.3
110111,UNIVERSITY MCDUFFIE COUNTY REGIONAL MEDICAL CENTER,GA,Acute Care Hospitals,Government - Hospital District or Authority,Not Available,141,42,123,2,,5,2,40.0
110050,ADVENTHEALTH MURRAY,GA,Acute Care Hospitals,Voluntary non-profit - Private,5,143,43,123,2,87,4,0,0.0
110121,GRADY GENERAL HOSPITAL,GA,Acute Care Hospitals,Voluntary non-profit - Private,Not Available,144,44,123,2,,4,0,0.0
111306,EFFINGHAM HEALTH SYSTEM,GA,Critical Access Hospitals,Government - Hospital District or Authority,Not Available,144,44,123,2,,6,0,0.0
110015,TANNER MEDICAL CENTER VILLA RICA,GA,Acute Care Hospitals,Government - Hospital District or Authority,3,146,46,123,2,74,9,3,33.3
11032F,Martin ACH (FT Benning),GA,Acute Care - Department of Defense,Department of Defense,Not Available,147,47,123,2,,,,
110016,WELLSTAR WEST GEORGIA MEDICAL CENTER,GA,Acute Care Hospitals,Voluntary non-profit - Private,5,150,48,123,2,72,9,0,0.0
110073,DORMINY MEDICAL CENTER,GA,Acute Care Hospitals,Government - Local,Not Available,150,48,123,2,,4,0,0.0
111318,MONROE COUNTY HOSPITAL,GA,Critical Access Hospitals,Government - Hospital District or Authority,Not Available,150,48,123,2,,1,0,0.0
111324,CHATUGE REGIONAL HOSPITAL,GA,Critical Access Hospitals,Government - Hospital District or Authority,Not Available,151,51,123,2,,2,1,50.0
110225,PIEDMONT MOUNTAINSIDE HOSPITAL INC,GA,Acute Care Hospitals,Voluntary non-profit - Other,4,152,52,123,2,55,6,1,16.7
110054,ATRIUM HEALTH FLOYD MEDICAL CENTER,GA,Acute Care Hospitals,Government - Hospital District or Authority,2,154,53,123,2,61,8,2,25.0
110146,SOUTHEAST GEORGIA HEALTH SYSTEM -- CAMDEN CAMPUS,GA,Acute Care Hospitals,Government - Hospital District or Authority,4,154,53,123,2,52,7,0,0.0
110036,SAVANNAH HEALTH SERVICES LLC DBA MEMORIAL HEALTH UNIVERSITY MEDICAL CENTER,GA,Acute Care Hospitals,Voluntary non-profit - Other,1,156,55,123,2,74,9,3,33.3
11035F,Winn ACH (FT Stewart),GA,Acute Care - Department of Defense,Department of Defense,Not Available,156,55,123,2,,,,
111327,BACON COUNTY HOSPITAL,GA,Critical Access Hospitals,Voluntary non-profit - Other,Not Available,156,55,123,2,,3,1,33.3
110041,NORTHEAST GEORGIA MEDICAL CENTER HABERSHAM,GA,Acute Care Hospitals,Government - Hospital District or Authority,3,157,58,123,2,82,6,0,0.0
110002,UPSON REGIONAL MEDICAL CENTER,GA,Acute Care Hospitals,Voluntary non-profit - Other,1,160,59,123,2,67,6,1,16.7
110064,PIEDMONT COLUMBUS REGIONAL MIDTOWN,GA,Acute Care Hospitals,Voluntary non-profit - Other,2,161,60,123,2,53,9,2,22.2
110237,NORTHEAST GEORGIA MEDICAL CENTER LUMPKIN,GA,Acute Care Hospitals,Voluntary non-profit - Other,5,162,61,123,2,,4,0,0.0
110105,COLQUITT REGIONAL MEDICAL CENTER,GA,Acute Care Hospitals,Government - Hospital District or Authority,4,164,62,123,2,95,9,2,22.2
110092,DODGE COUNTY HOSPITAL,GA,Acute Care Hospitals,Government - Hospital District or Authority,Not Available,165,63,123,3,,3,0,0.0
110109,EMANUEL MEDICAL CENTER,GA,Acute Care Hospitals,Government - Hospital District or Authority,4,165,63,123,3,66,5,0,0.0
110030,PIEDMONT CARTERSVILLE MEDICAL CENTER,GA,Acute Care Hospitals,Voluntary non-profit - Private,3,168,65,123,3,48,7,1,14.3
110132,MEMORIAL HOSPITAL AND MANOR,GA,Acute Care Hospitals,Government - Hospital District or Authority,1,168,65,123,3,,4,2,50.0
110025,SOUTHEAST GEORGIA HEALTH SYSTEM- BRUNSWICK CAMPUS,GA,Acute Care Hospitals,Government - Hospital District or Authority,2,170,67,123,3,38,10,1,10.0
110168,ADVENTHEALTH REDMOND,GA,Acute Care Hospitals,Proprietary,4,170,67,123,3,78,9,3,33.3
110005,NORTHSIDE HOSPITAL FORSYTH,GA,Acute Care Hospitals,Voluntary non-profit - Private,4,171,69,123,3,68,10,0,0.0
110051,UNION GENERAL HOSPITAL,GA,Acute Care Hospitals,Government - Local,3,171,69,123,3,70,7,2,28.6
110177,DOCTORS HOSPITAL,GA,Acute Care Hospitals,Proprietary,3,171,69,123,3,74,8,0,0.0
111335,LIBERTY REGIONAL MEDICAL CENTER,GA,Critical Access Hospitals,Government - Hospital District or Authority,Not Available,173,72,123,3,,3,0,0.0
110192,PIEDMONT EASTSIDE MEDICAL CENTER,GA,Acute Care Hospitals,Proprietary,2,176,73,123,3,53,8,1,12.5
111310,ATRIUM HEALTH NAVICENT PEACH,GA,Critical Access Hospitals,Voluntary non-profit - Private,1,177,74,123,3,60,4,0,0.0
110023,ADVENTHEALTH GORDON,GA,Acute Care Hospitals,Voluntary non-profit - Church,3,178,75,123,3,80,8,0,0.0
110198,WELLSTAR NORTH FULTON MEDICAL CENTER,GA,Acute Care Hospitals,Proprietary,2,178,75,123,3,66,7,1,14.3
110104,CRISP REGIONAL HOSPITAL,GA,Acute Care Hospitals,Proprietary,2,180,77,123,3,61,6,1,16.7
110194,DONALSONVILLE HOSPITAL INC,GA,Acute Care Hospitals,Voluntary non-profit - Private,Not Available,180,77,123,3,,3,0,0.0
110124,WAYNE MEMORIAL HOSPITAL,GA,Acute Care Hospitals,Government - Hospital District or Authority,3,181,79,123,3,23,8,1,12.5
110074,PIEDMONT ATHENS REGIONAL MEDICAL CENTER,GA,Acute Care Hospitals,Voluntary non-profit - Other,4,183,80,123,3,51,10,0,0.0
110107,ATRIUM HEALTH NAVICENT THE MEDICAL CENTER,GA,Acute Care Hospitals,Government - Hospital District or Authority,2,184,81,123,3,37,11,3,27.3
110184,WELLSTAR DOUGLAS MEDICAL CENTER,GA,Acute Care Hospitals,Voluntary non-profit - Private,3,186,82,123,3,76,6,0,0.0
110001,HAMILTON MEDICAL CENTER,GA,Acute Care Hospitals,Voluntary non-profit - Private,3,187,83,123,3,63,10,1,10.0
110201,PIEDMONT MACON NORTH HOSPITAL,GA,Acute Care Hospitals,Proprietary,4,188,84,123,3,63,5,0,0.0
110011,TANNER MEDICAL CENTER - CARROLLTON,GA,Acute Care Hospitals,Government - Hospital District or Authority,2,191,85,123,3,75,7,3,42.9
110024,CANDLER HOSPITAL,GA,Acute Care Hospitals,Voluntary non-profit - Private,2,191,85,123,3,55,8,1,12.5
110031,WELLSTAR SPALDING MEDICAL CENTER,GA,Acute Care Hospitals,Voluntary non-profit - Private,2,192,87,123,3,74,7,1,14.3
110150,NAVICENT HEALTH BALDWIN,GA,Acute Care Hospitals,Proprietary,2,197,88,123,3,53,6,0,0.0
110042,WELLSTAR PAULDING MEDICAL CENTER,GA,Acute Care Hospitals,Voluntary non-profit - Other,4,200,89,123,3,72,7,1,14.3
110200,PIEDMONT COLUMBUS REGIONAL NORTHSIDE,GA,Acute Care Hospitals,Proprietary,5,200,89,123,3,63,7,0,0.0
110229,"PIEDMONT NEWNAN HOSPITAL, INC",GA,Acute Care Hospitals,Voluntary non-profit - Private,4,202,91,123,3,55,8,0,0.0
110122,SGMC HEALTH,GA,Acute Care Hospitals,Government - Hospital District or Authority,2,204,92,123,3,33,10,3,30.0
110008,NORTHSIDE HOSPITAL CHEROKEE,GA,Acute Care Hospitals,Voluntary non-profit - Other,4,205,93,123,3,79,10,1,10.0
110043,ST JOSEPH'S HOSPITAL - SAVANNAH,GA,Acute Care Hospitals,Voluntary non-profit - Private,2,206,94,123,4,56,9,1,11.1
110252,NORTHSIDE HOSPITAL DULUTH,GA,Acute Care Hospitals,Voluntary non-profit - Private,4,209,95,123,4,71,6,1,16.7
110230,EMORY JOHNS CREEK HOSPITAL,GA,Acute Care Hospitals,Proprietary,4,210,96,123,4,48,8,0,0.0
110028,PIEDMONT AUGUSTA HOSPITAL,GA,Acute Care Hospitals,Government - Hospital District or Authority,2,212,97,123,4,55,9,2,22.2
110089,"COFFEE REGIONAL MEDICAL CENTER, INC",GA,Acute Care Hospitals,Government - Hospital District or Authority,3,213,98,123,4,72,8,1,12.5
110018,PIEDMONT NEWTON HOSPITAL,GA,Acute Care Hospitals,Voluntary non-profit - Private,3,214,99,123,4,54,9,0,0.0
110044,PHOEBE SUMTER MEDICAL CENTER,GA,Acute Care Hospitals,Government - Hospital District or Authority,3,216,100,123,4,78,8,1,12.5
110226,EMORY HILLANDALE HOSPITAL,GA,Acute Care Hospitals,Government - Hospital District or Authority,1,216,100,123,4,54,5,2,40.0
110091,PIEDMONT ROCKDALE HOSPITAL,GA,Acute Care Hospitals,Proprietary,3,220,102,123,4,49,9,1,11.1
110129,ST FRANCIS HOSPITAL- EMORY HEALTHCARE,GA,Acute Care Hospitals,Voluntary non-profit - Private,3,221,103,123,4,44,10,0,0.0
110029,"NORTHEAST GEORGIA MEDICAL CENTER, INC",GA,Acute Care Hospitals,Government - Local,3,226,104,123,4,38,11,2,18.2
110038,ARCHBOLD MEMORIAL HOSPITAL,GA,Acute Care Hospitals,Voluntary non-profit - Private,2,226,104,123,4,57,10,1,10.0
110164,"COLISEUM MEDICAL CENTERS, LLC, DBA",GA,Acute Care Hospitals,Voluntary non-profit - Private,3,229,106,123,4,56,8,2,25.0
110161,NORTHSIDE HOSPITAL,GA,Acute Care Hospitals,Voluntary non-profit - Private,3,236,107,123,4,67,10,4,40.0
110191,PIEDMONT HENRY HOSPITAL,GA,Acute Care Hospitals,Government - Hospital District or Authority,2,244,108,123,4,43,8,1,12.5
110076,EMORY DECATUR HOSPITAL,GA,Acute Care Hospitals,Voluntary non-profit - Private,2,246,109,123,4,39,10,2,20.0
110095,TIFT REGIONAL MEDICAL CENTER,GA,Acute Care Hospitals,Government - Hospital District or Authority,3,252,110,123,4,62,9,2,22.2
110083,"PIEDMONT HOSPITAL, INC",GA,Acute Care Hospitals,Government - Federal,4,255,111,123,4,46,11,0,0.0
110143,WELLSTAR COBB MEDICAL CENTER,GA,Acute Care Hospitals,Voluntary non-profit - Other,3,256,112,123,4,65,9,1,11.1
110069,EMORY HOUSTON HOSPITAL WARNER ROBINS,GA,Acute Care Hospitals,Voluntary non-profit - Private,2,258,113,123,4,55,10,3,30.0
110082,"SAINT JOSEPH'S HOSPITAL OF ATLANTA, INC",GA,Acute Care Hospitals,Voluntary non-profit - Private,3,259,114,123,4,32,8,2,25.0
110165,SOUTHERN REGIONAL MEDICAL CENTER,GA,Acute Care Hospitals,Voluntary non-profit - Private,1,260,115,123,4,49,5,2,40.0
110035,WELLSTAR KENNESTONE REGIONAL MEDICAL CENTER,GA,Acute Care Hospitals,Government - Hospital District or Authority,4,263,116,123,4,84,11,1,9.1
110087,NORTHSIDE HOSPITAL GWINNETT,GA,Acute Care Hospitals,Government - Hospital District or Authority,3,264,117,123,4,57,11,2,18.2
110034,"WELLSTAR MCG HEALTH, AFFILIATED WITH MED COL",GA,Acute Care Hospitals,Voluntary non-profit - Private,1,269,118,123,4,58,10,2,20.0
110215,PIEDMONT FAYETTE HOSPITAL,GA,Acute Care Hospitals,Voluntary non-profit - Private,3,281,119,123,4,64,10,1,10.0
110007,PHOEBE PUTNEY MEMORIAL HOSPITAL,GA,Acute Care Hospitals,Government - Hospital District or Authority,2,287,120,123,4,84,11,0,0.0
110010,EMORY UNIVERSITY HOSPITAL,GA,Acute Care Hospitals,Voluntary non-profit - Private,4,305,121,123,4,32,11,2,18.2
110079,GRADY MEMORIAL HOSPITAL,GA,Acute Care Hospitals,Voluntary non-profit - Private,2,324,122,123,4,56,8,1,12.5
110078,EMORY UNIVERSITY HOSPITAL MIDTOWN,GA,Acute Care Hospitals,Voluntary non-profit - Private,2,345,123,123,4,26,10,1,10.0
650001,GUAM MEMORIAL  HOSPITAL AUTHORITY,GU,Acute Care Hospitals,Government - Local,2,154,1,1,,30,6,2,33.3
121306,SAMUEL MAHELONA MEMORIAL HOSPITAL,HI,Critical Access Hospitals,Government - State,Not Available,59,1,20,1,,,,
121308,KULA HOSPITAL,HI,Critical Access Hospitals,Voluntary non-profit - Private,Not Available,59,1,20,1,,,,
121307,HONOKA'A HOSPITAL AND SKILLED NURSING,HI,Critical Access Hospitals,Government - State,Not Available,65,3,20,1,,,,
121305,LANAI COMMUNITY HOSPITAL,HI,Critical Access Hospitals,Voluntary non-profit - Private,Not Available,78,4,20,1,,,,
121300,KAUAI VETERANS MEMORIAL HOSPITAL,HI,Critical Access Hospitals,Government - State,Not Available,79,5,20,1,63,2,0,0.0
121304,KAHUKU MEDICAL CENTER,HI,Critical Access Hospitals,Voluntary non-profit - Other,Not Available,81,6,20,2,,,,
121302,KOHALA HOSPITAL,HI,Critical Access Hospitals,Government - State,Not Available,82,7,20,2,,,,
121301,KAU HOSPITAL,HI,Critical Access Hospitals,Government - State,Not Available,83,8,20,2,,,,
121303,MOLOKAI GENERAL HOSPITAL,HI,Critical Access Hospitals,Voluntary non-profit - Private,Not Available,84,9,20,2,,,,
120022,STRAUB CLINIC AND HOSPITAL,HI,Acute Care Hospitals,Proprietary,4,116,10,20,2,80,11,2,18.2
120028,"NORTH HAWAII COMMUNITY HOSPITAL, INC",HI,Acute Care Hospitals,Voluntary non-profit - Private,3,135,11,20,3,80,7,0,0.0
120002,MAUI MEMORIAL MEDICAL CENTER,HI,Acute Care Hospitals,Government - State,2,144,12,20,3,89,9,2,22.2
120005,HILO BENIOFF MEDICAL CENTER,HI,Acute Care Hospitals,Government - State,3,150,13,20,3,68,9,3,33.3
120007,KUAKINI MEDICAL CENTER,HI,Acute Care Hospitals,Voluntary non-profit - Private,4,150,13,20,3,67,8,1,12.5
120014,WILCOX MEMORIAL HOSPITAL,HI,Acute Care Hospitals,Government - Federal,2,150,13,20,3,82,7,1,14.3
120006,ADVENTIST HEALTH CASTLE,HI,Acute Care Hospitals,Voluntary non-profit - Church,4,159,16,20,4,90,10,1,10.0
120026,PALI MOMI MEDICAL CENTER,HI,Acute Care Hospitals,Proprietary,4,160,17,20,4,76,9,2,22.2
120019,KONA COMMUNITY HOSPITAL,HI,Acute Care Hospitals,Government - State,2,169,18,20,4,66,8,0,0.0
120001,THE QUEENS MEDICAL CENTER,HI,Acute Care Hospitals,Voluntary non-profit - Private,3,178,19,20,4,72,11,2,18.2
12001F,Tripler AMC (FT Shafter),HI,Acute Care - Department of Defense,Department of Defense,Not Available,198,20,20,4,66,,,
161317,COMPASS MEMORIAL HEALTHCARE,IA,Critical Access Hospitals,Voluntary non-profit - Private,4,58,1,111,1,,5,0,0.0
161374,MYRTUE MEDICAL CENTER,IA,Critical Access Hospitals,Voluntary non-profit - Other,3,59,2,111,1,,6,0,0.0
161349,VIRGINIA GAY HOSPITAL,IA,Critical Access Hospitals,Voluntary non-profit - Private,4,74,3,111,1,,4,1,25.0
161329,JACKSON COUNTY REGIONAL HEALTH CENTER,IA,Critical Access Hospitals,Government - Local,Not Available,80,4,111,1,,2,0,0.0
161303,GRUNDY COUNTY MEMORIAL HOSPITAL,IA,Critical Access Hospitals,Voluntary non-profit - Other,Not Available,81,5,111,1,,3,0,0.0
161301,IOWA SPECIALTY HOSPITAL - BELMOND,IA,Critical Access Hospitals,Government - Local,Not Available,85,6,111,1,,1,0,0.0
161323,MITCHELL COUNTY REGIONAL HEALTH,IA,Critical Access Hospitals,Government - Federal,3,86,7,111,1,,4,1,25.0
161344,WASHINGTON COUNTY HOSPITAL AND CLINICS,IA,Critical Access Hospitals,Voluntary non-profit - Other,Not Available,87,8,111,1,,2,0,0.0
161376,CASS COUNTY MEMORIAL HOSPITAL,IA,Critical Access Hospitals,Government - Local,5,87,8,111,1,84,6,0,0.0
161316,GUNDERSEN PALMER LUTHERAN HOSPITAL AND CLINICS,IA,Critical Access Hospitals,Voluntary non-profit - Private,5,88,10,111,1,,3,0,0.0
161328,REGIONAL HEALTH SERVICES OF HOWARD COUNTY,IA,Critical Access Hospitals,Government - Local,4,88,10,111,1,,5,0,0.0
161330,AUDUBON COUNTY MEMORIAL HOSPITAL,IA,Critical Access Hospitals,Government - Local,Not Available,88,10,111,1,,1,0,0.0
161335,BUCHANAN COUNTY HEALTH CENTER,IA,Critical Access Hospitals,Voluntary non-profit - Other,Not Available,88,10,111,1,,3,0,0.0
161318,VETERANS MEMORIAL HOSPITAL,IA,Critical Access Hospitals,Government - Local,Not Available,93,14,111,1,,4,0,0.0
161356,HENRY COUNTY HEALTH CENTER,IA,Critical Access Hospitals,Physician,Not Available,93,14,111,1,,2,0,0.0
161353,KOSSUTH REGIONAL HEALTH CENTER,IA,Critical Access Hospitals,Government - Local,1,94,16,111,1,,5,0,0.0
161334,HUMBOLDT COUNTY MEMORIAL HOSPITAL,IA,Critical Access Hospitals,Voluntary non-profit - Other,Not Available,96,17,111,1,,3,1,33.3
161312,GUTTENBERG MUNICIPAL HOSPITAL,IA,Critical Access Hospitals,Government - Local,Not Available,98,18,111,1,,1,0,0.0
161365,GREATER REGIONAL MEDICAL CENTER,IA,Critical Access Hospitals,Government - Local,3,98,18,111,1,75,7,0,0.0
160040,"SARTORI MEMORIAL HOSPITAL, INC",IA,Acute Care Hospitals,Voluntary non-profit - Church,Not Available,99,20,111,1,,4,0,0.0
161336,HEGG MEMORIAL HEALTH CENTER,IA,Critical Access Hospitals,Voluntary non-profit - Private,Not Available,99,20,111,1,,2,0,0.0
161302,IOWA SPECIALTY HOSPITAL - CLARION,IA,Critical Access Hospitals,Government - Local,Not Available,100,22,111,1,,3,0,0.0
161327,DAVIS COUNTY HOSPITAL,IA,Critical Access Hospitals,Government - Local,Not Available,101,23,111,1,,1,0,0.0
161309,CHI HEALTH MISSOURI VALLEY,IA,Critical Access Hospitals,Voluntary non-profit - Private,4,102,24,111,1,65,4,1,25.0
161319,MERCYONE ELKADER MEDICAL CENTER,IA,Critical Access Hospitals,Voluntary non-profit - Private,Not Available,102,24,111,1,,1,0,0.0
161340,DECATUR COUNTY HOSPITAL,IA,Critical Access Hospitals,Government - Local,Not Available,102,24,111,1,,2,1,50.0
161380,HANSEN FAMILY HOSPITAL,IA,Critical Access Hospitals,Government - Local,Not Available,102,24,111,1,,3,0,0.0
161313,MERCYONE GENESIS DEWITT MEDICAL CENTER,IA,Critical Access Hospitals,Voluntary non-profit - Private,Not Available,103,28,111,1,,3,0,0.0
161333,STORY COUNTY HOSPITAL,IA,Critical Access Hospitals,Government - Local,Not Available,103,28,111,2,,2,0,0.0
161354,HORN MEMORIAL HOSPITAL,IA,Critical Access Hospitals,Voluntary non-profit - Private,Not Available,103,28,111,2,,3,0,0.0
161378,MERCYONE DYERSVILLE MEDICAL CENTER,IA,Critical Access Hospitals,Voluntary non-profit - Private,Not Available,103,28,111,2,,1,0,0.0
160147,GRINNELL REGIONAL MEDICAL CENTER,IA,Acute Care Hospitals,Voluntary non-profit - Private,2,104,32,111,2,55,6,0,0.0
161332,MANNING REGIONAL HEALTHCARE CENTER,IA,Critical Access Hospitals,Voluntary non-profit - Private,Not Available,104,32,111,2,,1,0,0.0
161348,CLARKE COUNTY HOSPITAL,IA,Critical Access Hospitals,Voluntary non-profit - Other,5,104,32,111,2,,3,0,0.0
161361,VAN DIEST MEDICAL CENTER,IA,Critical Access Hospitals,Voluntary non-profit - Other,5,104,32,111,2,,3,0,0.0
161357,PALO ALTO COUNTY HOSPITAL,IA,Critical Access Hospitals,Government - Local,Not Available,105,36,111,2,,3,0,0.0
161370,LORING HOSPITAL,IA,Critical Access Hospitals,Voluntary non-profit - Private,Not Available,105,36,111,2,,3,0,0.0
161321,AVERA MERRILL PIONEER HOSPITAL,IA,Critical Access Hospitals,Voluntary non-profit - Private,Not Available,106,38,111,2,,2,0,0.0
161341,LUCAS COUNTY HEALTH CENTER,IA,Critical Access Hospitals,Voluntary non-profit - Other,Not Available,108,39,111,2,,2,0,0.0
161324,GEORGE C GRAPE COMMUNITY HOSPITAL,IA,Critical Access Hospitals,Voluntary non-profit - Private,Not Available,109,40,111,2,,2,0,0.0
161325,GREENE COUNTY MEDICAL CENTER,IA,Critical Access Hospitals,Government - Local,Not Available,109,40,111,2,,2,0,0.0
161331,MERCY MEDICAL CENTER-NEW HAMPTON,IA,Critical Access Hospitals,Voluntary non-profit - Church,Not Available,109,40,111,2,,3,1,33.3
161322,DALLAS COUNTY HOSPITAL,IA,Critical Access Hospitals,Government - Local,Not Available,110,43,111,2,,1,0,0.0
161307,HANCOCK COUNTY HEALTH SYSTEM,IA,Critical Access Hospitals,Government - Local,Not Available,112,44,111,2,,3,0,0.0
161351,AVERA HOLY FAMILY HOSPITAL,IA,Critical Access Hospitals,Voluntary non-profit - Private,2,112,44,111,2,,5,1,20.0
161363,MONTGOMERY COUNTY MEMORIAL HOSPITAL,IA,Critical Access Hospitals,Government - Local,Not Available,112,44,111,2,,5,1,20.0
161369,CRAWFORD COUNTY MEMORIAL HOSPITAL,IA,Critical Access Hospitals,Government - Local,2,112,44,111,2,,4,0,0.0
161306,JONES REGIONAL MEDICAL CENTER,IA,Critical Access Hospitals,Voluntary non-profit - Private,4,113,48,111,2,,4,0,0.0
161326,MADISON COUNTY HEALTH CARE SYSTEM,IA,Critical Access Hospitals,Government - Local,Not Available,113,48,111,2,,3,0,0.0
160117,FINLEY HOSPITAL,IA,Acute Care Hospitals,Voluntary non-profit - Private,3,114,50,111,2,52,7,0,0.0
161366,SHENANDOAH MEDICAL CENTER,IA,Critical Access Hospitals,Voluntary non-profit - Private,Not Available,114,50,111,2,,5,1,20.0
161381,SANFORD SHELDON MEDICAL CENTER,IA,Critical Access Hospitals,Voluntary non-profit - Private,Not Available,115,52,111,2,,2,0,0.0
161364,JEFFERSON COUNTY HEALTH CENTER,IA,Critical Access Hospitals,Government - Local,2,117,53,111,2,,6,2,33.3
160112,SPENCER MUNICIPAL HOSPITAL,IA,Acute Care Hospitals,Government - Local,4,118,54,111,2,84,9,1,11.1
161314,GUTHRIE COUNTY HOSPITAL,IA,Critical Access Hospitals,Voluntary non-profit - Other,Not Available,118,54,111,2,,2,0,0.0
161320,COMMUNITY MEMORIAL HOSPITAL MEDICAL CENTER,IA,Critical Access Hospitals,Voluntary non-profit - Private,Not Available,118,54,111,2,,3,0,0.0
161345,OSCEOLA COMMUNITY HOSPITAL,IA,Critical Access Hospitals,Voluntary non-profit - Private,Not Available,118,54,111,3,,2,0,0.0
161360,ORANGE CITY AREA HEALTH SYSTEM,IA,Critical Access Hospitals,Voluntary non-profit - Other,3,120,58,111,3,,4,2,50.0
161372,BOONE COUNTY HOSPITAL,IA,Critical Access Hospitals,Voluntary non-profit - Other,Not Available,120,58,111,3,,2,0,0.0
160080,MERCYONE CLINTON MEDICAL CENTER,IA,Acute Care Hospitals,Voluntary non-profit - Private,4,121,60,111,3,70,9,0,0.0
161305,POCAHONTAS COMMUNITY HOSPITAL,IA,Critical Access Hospitals,Government - Local,Not Available,121,60,111,3,,1,0,0.0
161346,SIOUX CENTER HEALTH,IA,Critical Access Hospitals,Voluntary non-profit - Private,Not Available,122,62,111,3,,4,0,0.0
161371,WINNMED,IA,Critical Access Hospitals,Government - Local,4,124,63,111,3,,7,0,0.0
160124,LAKES REGIONAL HEALTHCARE,IA,Acute Care Hospitals,Government - Local,2,125,64,111,3,71,7,2,28.6
161342,MONROE COUNTY HOSPITAL,IA,Critical Access Hospitals,Government - Local,Not Available,126,65,111,3,,2,1,50.0
161308,FRANKLIN GENERAL HOSPITAL,IA,Critical Access Hospitals,Government - Local,Not Available,129,66,111,3,,3,0,0.0
161350,STEWART MEMORIAL COMMUNITY HOSPITAL,IA,Critical Access Hospitals,Voluntary non-profit - Private,Not Available,129,66,111,3,,3,1,33.3
161377,MERCYONE CENTERVILLE MEDICAL CENTER,IA,Critical Access Hospitals,Voluntary non-profit - Private,Not Available,129,66,111,3,,4,0,0.0
161304,CHI HEALTH - MERCY CORNING,IA,Critical Access Hospitals,Voluntary non-profit - Church,3,131,69,111,3,,4,0,0.0
161362,CHEROKEE REGIONAL MEDICAL CENTER,IA,Critical Access Hospitals,Voluntary non-profit - Private,2,132,70,111,3,,5,1,20.0
161382,ST ANTHONY REGIONAL HOSPITAL & NURSING HOME,IA,Critical Access Hospitals,Voluntary non-profit - Private,2,132,70,111,3,61,8,0,0.0
160013,TRINITY MUSCATINE,IA,Acute Care Hospitals,Voluntary non-profit - Private,4,135,72,111,3,64,6,0,0.0
160057,SOUTHEAST IOWA REGIONAL MEDICAL CENTER,IA,Acute Care Hospitals,Voluntary non-profit - Private,4,135,72,111,3,65,10,0,0.0
160079,MERCY MEDICAL CENTER - CEDAR RAPIDS,IA,Acute Care Hospitals,Voluntary non-profit - Church,4,136,74,111,3,62,11,1,9.1
161373,RINGGOLD COUNTY HOSPITAL,IA,Critical Access Hospitals,Government - State,Not Available,140,75,111,3,,2,0,0.0
161379,MAHASKA  HEALTH PARTNERSHIP,IA,Critical Access Hospitals,Government - Local,4,141,76,111,3,,4,0,0.0
161310,ADAIR COUNTY MEMORIAL HOSPITAL,IA,Critical Access Hospitals,Government - Local,Not Available,142,77,111,3,,1,0,0.0
161337,VAN BUREN COUNTY HOSPITAL,IA,Critical Access Hospitals,Government - Local,Not Available,142,77,111,3,,2,0,0.0
161338,MERCYONE OELWEIN MEDICAL CENTER,IA,Critical Access Hospitals,Voluntary non-profit - Private,Not Available,144,79,111,3,,1,0,0.0
160030,MARY GREELEY MEDICAL CENTER,IA,Acute Care Hospitals,Government - Local,4,145,80,111,3,67,10,0,0.0
161355,KNOXVILLE HOSPITAL & CLINICS,IA,Critical Access Hospitals,Voluntary non-profit - Private,2,145,80,111,3,,4,1,25.0
161359,BURGESS HEALTH CENTER,IA,Critical Access Hospitals,Voluntary non-profit - Private,3,145,80,111,3,,4,1,25.0
161343,REGIONAL MEDICAL CENTER,IA,Critical Access Hospitals,Voluntary non-profit - Other,4,147,83,111,3,,5,0,0.0
160047,METHODIST JENNIE EDMUNDSON,IA,Acute Care Hospitals,Voluntary non-profit - Private,3,149,84,111,3,69,10,0,0.0
161358,WAYNE COUNTY HOSPITAL,IA,Critical Access Hospitals,Government - Local,Not Available,149,84,111,4,,6,0,0.0
161375,BUENA VISTA REGIONAL MEDICAL CENTER,IA,Critical Access Hospitals,Government - Local,2,151,86,111,4,,6,0,0.0
161352,CLARINDA REGIONAL HEALTH CENTER,IA,Critical Access Hospitals,Government - Local,4,152,87,111,4,,6,0,0.0
161347,FLOYD COUNTY MEDICAL CENTER,IA,Critical Access Hospitals,Government - Local,3,153,88,111,4,,5,0,0.0
160001,UNITYPOINT HEALTH - MARSHALLTOWN,IA,Acute Care Hospitals,Voluntary non-profit - Private,3,154,89,111,4,70,6,0,0.0
161367,PELLA REGIONAL HEALTH CENTER,IA,Critical Access Hospitals,Voluntary non-profit - Private,4,154,89,111,4,85,7,0,0.0
161339,WAVERLY HEALTH CENTER,IA,Critical Access Hospitals,Government - Local,5,155,91,111,4,,4,0,0.0
160029,UNIVERSITY OF IOWA HEALTH CARE MEDICAL CENTER DOWN,IA,Acute Care Hospitals,Voluntary non-profit - Church,4,157,92,111,4,82,10,3,30.0
160032,MERCYONE NEWTON MEDICAL CENTER,IA,Acute Care Hospitals,Voluntary non-profit - Private,4,158,93,111,4,61,7,0,0.0
161311,HAWARDEN REGIONAL HEALTHCARE,IA,Critical Access Hospitals,Government - Local,Not Available,158,93,111,4,,3,0,0.0
160110,ALLEN HOSPITAL,IA,Acute Care Hospitals,Voluntary non-profit - Private,3,159,95,111,4,62,11,1,9.1
160016,TRINITY REGIONAL MEDICAL CENTER,IA,Acute Care Hospitals,Voluntary non-profit - Private,2,168,96,111,4,39,7,0,0.0
160045,ST LUKES HOSPITAL,IA,Acute Care Hospitals,Voluntary non-profit - Private,4,168,96,111,4,63,9,1,11.1
161368,FLOYD VALLEY HEALTHCARE,IA,Critical Access Hospitals,Government - Local,3,168,96,111,4,,4,0,0.0
160028,CHI HEALTH MERCY COUNCIL BLUFFS,IA,Acute Care Hospitals,Voluntary non-profit - Private,5,169,99,111,4,68,6,1,16.7
160089,OTTUMWA REGIONAL HEALTH CENTER,IA,Acute Care Hospitals,Proprietary,2,169,99,111,4,63,5,0,0.0
160033,GENESIS MEDICAL CENTER-DAVENPORT,IA,Acute Care Hospitals,Voluntary non-profit - Private,2,171,101,111,4,62,11,1,9.1
160146,ST LUKES REGIONAL MEDICAL CENTER,IA,Acute Care Hospitals,Voluntary non-profit - Private,2,180,102,111,4,65,6,0,0.0
160064,MERCYONE NORTH IOWA MEDICAL CENTER,IA,Acute Care Hospitals,Voluntary non-profit - Private,2,188,103,111,4,58,11,1,9.1
160082,UNITYPOINT HEALTH - DES MOINES IOWA METHODIST MEDI,IA,Acute Care Hospitals,Voluntary non-profit - Private,3,188,103,111,4,42,11,1,9.1
160153,MERCYONE SIOUXLAND MEDICAL CENTER,IA,Acute Care Hospitals,Voluntary non-profit - Private,2,198,105,111,4,63,9,1,11.1
160101,BROADLAWNS MEDICAL CENTER,IA,Acute Care Hospitals,Government - Local,3,208,106,111,4,57,5,0,0.0
160058,UNIVERSITY OF IOWA HOSPITAL & CLINICS,IA,Acute Care Hospitals,Government - State,2,210,107,111,4,44,11,2,18.2
160104,TRINITY - BETTENDORF,IA,Acute Care Hospitals,Voluntary non-profit - Private,3,210,107,111,4,56,6,2,33.3
160069,MERCYONE DUBUQUE MEDICAL CENTER,IA,Acute Care Hospitals,Voluntary non-profit - Church,3,212,109,111,4,56,7,1,14.3
160067,MERCYONE WATERLOO MEDICAL CENTER,IA,Acute Care Hospitals,Voluntary non-profit - Church,4,226,110,111,4,57,10,0,0.0
160083,MERCYONE DES MOINES MEDICAL CENTER,IA,Acute Care Hospitals,Voluntary non-profit - Private,1,250,111,111,4,57,11,0,0.0
131304,POWER COUNTY HOSPITAL DISTRICT,ID,Critical Access Hospitals,Government - Hospital District or Authority,Not Available,86,1,38,1,,,,
131307,WEISER MEMORIAL HOSPITAL,ID,Critical Access Hospitals,Government - Hospital District or Authority,Not Available,95,2,38,1,,2,0,0.0
131316,BEAR LAKE MEMORIAL HOSPITAL,ID,Critical Access Hospitals,Government - Local,Not Available,96,3,38,1,,2,0,0.0
131324,LOST RIVERS MEDICAL CENTER,ID,Critical Access Hospitals,Government - Hospital District or Authority,Not Available,99,4,38,1,,1,0,0.0
131310,ST LUKE'S JEROME,ID,Critical Access Hospitals,Voluntary non-profit - Private,Not Available,101,5,38,1,,1,0,0.0
131301,BOUNDARY COMMUNITY HOSPITAL,ID,Critical Access Hospitals,Voluntary non-profit - Other,Not Available,102,6,38,1,,2,0,0.0
131315,SYRINGA GENERAL HOSPITAL,ID,Critical Access Hospitals,Voluntary non-profit - Private,Not Available,102,6,38,1,,2,0,0.0
131318,VALOR HEALTH,ID,Critical Access Hospitals,Government - Local,Not Available,102,6,38,1,,,,
131313,TETON VALLEY HOSPITAL,ID,Critical Access Hospitals,Voluntary non-profit - Private,Not Available,106,9,38,1,,1,0,0.0
131309,CARIBOU MEDICAL CENTER,ID,Critical Access Hospitals,Government - Local,Not Available,108,10,38,1,,1,0,0.0
131319,MINIDOKA MEMORIAL HOSPITAL,ID,Critical Access Hospitals,Government - Local,Not Available,110,11,38,2,,3,0,0.0
131302,NORTH CANYON MEDICAL CENTER,ID,Critical Access Hospitals,Voluntary non-profit - Private,Not Available,111,12,38,2,,2,0,0.0
131311,ST LUKE'S ELMORE MEDICAL CENTER,ID,Critical Access Hospitals,Voluntary non-profit - Private,5,113,13,38,2,,4,0,0.0
130065,MOUNTAIN VIEW HOSPITAL,ID,Acute Care Hospitals,Physician,3,115,14,38,2,,6,0,0.0
131303,NELL J REDFIELD MEMORIAL HOSPITAL,ID,Critical Access Hospitals,Government - Local,Not Available,115,14,38,2,,2,0,0.0
131314,SHOSHONE MEDICAL CENTER,ID,Critical Access Hospitals,Government - Hospital District or Authority,3,115,14,38,2,,4,0,0.0
131317,BENEWAH COMMUNITY HOSPITAL,ID,Critical Access Hospitals,Government - Local,Not Available,115,14,38,2,,1,0,0.0
131326,CASSIA REGIONAL HOSPITAL,ID,Critical Access Hospitals,Voluntary non-profit - Private,3,125,18,38,2,61,5,0,0.0
131327,GRITMAN MEDICAL CENTER,ID,Critical Access Hospitals,Voluntary non-profit - Private,3,128,19,38,2,,7,0,0.0
130013,SAINT ALPHONSUS MEDICAL CENTER - NAMPA,ID,Acute Care Hospitals,Voluntary non-profit - Church,3,130,20,38,2,67,10,0,0.0
130014,WEST VALLEY MEDICAL CENTER,ID,Acute Care Hospitals,Proprietary,5,131,21,38,3,86,5,0,0.0
130018,EASTERN IDAHO REGIONAL MEDICAL CENTER,ID,Acute Care Hospitals,Proprietary,3,132,22,38,3,77,11,0,0.0
130025,MADISON MEMORIAL HOSPITAL,ID,Acute Care Hospitals,Government - Local,Not Available,132,22,38,3,,7,0,0.0
130003,ST JOSEPH REGIONAL MEDICAL CENTER,ID,Acute Care Hospitals,Voluntary non-profit - Private,2,135,24,38,3,54,9,1,11.1
131321,ST MARY'S HOSPITAL,ID,Critical Access Hospitals,Voluntary non-profit - Private,Not Available,135,24,38,3,,2,1,50.0
130074,"IDAHO FALLS COMMUNITY HOSPITAL, LLC",ID,Acute Care Hospitals,Proprietary,4,137,26,38,3,73,6,0,0.0
131323,ST LUKE'S WOOD RIVER MEDICAL CENTER,ID,Critical Access Hospitals,Voluntary non-profit - Private,4,141,27,38,3,,7,0,0.0
131312,ST LUKE'S MCCALL,ID,Critical Access Hospitals,Proprietary,Not Available,147,28,38,3,,4,0,0.0
131320,CLEARWATER VALLEY HOSPITAL & CLINICS,ID,Critical Access Hospitals,Voluntary non-profit - Private,2,147,28,38,3,,4,0,0.0
131328,BONNER GENERAL HOSPITAL,ID,Critical Access Hospitals,Voluntary non-profit - Private,2,153,30,38,4,59,4,0,0.0
130071,ST LUKE'S NAMPA MEDICAL CENTER,ID,Acute Care Hospitals,Voluntary non-profit - Private,5,157,31,38,4,58,8,0,0.0
130007,SAINT ALPHONSUS REGIONAL MEDICAL CENTER,ID,Acute Care Hospitals,Voluntary non-profit - Church,3,160,32,38,4,63,11,0,0.0
131325,BINGHAM MEMORIAL HOSPITAL,ID,Critical Access Hospitals,Voluntary non-profit - Private,Not Available,165,33,38,4,62,7,0,0.0
130006,ST LUKE'S REGIONAL MEDICAL CENTER,ID,Acute Care Hospitals,Voluntary non-profit - Private,5,168,34,38,4,58,11,0,0.0
130049,KOOTENAI HEALTH,ID,Acute Care Hospitals,Government - Hospital District or Authority,4,176,35,38,4,65,11,0,0.0
130002,ST LUKES MAGIC VALLEY MEDICAL CENTER,ID,Acute Care Hospitals,Voluntary non-profit - Private,4,184,36,38,4,53,7,0,0.0
131322,FRANKLIN COUNTY MEDICAL CENTER,ID,Critical Access Hospitals,Voluntary non-profit - Other,3,188,37,38,4,,4,1,25.0
130028,PORTNEUF MEDICAL CENTER,ID,Acute Care Hospitals,Proprietary,4,218,38,38,4,73,11,2,18.2
141307,PINCKNEYVILLE COMMUNITY HOSPITAL,IL,Critical Access Hospitals,Government - Hospital District or Authority,Not Available,50,1,154,1,,2,0,0.0
141308,WASHINGTON COUNTY HOSPITAL,IL,Critical Access Hospitals,Government - Hospital District or Authority,Not Available,82,2,154,1,,,,
141304,"GENESIS MEDICAL CENTER, ALEDO",IL,Critical Access Hospitals,Voluntary non-profit - Private,Not Available,84,3,154,1,,2,0,0.0
141351,CLAY COUNTY HOSPITAL,IL,Critical Access Hospitals,Government - Local,3,88,4,154,1,,4,1,25.0
141311,FAIRFIELD MEMORIAL HOSPITAL 1,IL,Critical Access Hospitals,Voluntary non-profit - Private,3,96,5,154,1,97,6,1,16.7
141312,ROCHELLE COMMUNITY HOSPITAL,IL,Critical Access Hospitals,Voluntary non-profit - Private,Not Available,96,5,154,1,,5,0,0.0
141309,CARLE EUREKA  HOSPITAL,IL,Critical Access Hospitals,Voluntary non-profit - Private,Not Available,98,7,154,1,,2,0,0.0
141313,MASON DISTRICT HOSPITAL,IL,Critical Access Hospitals,Government - Hospital District or Authority,Not Available,98,7,154,1,,3,1,33.3
141319,HAMMOND HENRY HOSPITAL,IL,Critical Access Hospitals,Government - Hospital District or Authority,Not Available,105,9,154,1,,5,1,20.0
140120,CARLE HEALTH PEKIN HOSPITAL,IL,Acute Care Hospitals,Voluntary non-profit - Private,3,106,10,154,1,68,6,0,0.0
140137,HSHS HOLY FAMILY HOSPITAL INC,IL,Acute Care Hospitals,Voluntary non-profit - Church,3,106,10,154,1,,4,1,25.0
140308,MERCYHEALTH HOSPITAL & PHYSICIAN CLINIC-CRYSTAL LA,IL,Acute Care Hospitals,Voluntary non-profit - Private,Not Available,106,10,154,1,,2,0,0.0
141344,LAWRENCE COUNTY MEMORIAL HOSPITAL,IL,Critical Access Hospitals,Voluntary non-profit - Private,Not Available,106,10,154,1,,2,0,0.0
141323,MASSAC MEMORIAL HOSPITAL,IL,Critical Access Hospitals,Government - Hospital District or Authority,2,107,14,154,1,,5,1,20.0
141325,OSF SAINT LUKE MEDICAL CENTER,IL,Critical Access Hospitals,Voluntary non-profit - Private,4,108,15,154,1,68,4,0,0.0
141337,OSF SAINT CLARE MEDICAL CENTER,IL,Critical Access Hospitals,Voluntary non-profit - Church,2,108,15,154,1,,6,1,16.7
141320,PARIS COMMUNITY HOSPITAL,IL,Critical Access Hospitals,Voluntary non-profit - Private,3,109,17,154,1,,7,1,14.3
141321,FRANKLIN HOSPITAL,IL,Critical Access Hospitals,Government - Hospital District or Authority,Not Available,112,18,154,1,,2,1,50.0
141315,ILLINI COMMUNITY HOSPITAL,IL,Critical Access Hospitals,Voluntary non-profit - Private,3,114,19,154,1,,5,0,0.0
141327,WABASH GENERAL HOSPITAL 1,IL,Critical Access Hospitals,Government - Hospital District or Authority,Not Available,114,19,154,1,,,,
141339,TAYLORVILLE MEMORIAL HOSPITAL,IL,Critical Access Hospitals,Voluntary non-profit - Private,2,116,21,154,1,,6,2,33.3
141335,MERCY HARVARD HOSPITAL,IL,Critical Access Hospitals,Voluntary non-profit - Private,Not Available,117,22,154,1,,1,0,0.0
141329,MORRISON COMMUNITY HOSPITAL,IL,Critical Access Hospitals,Government - Hospital District or Authority,Not Available,119,23,154,1,,1,0,0.0
141355,CARLE RICHLAND MEMORIAL HOSPITAL,IL,Critical Access Hospitals,Voluntary non-profit - Private,2,119,23,154,1,60,4,0,0.0
141333,SARAH D CULBERTSON MEMORIAL HOSPITAL,IL,Critical Access Hospitals,Government - Hospital District or Authority,Not Available,120,25,154,1,,2,1,50.0
141348,RED BUD REGIONAL HOSPITAL,IL,Critical Access Hospitals,Proprietary,4,121,26,154,1,,4,1,25.0
141326,HAMILTON MEMORIAL HOSPITAL,IL,Critical Access Hospitals,Government - Hospital District or Authority,3,122,27,154,1,,5,0,0.0
140001,GRAHAM HOSPITAL ASSOCIATION,IL,Acute Care Hospitals,Voluntary non-profit - Private,3,124,28,154,1,39,7,1,14.3
141347,CARLINVILLE AREA HOSPITAL,IL,Critical Access Hospitals,Voluntary non-profit - Private,2,124,28,154,1,,3,0,0.0
141318,OSF HOLY FAMILY MEDICAL CENTER,IL,Critical Access Hospitals,Voluntary non-profit - Church,4,125,30,154,1,58,4,0,0.0
141334,ST JOSEPH MEMORIAL HOSPITAL,IL,Critical Access Hospitals,Voluntary non-profit - Private,Not Available,125,30,154,1,61,3,0,0.0
141343,CRAWFORD MEMORIAL HOSPITAL,IL,Critical Access Hospitals,Government - Hospital District or Authority,4,125,30,154,1,83,4,0,0.0
140059,JERSEY COMMUNITY HOSPITAL,IL,Acute Care Hospitals,Government - Local,3,126,33,154,1,,7,0,0.0
140077,TOUCHETTE REGIONAL HOSPITAL INC,IL,Acute Care Hospitals,Voluntary non-profit - Private,Not Available,126,33,154,1,,,,
141301,KIRBY MEDICAL CENTER,IL,Critical Access Hospitals,Voluntary non-profit - Private,Not Available,126,33,154,1,,4,1,25.0
141340,VALLEY WEST COMMUNITY HOSPITAL,IL,Critical Access Hospitals,Voluntary non-profit - Private,4,128,36,154,1,88,6,0,0.0
141342,DEACONESS ILLINOIS UNION COUNTY,IL,Critical Access Hospitals,Proprietary,Not Available,129,37,154,1,,3,1,33.3
140113,OSF HEART OF MARY MEDICAL CENTER,IL,Acute Care Hospitals,Voluntary non-profit - Church,3,130,38,154,1,78,8,1,12.5
140145,ST JOSEPHS HOSPITAL,IL,Acute Care Hospitals,Voluntary non-profit - Church,4,130,38,154,1,61,6,0,0.0
140161,SAINT JAMES HOSPITAL,IL,Acute Care Hospitals,Voluntary non-profit - Church,4,130,38,154,2,62,6,0,0.0
141330,HOPEDALE HOSPITAL,IL,Critical Access Hospitals,Voluntary non-profit - Private,Not Available,132,41,154,2,,3,0,0.0
140110,OSF SAINT ELIZABETH MDL CTR,IL,Acute Care Hospitals,Voluntary non-profit - Private,3,135,42,154,2,76,8,0,0.0
140191,INGALLS MEMORIAL HOSPITAL,IL,Acute Care Hospitals,Physician,2,136,43,154,2,24,9,2,22.2
140032,ST ANTHONYS MEMORIAL HOSPITAL,IL,Acute Care Hospitals,Voluntary non-profit - Church,3,137,44,154,2,69,6,2,33.3
140224,PRESENCE SAINT JOSEPH HOSPITAL - CHICAGO,IL,Acute Care Hospitals,Voluntary non-profit - Church,4,137,44,154,2,37,7,1,14.3
141322,ABRAHAM LINCOLN MEMORIAL HOSPITAL,IL,Critical Access Hospitals,Voluntary non-profit - Private,4,138,46,154,2,,6,0,0.0
141332,HILLSBORO AREA HOSPITAL,IL,Critical Access Hospitals,Voluntary non-profit - Private,Not Available,140,47,154,2,,3,0,0.0
140294,DEACONESS ILLINOIS CROSSROADS,IL,Acute Care Hospitals,Proprietary,Not Available,141,48,154,2,,5,1,20.0
140125,GATEWAY REGIONAL MEDICAL CENTER,IL,Acute Care Hospitals,Voluntary non-profit - Other,2,142,49,154,2,75,5,0,0.0
140210,HARRISBURG MEDICAL CENTER,IL,Acute Care Hospitals,Voluntary non-profit - Other,2,142,49,154,2,61,6,0,0.0
140217,SAINT JOSEPH HOSPITAL-ELGIN,IL,Acute Care Hospitals,Voluntary non-profit - Church,4,145,51,154,2,64,7,0,0.0
140155,PRESENCE ST MARYS HOSPITAL,IL,Acute Care Hospitals,Voluntary non-profit - Church,4,146,52,154,2,65,10,1,10.0
141305,MEMORIAL HOSPITAL,IL,Critical Access Hospitals,Voluntary non-profit - Private,4,147,53,154,2,,6,1,16.7
141345,SALEM TOWNSHIP HOSPITAL,IL,Critical Access Hospitals,Government - Local,4,149,54,154,2,,3,0,0.0
141353,IROQUOIS MEMORIAL HOSPITAL,IL,Critical Access Hospitals,Voluntary non-profit - Private,Not Available,149,54,154,2,,1,0,0.0
141341,PANA COMMUNITY HOSPITAL,IL,Critical Access Hospitals,Voluntary non-profit - Private,4,150,56,154,2,,3,0,0.0
140013,CARLE HEALTH PROCTOR HOSPITAL,IL,Acute Care Hospitals,Voluntary non-profit - Private,3,151,57,154,2,68,6,0,0.0
140089,MC DONOUGH DISTRICT HOSPITAL,IL,Acute Care Hospitals,Government - Hospital District or Authority,3,152,58,154,2,53,5,1,20.0
140166,ST MARYS HOSPITAL,IL,Acute Care Hospitals,Voluntary non-profit - Private,1,154,59,154,2,57,9,2,22.2
140187,HSHS ST ELIZABETH'S HOSPITAL,IL,Acute Care Hospitals,Voluntary non-profit - Church,4,156,60,154,2,60,11,2,18.2
140052,OSF SAINT ANTHONY'S HEALTH CENTER,IL,Acute Care Hospitals,Voluntary non-profit - Church,4,160,61,154,2,59,8,0,0.0
140015,BLESSING HOSPITAL,IL,Acute Care Hospitals,Voluntary non-profit - Private,4,161,62,154,2,80,11,0,0.0
140053,ST JOHNS HOSPITAL,IL,Acute Care Hospitals,Voluntary non-profit - Church,2,162,63,154,2,56,10,3,30.0
140184,HEARTLAND REGIONAL MEDICAL CENTER,IL,Acute Care Hospitals,Proprietary,2,162,63,154,2,55,7,2,28.6
140065,UCHICAGO MEDICINE ADVENTHEALTH LA GRANGE,IL,Acute Care Hospitals,Voluntary non-profit - Church,5,163,65,154,2,76,7,0,0.0
140231,EDWARD HOSPITAL,IL,Acute Care Hospitals,Voluntary non-profit - Private,3,166,66,154,2,63,11,5,45.5
140034,SSM HEALTH ST MARY'S HOSPITAL -CENTRALIA,IL,Acute Care Hospitals,Voluntary non-profit - Church,3,167,67,154,2,63,6,1,16.7
140158,INSIGHT HOSPITAL AND MEDICAL CENTER CHICAGO,IL,Acute Care Hospitals,Voluntary non-profit - Private,1,167,67,154,2,67,4,1,25.0
140101,MORRIS HOSPITAL & HEALTHCARE CENTERS,IL,Acute Care Hospitals,Voluntary non-profit - Private,4,168,69,154,2,94,8,2,25.0
140164,MEMORIAL HOSPITAL OF CARBONDALE,IL,Acute Care Hospitals,Voluntary non-profit - Private,1,168,69,154,2,46,10,2,20.0
140186,RIVERSIDE MEDICAL CENTER,IL,Acute Care Hospitals,Voluntary non-profit - Private,4,168,69,154,2,59,10,0,0.0
140200,ELMHURST MEMORIAL HOSPITAL,IL,Acute Care Hospitals,Proprietary,3,168,69,154,2,64,11,4,36.4
140206,HUMBOLDT PARK HEALTH,IL,Acute Care Hospitals,Voluntary non-profit - Private,1,169,73,154,2,55,5,2,40.0
140133,HOLY CROSS HOSPITAL,IL,Acute Care Hospitals,Voluntary non-profit - Private,2,170,74,154,2,57,5,1,20.0
140011,HERRIN HOSPITAL,IL,Acute Care Hospitals,Voluntary non-profit - Private,1,171,75,154,2,39,7,3,42.9
140280,TRINITY ROCK ISLAND,IL,Acute Care Hospitals,Voluntary non-profit - Private,3,172,76,154,2,45,11,1,9.1
140100,"MIDWESTERN REGION MED CENTER, INC",IL,Acute Care Hospitals,Proprietary,4,173,77,154,2,65,5,1,20.0
140292,UCHICAGO MEDICINE ADVENTHEALTH GLENOAKS,IL,Acute Care Hospitals,Voluntary non-profit - Other,3,174,78,154,2,72,6,1,16.7
140304,UCHICAGO MEDICINE ADVENTHEALTH BOLINGBROOK,IL,Acute Care Hospitals,Voluntary non-profit - Private,3,174,78,154,3,70,8,1,12.5
140012,OSF SAINT KATHARINE MEDICAL CENTER,IL,Acute Care Hospitals,Voluntary non-profit - Private,2,175,80,154,3,89,7,0,0.0
140252,NORTHWEST COMMUNITY HOSPITAL 1,IL,Acute Care Hospitals,Voluntary non-profit - Private,4,176,81,154,3,65,11,1,9.1
140115,THOREK MEMORIAL HOSPITAL,IL,Acute Care Hospitals,Voluntary non-profit - Private,Not Available,177,82,154,3,48,5,1,20.0
140197,METHODIST HOSPITAL OF CHICAGO,IL,Acute Care Hospitals,Voluntary non-profit - Private,Not Available,179,83,154,3,,1,0,0.0
141338,MEMORIAL HOSPITAL,IL,Critical Access Hospitals,Government - Hospital District or Authority,Not Available,179,83,154,3,,3,0,0.0
140080,SAINT FRANCIS HOSPITAL-EVANSTON,IL,Acute Care Hospitals,Voluntary non-profit - Church,2,181,85,154,3,46,9,3,33.3
141352,JACKSONVILLE MEMORIAL HOSPITAL,IL,Critical Access Hospitals,Voluntary non-profit - Private,Not Available,182,86,154,3,,2,0,0.0
140117,AMITA HEALTH RESURRECTION MEDICAL CENTER,IL,Acute Care Hospitals,Voluntary non-profit - Church,3,184,87,154,3,29,11,1,9.1
140290,ST ALEXIUS MEDICAL CENTER,IL,Acute Care Hospitals,Voluntary non-profit - Church,5,184,87,154,3,74,10,1,10.0
140160,FHN MEMORIAL HOSPITAL,IL,Acute Care Hospitals,Voluntary non-profit - Private,3,185,89,154,3,63,8,0,0.0
140064,ST MARY MEDICAL CENTER,IL,Acute Care Hospitals,Voluntary non-profit - Church,2,186,90,154,3,62,6,2,33.3
140093,OSF SACRED HEART MEDICAL CENTER,IL,Acute Care Hospitals,Voluntary non-profit - Church,2,188,91,154,3,55,8,1,12.5
140180,PRESENCE SAINTS MARY AND ELIZABETH MEDICAL CENTER,IL,Acute Care Hospitals,Voluntary non-profit - Church,3,189,92,154,3,44,8,0,0.0
140288,ADVOCATE GOOD SAMARITAN HOSPITAL,IL,Acute Care Hospitals,Voluntary non-profit - Private,4,189,92,154,3,88,11,0,0.0
140084,VISTA MEDICAL CENTER EAST,IL,Acute Care Hospitals,Proprietary,2,191,94,154,3,70,7,1,14.3
140095,SAINT ANTHONY HOSPITAL,IL,Acute Care Hospitals,Voluntary non-profit - Private,2,191,94,154,3,48,3,0,0.0
140116,NORTHWESTERN MEDICINE MCHENRY,IL,Acute Care Hospitals,Voluntary non-profit - Other,5,191,94,154,3,74,11,0,0.0
140029,COPLEY MEMORIAL HOSPITAL,IL,Acute Care Hospitals,Voluntary non-profit - Private,4,192,97,154,3,88,11,3,27.3
140002,ALTON MEMORIAL HOSPITAL,IL,Acute Care Hospitals,Voluntary non-profit - Private,4,194,98,154,3,42,10,2,20.0
140030,ADVOCATE SHERMAN HOSPITAL,IL,Acute Care Hospitals,Voluntary non-profit - Private,4,194,98,154,3,73,8,0,0.0
140174,PRESENCE MERCY MEDICAL CENTER,IL,Acute Care Hospitals,Voluntary non-profit - Private,3,194,98,154,3,61,9,1,11.1
140275,GENESIS HLTH SYSTEM DBA GENESIS MDL CTR-ILLINI,IL,Acute Care Hospitals,Government - Local,2,194,98,154,3,71,9,0,0.0
140291,ADVOCATE GOOD SHEPHERD HOSPITAL,IL,Acute Care Hospitals,Voluntary non-profit - Private,5,194,98,154,3,80,9,1,11.1
140127,CARLE BROMENN MEDICAL CENTER,IL,Acute Care Hospitals,Voluntary non-profit - Church,3,196,103,154,3,72,9,1,11.1
140258,ALEXIAN BROTHERS MEDICAL CENTER 1,IL,Acute Care Hospitals,Voluntary non-profit - Private,3,197,104,154,3,53,11,2,18.2
140286,NORTHWESTERN MEDICINE KISHWAUKEE HOSPITAL,IL,Acute Care Hospitals,Voluntary non-profit - Private,5,197,104,154,3,76,9,0,0.0
140043,CGH MEDICAL CENTER,IL,Acute Care Hospitals,Government - Local,1,198,106,154,3,69,10,2,20.0
140046,GOOD SAMARITAN REGIONAL HLTH CENTER,IL,Acute Care Hospitals,Voluntary non-profit - Private,4,198,106,154,3,57,10,3,30.0
140162,ST JOSEPH MEDICAL CENTER,IL,Acute Care Hospitals,Voluntary non-profit - Church,2,198,106,154,3,49,8,2,25.0
140018,MT SINAI HOSPITAL MEDICAL CENTER,IL,Acute Care Hospitals,Voluntary non-profit - Private,1,200,109,154,3,52,7,1,14.3
140122,UCHICAGO MEDICINE ADVENTHEALTH HINSDALE,IL,Acute Care Hospitals,Voluntary non-profit - Private,5,200,109,154,3,70,10,1,10.0
140007,SAINT JOSEPH MEDICAL CENTER,IL,Acute Care Hospitals,Voluntary non-profit - Church,1,204,111,154,3,40,9,4,44.4
140135,DECATUR MEMORIAL HOSPITAL,IL,Acute Care Hospitals,Voluntary non-profit - Other,3,205,112,154,3,41,9,2,22.2
140185,MEMORIAL HOSPITAL,IL,Acute Care Hospitals,Voluntary non-profit - Private,5,205,112,154,3,46,11,1,9.1
140054,MACNEAL  HOSPITAL,IL,Acute Care Hospitals,Proprietary,3,208,114,154,3,61,9,3,33.3
140008,LOYOLA GOTTLIEB MEMORIAL HOSPITAL,IL,Acute Care Hospitals,Voluntary non-profit - Private,3,210,115,154,3,54,7,3,42.9
140189,SARAH BUSH LINCOLN HEALTH CENTER,IL,Acute Care Hospitals,Voluntary non-profit - Private,3,210,115,154,3,89,10,2,20.0
140083,LORETTO HOSPITAL,IL,Acute Care Hospitals,Voluntary non-profit - Other,Not Available,211,117,154,4,24,2,0,0.0
140211,NORTHWESTERN MEDICINE DELNOR COMMUNITY HOSPITAL,IL,Acute Care Hospitals,Voluntary non-profit - Private,5,211,117,154,4,71,10,1,10.0
140228,UW HEALTH,IL,Acute Care Hospitals,Voluntary non-profit - Private,3,211,117,154,4,67,10,3,30.0
140082,LOUIS A WEISS MEMORIAL HOSPITAL,IL,Acute Care Hospitals,Proprietary,1,212,120,154,4,34,7,0,0.0
140091,CARLE FOUNDATION HOSPITAL,IL,Acute Care Hospitals,Voluntary non-profit - Private,2,214,121,154,4,67,11,3,27.3
140202,ADVOCATE CONDELL MEDICAL CENTER,IL,Acute Care Hospitals,Voluntary non-profit - Private,4,216,122,154,4,70,9,1,11.1
140130,NORTHWESTERN LAKE FOREST HOSPITAL,IL,Acute Care Hospitals,Voluntary non-profit - Other,5,220,123,154,4,60,10,2,20.0
140209,CARLE HEALTH METHODIST HOSPITAL,IL,Acute Care Hospitals,Voluntary non-profit - Private,2,220,123,154,4,69,8,1,12.5
140223,ADVOCATE LUTHERAN GENERAL HOSPITAL,IL,Acute Care Hospitals,Voluntary non-profit - Church,4,220,123,154,4,84,11,1,9.1
140300,PROVIDENT HOSPITAL OF CHICAGO,IL,Acute Care Hospitals,Government - Local,Not Available,222,126,154,4,,1,0,0.0
140289,ANDERSON HOSPITAL,IL,Acute Care Hospitals,Voluntary non-profit - Private,3,223,127,154,4,68,10,1,10.0
140233,SAINT ANTHONY MEDICAL CENTER,IL,Acute Care Hospitals,Voluntary non-profit - Church,2,226,128,154,4,68,11,3,27.3
140213,SILVER CROSS HOSPITAL  AND MEDICAL CENTERS,IL,Acute Care Hospitals,Voluntary non-profit - Private,5,229,129,154,4,60,9,1,11.1
140172,FRANCISCAN HEALTH OLYMPIA & CHICAGO HEIGHTS,IL,Acute Care Hospitals,Voluntary non-profit - Church,3,230,130,154,4,67,10,2,20.0
140242,NORTHWESTERN MEDICINE CENTRAL DUPAGE HOSPITAL,IL,Acute Care Hospitals,Voluntary non-profit - Private,5,230,130,154,4,51,11,3,27.3
140063,RUSH OAK PARK HOSPITAL,IL,Acute Care Hospitals,Voluntary non-profit - Private,4,231,132,154,4,36,8,2,25.0
140103,ST BERNARD HOSPITAL,IL,Acute Care Hospitals,Voluntary non-profit - Church,1,232,133,154,4,73,4,1,25.0
140251,COMMUNITY FIRST MEDICAL CENTER,IL,Acute Care Hospitals,Proprietary,2,233,134,154,4,14,7,1,14.3
140181,SOUTH SHORE HOSPITAL,IL,Acute Care Hospitals,Voluntary non-profit - Private,Not Available,235,135,154,4,57,2,1,50.0
140182,ADVOCATE ILLINOIS MASONIC MEDICAL CENTER,IL,Acute Care Hospitals,Voluntary non-profit - Private,3,236,136,154,4,85,9,3,33.3
140048,ADVOCATE TRINITY HOSPITAL,IL,Acute Care Hospitals,Voluntary non-profit - Church,2,244,137,154,4,66,10,3,30.0
140068,ROSELAND COMMUNITY HOSPITAL,IL,Acute Care Hospitals,Voluntary non-profit - Private,1,244,137,154,4,13,4,1,25.0
140177,JACKSON PARK HOSPITAL,IL,Acute Care Hospitals,Voluntary non-profit - Private,1,244,137,154,4,,3,1,33.3
140148,MEMORIAL MEDICAL CENTER,IL,Acute Care Hospitals,Voluntary non-profit - Private,3,246,140,154,4,37,10,2,20.0
140114,SWEDISH HOSPITAL,IL,Acute Care Hospitals,Voluntary non-profit - Church,3,252,141,154,4,65,9,2,22.2
140208,ADVOCATE CHRIST HOSPITAL & MEDICAL CENTER,IL,Acute Care Hospitals,Voluntary non-profit - Church,3,252,141,154,4,72,11,2,18.2
140062,PALOS COMMUNITY HOSPITAL,IL,Acute Care Hospitals,Voluntary non-profit - Private,4,253,143,154,4,53,11,4,36.4
140239,JAVON BEA HOSPITAL,IL,Acute Care Hospitals,Voluntary non-profit - Private,3,258,144,154,4,54,10,0,0.0
140179,OSF LITTLE COMPANY OF MARY MEDICAL CENTER,IL,Acute Care Hospitals,Voluntary non-profit - Other,2,259,145,154,4,62,9,4,44.4
140010,NORTHSHORE UNIVERSITY HEALTHSYSTEM - EVANSTON HOSPITAL,IL,Acute Care Hospitals,Voluntary non-profit - Other,5,265,146,154,4,66,11,4,36.4
140049,WEST SUBURBAN MEDICAL CENTER,IL,Acute Care Hospitals,Voluntary non-profit - Other,1,271,147,154,4,23,6,1,16.7
140276,LOYOLA UNIVERSITY MEDICAL CENTER,IL,Acute Care Hospitals,Voluntary non-profit - Private,2,273,148,154,4,53,11,4,36.4
140067,SAINT FRANCIS MEDICAL CENTER,IL,Acute Care Hospitals,Voluntary non-profit - Private,2,278,149,154,4,61,11,4,36.4
140124,JOHN H STROGER JR HOSPITAL,IL,Acute Care Hospitals,Government - Local,2,280,150,154,4,44,8,1,12.5
140088,THE UNIVERSITY OF CHICAGO MEDICAL CENTER,IL,Acute Care Hospitals,Voluntary non-profit - Private,4,286,151,154,4,43,10,5,50.0
140150,UNIVERSITY OF ILLINOIS HOSPITAL AND CLINICS,IL,Acute Care Hospitals,Government - State,4,319,152,154,4,56,9,0,0.0
140281,NORTHWESTERN MEMORIAL HOSPITAL,IL,Acute Care Hospitals,Voluntary non-profit - Private,5,327,153,154,4,53,11,3,27.3
140119,RUSH UNIVERSITY MEDICAL CENTER,IL,Acute Care Hospitals,Voluntary non-profit - Private,5,358,154,154,4,24,11,3,27.3
151316,INDIANA UNIVERSITY HEALTH FRANKFORT INC,IN,Critical Access Hospitals,Voluntary non-profit - Private,Not Available,89,1,106,1,64,3,0,0.0
151324,"FRANCISCAN HEALTH RENSSELAER, INC",IN,Critical Access Hospitals,Voluntary non-profit - Private,Not Available,91,2,106,1,,7,0,0.0
151300,COMMUNITY HOSPITAL OF BREMEN INC,IN,Critical Access Hospitals,Voluntary non-profit - Private,Not Available,94,3,106,1,,2,0,0.0
151325,ASCENSION ST VINCENT WARRICK,IN,Critical Access Hospitals,Voluntary non-profit - Private,Not Available,95,4,106,1,,1,0,0.0
151304,RUSH MEMORIAL HOSPITAL,IN,Critical Access Hospitals,Government - Local,Not Available,100,5,106,1,85,5,0,0.0
151308,ASCENSION ST VINCENT MERCY,IN,Critical Access Hospitals,Voluntary non-profit - Church,Not Available,102,6,106,1,,2,0,0.0
151319,GIBSON GENERAL HOSPITAL,IN,Critical Access Hospitals,Voluntary non-profit - Private,Not Available,102,6,106,1,,3,0,0.0
150022,FRANCISCAN HEALTH CRAWFORDSVILLE,IN,Acute Care Hospitals,Voluntary non-profit - Church,5,103,8,106,1,62,5,0,0.0
150183,MONROE HOSPITAL,IN,Acute Care Hospitals,Proprietary,4,105,9,106,1,71,6,0,0.0
151301,ASCENSION ST VINCENT RANDOLPH,IN,Critical Access Hospitals,Voluntary non-profit - Private,Not Available,107,10,106,1,,2,0,0.0
151323,PARKVIEW LAGRANGE HOSPITAL,IN,Critical Access Hospitals,Voluntary non-profit - Private,5,107,10,106,1,83,4,0,0.0
150059,RIVERVIEW HEALTH,IN,Acute Care Hospitals,Government - Local,4,110,12,106,1,72,9,1,11.1
150061,DAVIESS COMMUNITY HOSPITAL,IN,Acute Care Hospitals,Government - Local,3,112,13,106,1,28,8,0,0.0
150146,PARKVIEW NOBLE HOSPITAL,IN,Acute Care Hospitals,Voluntary non-profit - Private,3,112,13,106,1,86,5,1,20.0
151332,DECATUR COUNTY MEMORIAL HOSPITAL,IN,Critical Access Hospitals,Government - Local,3,112,13,106,1,82,8,0,0.0
150057,FRANCISCAN HEALTH MOORESVILLE,IN,Acute Care Hospitals,Voluntary non-profit - Church,5,116,16,106,1,62,8,0,0.0
150042,GOOD SAMARITAN HOSPITAL,IN,Acute Care Hospitals,Voluntary non-profit - Other,2,117,17,106,1,71,10,1,10.0
150104,WITHAM HEALTH SERVICES,IN,Acute Care Hospitals,Government - Local,4,118,18,106,1,85,9,1,11.1
151311,INDIANA UNIVERSITY HEALTH TIPTON HOSPITAL INC,IN,Critical Access Hospitals,Voluntary non-profit - Other,3,118,18,106,1,,5,1,20.0
150075,BLUFFTON REGIONAL MEDICAL CENTER,IN,Acute Care Hospitals,Proprietary,4,120,20,106,1,57,5,0,0.0
150101,PARKVIEW WHITLEY HOSPITAL,IN,Acute Care Hospitals,Voluntary non-profit - Private,4,120,20,106,1,84,4,0,0.0
150102,NORTHWEST HEALTH - STARKE,IN,Acute Care Hospitals,Proprietary,1,120,20,106,1,,5,2,40.0
151307,ASCENSION ST VINCENT WILLIAMSPORT,IN,Critical Access Hospitals,Voluntary non-profit - Church,Not Available,120,20,106,1,,,,
151326,UNION HOSPITAL CLINTON,IN,Critical Access Hospitals,Voluntary non-profit - Private,2,120,20,106,1,70,5,2,40.0
150045,PARKVIEW DEKALB HOSPITAL,IN,Acute Care Hospitals,Voluntary non-profit - Private,3,122,25,106,1,81,6,0,0.0
151305,PULASKI MEMORIAL HOSPITAL,IN,Critical Access Hospitals,Voluntary non-profit - Other,Not Available,122,25,106,1,97,2,0,0.0
151306,INDIANA UNIVERSITY HEALTH PAOLI HOSPITAL,IN,Critical Access Hospitals,Voluntary non-profit - Private,Not Available,122,25,106,1,,3,0,0.0
151303,ASCENSION ST VINCENT JENNINGS,IN,Critical Access Hospitals,Voluntary non-profit - Church,Not Available,123,28,106,2,,3,1,33.3
150195,UCHICAGO MEDICINE NORTHWEST INDIANA,IN,Acute Care Hospitals,Voluntary non-profit - Private,Not Available,124,29,106,2,,,,
150084,ASCENSION ST VINCENT HOSPITAL,IN,Acute Care Hospitals,Voluntary non-profit - Church,2,125,30,106,2,60,11,2,18.2
151330,ADAMS MEMORIAL HOSPITAL,IN,Critical Access Hospitals,Government - Local,Not Available,125,30,106,2,81,,,
150011,MARION GENERAL HOSPITAL,IN,Acute Care Hospitals,Voluntary non-profit - Private,3,126,32,106,2,54,8,0,0.0
150091,PARKVIEW HUNTINGTON HOSPITAL,IN,Acute Care Hospitals,Voluntary non-profit - Private,4,126,32,106,2,77,6,1,16.7
150150,DUPONT HOSPITAL LLC,IN,Acute Care Hospitals,Proprietary,4,126,32,106,2,60,6,2,33.3
151310,"PARKVIEW WABASH HOSPITAL, INC",IN,Critical Access Hospitals,Voluntary non-profit - Private,3,126,32,106,2,85,5,0,0.0
151333,PUTNAM COUNTY HOSPITAL,IN,Critical Access Hospitals,Government - Local,5,126,32,106,2,,6,0,0.0
151334,NORTON SCOTT HOSPITAL,IN,Critical Access Hospitals,Proprietary,2,126,32,106,2,,5,1,20.0
151312,INDIANA UNIVERSITY HEALTH WHITE MEMORIAL HOSPITAL,IN,Critical Access Hospitals,Voluntary non-profit - Private,5,127,38,106,2,80,7,0,0.0
151314,ASCENSION ST VINCENT SALEM,IN,Critical Access Hospitals,Voluntary non-profit - Private,Not Available,127,38,106,2,,2,0,0.0
150149,THE WOMEN'S HOSPITAL,IN,Acute Care Hospitals,Proprietary,5,128,40,106,2,,1,0,0.0
151317,GREENE COUNTY GENERAL HOSPITAL,IN,Critical Access Hospitals,Government - Local,4,128,40,106,2,,6,0,0.0
151318,DUKES MEMORIAL HOSPITAL,IN,Critical Access Hospitals,Proprietary,2,128,40,106,2,39,6,1,16.7
150008,ST CATHERINE HOSPITAL INC,IN,Acute Care Hospitals,Voluntary non-profit - Private,4,130,43,106,2,73,8,0,0.0
150047,"ST JOSEPH HEALTH SYSTEM, LLC",IN,Acute Care Hospitals,Proprietary,4,131,44,106,2,69,4,1,25.0
150181,ASCENSION ST VINCENT FISHERS,IN,Acute Care Hospitals,Voluntary non-profit - Private,4,132,45,106,2,,6,0,0.0
151320,"INDIANA UNIVERSITY HEALTH JAY, INC.",IN,Critical Access Hospitals,Government - Local,5,132,45,106,2,78,4,0,0.0
151329,MARGARET MARY COMMUNITY HOSPITAL INC,IN,Critical Access Hospitals,Voluntary non-profit - Private,Not Available,132,45,106,2,76,,,
150097,MAJOR HOSPITAL,IN,Acute Care Hospitals,Government - Local,4,136,48,106,2,89,8,0,0.0
150035,NORTHWEST HEALTH - PORTER,IN,Acute Care Hospitals,Proprietary,2,137,49,106,2,54,11,3,27.3
150046,TERRE HAUTE REGIONAL HOSPITAL,IN,Acute Care Hospitals,Proprietary,2,138,50,106,2,68,10,1,10.0
150076,SAINT JOSEPH REGIONAL MEDICAL CENTER - PLYMOUTH,IN,Acute Care Hospitals,Voluntary non-profit - Church,4,138,50,106,2,74,8,0,0.0
150015,FRANCISCAN HEALTH MICHIGAN CITY,IN,Acute Care Hospitals,Voluntary non-profit - Church,3,140,52,106,2,76,10,2,20.0
151322,PERRY COUNTY MEMORIAL HOSPITAL,IN,Critical Access Hospitals,Voluntary non-profit - Other,2,140,52,106,2,51,6,1,16.7
150125,COMMUNITY HOSPITAL,IN,Acute Care Hospitals,Voluntary non-profit - Private,3,141,54,106,2,71,11,2,18.2
151309,ASCENSION ST VINCENT CLAY,IN,Critical Access Hospitals,Voluntary non-profit - Private,Not Available,143,55,106,3,,2,0,0.0
150001,JOHNSON MEMORIAL HOSPITAL,IN,Acute Care Hospitals,Government - Local,5,144,56,106,3,86,6,0,0.0
150007,COMMUNITY HOWARD REGIONAL HEALTH INC.,IN,Acute Care Hospitals,Voluntary non-profit - Private,4,145,57,106,3,41,10,0,0.0
150030,HENRY COUNTY MEMORIAL HOSPITAL,IN,Acute Care Hospitals,Government - Local,4,148,58,106,3,85,7,1,14.3
150165,FRANCISCAN HEALTH MUNSTER,IN,Acute Care Hospitals,Voluntary non-profit - Private,3,148,58,106,3,61,7,2,28.6
151331,HARRISON COUNTY HOSPITAL,IN,Critical Access Hospitals,Government - Local,3,148,58,106,3,74,5,1,20.0
150086,ST ELIZABETH DEARBORN HOSPITAL,IN,Acute Care Hospitals,Government - Local,5,149,61,106,3,63,7,0,0.0
150065,SCHNECK MEDICAL CENTER,IN,Acute Care Hospitals,Government - Local,4,151,62,106,3,68,8,0,0.0
150006,NORTHWEST HEALTH-LA PORTE,IN,Acute Care Hospitals,Voluntary non-profit - Private,3,152,63,106,3,48,9,2,22.2
150072,MEMORIAL HOSPITAL,IN,Acute Care Hospitals,Government - Local,4,152,63,106,3,77,8,0,0.0
150090,FRANCISCAN HEALTH DYER,IN,Acute Care Hospitals,Voluntary non-profit - Church,2,153,65,106,3,55,6,2,33.3
150021,PARKVIEW REGIONAL MEDICAL CENTER,IN,Acute Care Hospitals,Voluntary non-profit - Private,3,154,66,106,3,62,10,0,0.0
150037,HANCOCK REGIONAL HOSPITAL,IN,Acute Care Hospitals,Government - Local,4,154,66,106,3,82,9,1,11.1
151327,SULLIVAN COUNTY COMMUNITY HOSPITAL,IN,Critical Access Hospitals,Government - Local,Not Available,154,66,106,3,,4,0,0.0
150109,FRANCISCAN HEALTH LAFAYETTE,IN,Acute Care Hospitals,Voluntary non-profit - Church,3,158,69,106,3,60,11,1,9.1
150002,METHODIST HOSPITALS INC,IN,Acute Care Hospitals,Voluntary non-profit - Private,1,160,70,106,3,50,9,3,33.3
150026,GOSHEN HOSPITAL,IN,Acute Care Hospitals,Voluntary non-profit - Private,3,161,71,106,3,60,9,1,11.1
150048,REID HEALTH,IN,Acute Care Hospitals,Voluntary non-profit - Private,2,161,71,106,3,61,11,1,9.1
150034,ST MARY MEDICAL CENTER INC,IN,Acute Care Hospitals,Voluntary non-profit - Private,3,162,73,106,3,85,9,0,0.0
150100,ASCENSION ST VINCENT EVANSVILLE,IN,Acute Care Hospitals,Voluntary non-profit - Private,4,166,74,106,3,62,11,1,9.1
151315,CAMERON HEALTH,IN,Critical Access Hospitals,Voluntary non-profit - Private,3,166,74,106,3,83,6,1,16.7
150005,HENDRICKS REGIONAL HEALTH,IN,Acute Care Hospitals,Government - Local,5,168,76,106,3,76,10,0,0.0
150113,COMMUNITY HOSPITAL OF ANDERSON AND MADISON COUNTY,IN,Acute Care Hospitals,Voluntary non-profit - Private,3,168,76,106,3,42,9,0,0.0
150010,ASCENSION ST VINCENT KOKOMO,IN,Acute Care Hospitals,Voluntary non-profit - Church,4,172,78,106,3,58,9,1,11.1
150126,FRANCISCAN HEALTH CROWN POINT,IN,Acute Care Hospitals,Voluntary non-profit - Church,3,174,79,106,3,73,9,1,11.1
150133,KOSCIUSKO COMMUNITY HOSPITAL,IN,Acute Care Hospitals,Proprietary,4,174,79,106,3,65,8,0,0.0
150069,NORTON-KING'S DAUGHTERS' HEALTH,IN,Acute Care Hospitals,Voluntary non-profit - Private,2,176,81,106,4,58,8,1,12.5
150074,COMMUNITY HOSPITAL EAST,IN,Acute Care Hospitals,Voluntary non-profit - Private,3,176,81,106,4,24,11,2,18.2
150112,COLUMBUS REGIONAL HOSPITAL,IN,Acute Care Hospitals,Government - Local,4,178,83,106,4,77,11,0,0.0
150044,BAPTIST HEALTH FLOYD,IN,Acute Care Hospitals,Voluntary non-profit - Private,3,182,84,106,4,66,9,1,11.1
150157,ASCENSION ST VINCENT CARMEL,IN,Acute Care Hospitals,Voluntary non-profit - Private,3,182,84,106,4,61,6,1,16.7
150023,UNION HOSPITAL INC,IN,Acute Care Hospitals,Voluntary non-profit - Private,3,185,86,106,4,60,11,2,18.2
150153,ST VINCENT HEART CENTER,IN,Acute Care Hospitals,Proprietary,5,185,86,106,4,,5,0,0.0
150012,SAINT JOSEPH REGIONAL MEDICAL CENTER,IN,Acute Care Hospitals,Voluntary non-profit - Private,2,188,88,106,4,68,10,1,10.0
150082,DEACONESS HOSPITAL INC,IN,Acute Care Hospitals,Voluntary non-profit - Private,2,189,89,106,4,66,11,3,27.3
151328,INDIANA UNIVERSITY HEALTH BEDFORD HOSPITAL,IN,Critical Access Hospitals,Voluntary non-profit - Private,3,191,90,106,4,50,8,0,0.0
150115,MEMORIAL HOSPITAL AND HEALTH CARE CENTER,IN,Acute Care Hospitals,Voluntary non-profit - Private,4,194,91,106,4,70,10,0,0.0
150009,NORTON CLARK HOSPITAL,IN,Acute Care Hospitals,Voluntary non-profit - Other,3,196,92,106,4,45,7,0,0.0
150018,ELKHART GENERAL HOSPITAL,IN,Acute Care Hospitals,Government - Local,4,196,92,106,4,57,11,0,0.0
150058,MEMORIAL HOSPITAL OF SOUTH BEND,IN,Acute Care Hospitals,Voluntary non-profit - Private,2,198,94,106,4,45,11,1,9.1
150056,INDIANA UNIVERSITY HEALTH,IN,Acute Care Hospitals,Voluntary non-profit - Private,3,199,95,106,4,52,11,1,9.1
150161,INDIANA UNIVERSITY HEALTH NORTH HOSPITAL,IN,Acute Care Hospitals,Voluntary non-profit - Private,4,203,96,106,4,57,8,0,0.0
150169,COMMUNITY HOSPITAL NORTH,IN,Acute Care Hospitals,Voluntary non-profit - Private,3,207,97,106,4,20,9,1,11.1
150051,INDIANA UNIVERSITY HEALTH BLOOMINGTON HOSPITAL,IN,Acute Care Hospitals,Voluntary non-profit - Private,3,208,98,106,4,53,11,0,0.0
150128,"COMMUNITY HOSPITAL SOUTH, INC.",IN,Acute Care Hospitals,Voluntary non-profit - Private,3,208,98,106,4,24,8,3,37.5
150173,INDIANA UNIVERSITY HEALTH ARNETT HOSPITAL,IN,Acute Care Hospitals,Voluntary non-profit - Private,4,212,100,106,4,63,11,0,0.0
150017,LUTHERAN HOSPITAL OF INDIANA,IN,Acute Care Hospitals,Proprietary,3,214,101,106,4,50,8,1,12.5
150162,FRANCISCAN HEALTH INDIANAPOLIS,IN,Acute Care Hospitals,Voluntary non-profit - Church,4,215,102,106,4,51,10,2,20.0
150088,ASCENSION ST VINCENT ANDERSON,IN,Acute Care Hospitals,Voluntary non-profit - Private,2,224,103,106,4,53,9,2,22.2
150024,ESKENAZI HEALTH,IN,Acute Care Hospitals,Government - Local,3,235,104,106,4,45,8,1,12.5
150089,INDIANA UNIVERSITY HEALTH BALL MEMORIAL HOSPITAL,IN,Acute Care Hospitals,Voluntary non-profit - Private,3,247,105,106,4,59,11,3,27.3
150158,IU HEALTH WEST HOSPITAL,IN,Acute Care Hospitals,Proprietary,4,259,106,106,4,57,10,0,0.0
171318,SEDAN CITY HOSPITAL,KS,Critical Access Hospitals,Government - Local,Not Available,72,1,116,1,,2,0,0.0
171334,MEDICINE LODGE MEMORIAL HOSPITAL,KS,Critical Access Hospitals,Government - Hospital District or Authority,Not Available,75,2,116,1,,3,1,33.3
171350,RUSSELL REGIONAL HOSPITAL,KS,Critical Access Hospitals,Voluntary non-profit - Private,3,75,2,116,1,,4,0,0.0
171331,KIOWA DISTRICT HOSPITAL,KS,Critical Access Hospitals,Government - Hospital District or Authority,Not Available,76,4,116,1,,3,0,0.0
171312,COMANCHE COUNTY HOSPITAL,KS,Critical Access Hospitals,Government - Local,Not Available,80,5,116,1,,1,0,0.0
171388,BOB WILSON MEMORIAL HOSPITAL,KS,Critical Access Hospitals,Voluntary non-profit - Church,Not Available,80,5,116,1,,2,0,0.0
171308,MERCY HOSPITAL COLUMBUS,KS,Critical Access Hospitals,Voluntary non-profit - Church,Not Available,86,7,116,1,,,,
171311,ROOKS COUNTY HEALTH CENTER,KS,Critical Access Hospitals,Government - Hospital District or Authority,Not Available,86,7,116,1,,3,0,0.0
171367,GOVE COUNTY MEDICAL CENTER,KS,Critical Access Hospitals,Voluntary non-profit - Other,Not Available,86,7,116,1,,3,0,0.0
170074,"STORMONT VAIL HEALTH FLINT HILLS, LLC",KS,Acute Care Hospitals,Voluntary non-profit - Private,4,88,10,116,1,,5,1,20.0
171303,LANE COUNTY HOSPITAL,KS,Critical Access Hospitals,Government - Hospital District or Authority,Not Available,89,11,116,1,,,,
171385,COFFEY COUNTY HOSPITAL,KS,Critical Access Hospitals,Government - Local,4,89,11,116,1,,4,0,0.0
171309,JEWELL COUNTY HOSPITAL,KS,Critical Access Hospitals,Government - Local,Not Available,90,13,116,1,,1,0,0.0
171316,ANDERSON COUNTY HOSPITAL,KS,Critical Access Hospitals,Voluntary non-profit - Private,Not Available,90,13,116,1,,2,0,0.0
171317,EDWARDS COUNTY MEDICAL CENTER,KS,Critical Access Hospitals,Government - Local,Not Available,90,13,116,1,,,,
171341,HIAWATHA COMMUNITY HOSPITAL,KS,Critical Access Hospitals,Voluntary non-profit - Private,3,92,16,116,1,,5,0,0.0
170014,ADVENTHEALTH OTTAWA,KS,Acute Care Hospitals,Government - Local,3,94,17,116,1,87,8,1,12.5
171330,HOSPITAL DISTRICT #1 OF RICE COUNTY,KS,Critical Access Hospitals,Government - Hospital District or Authority,Not Available,94,17,116,1,,3,0,0.0
171345,PAWNEE VALLEY COMMUNITY HOSPITAL,KS,Critical Access Hospitals,Voluntary non-profit - Private,Not Available,94,17,116,1,,3,1,33.3
171365,HANOVER HOSPITAL,KS,Critical Access Hospitals,Government - Hospital District or Authority,Not Available,95,20,116,1,,1,0,0.0
171351,WASHINGTON COUNTY HOSPITAL,KS,Critical Access Hospitals,Government - Local,Not Available,96,21,116,1,,2,0,0.0
170017,SUSAN B ALLEN MEMORIAL HOSPITAL,KS,Acute Care Hospitals,Voluntary non-profit - Private,Not Available,98,22,116,1,88,4,0,0.0
171378,KINGMAN HEALTHCARE CENTER,KS,Critical Access Hospitals,Voluntary non-profit - Private,Not Available,98,22,116,1,,2,0,0.0
170027,PRATT REGIONAL MEDICAL CENTER,KS,Acute Care Hospitals,Proprietary,4,99,24,116,1,37,7,1,14.3
171346,HOSPITAL DISTRICT #6 PATTERSON HEALTH CENTER,KS,Critical Access Hospitals,Government - Hospital District or Authority,Not Available,99,24,116,1,,3,0,0.0
171300,GRISELL MEMORIAL HOSPITAL,KS,Critical Access Hospitals,Government - Hospital District or Authority,Not Available,100,26,116,1,,,,
171336,NESS COUNTY HOSPITAL DISTRICT #2,KS,Critical Access Hospitals,Government - Hospital District or Authority,Not Available,101,27,116,1,,3,0,0.0
171344,WILSON MEDICAL CENTER,KS,Critical Access Hospitals,Government - Local,Not Available,101,27,116,1,,4,1,25.0
171322,HAMILTON COUNTY HOSPITAL,KS,Critical Access Hospitals,Government - Local,Not Available,102,29,116,1,,1,0,0.0
170185,SAINT LUKE'S SOUTH HOSPITAL,KS,Acute Care Hospitals,Voluntary non-profit - Other,4,105,30,116,2,76,8,0,0.0
171324,"SATANTA DISTRICT HOSPITAL, CLINICS, & LTCU",KS,Critical Access Hospitals,Government - Hospital District or Authority,Not Available,105,30,116,2,,1,0,0.0
170204,"ROCK REGIONAL HOSPITAL, LLC",KS,Acute Care Hospitals,Proprietary,4,106,32,116,2,80,6,0,0.0
171361,REPUBLIC COUNTY HOSPITAL,KS,Critical Access Hospitals,Voluntary non-profit - Private,3,106,32,116,2,,5,0,0.0
171363,"COMMUNITY MEMORIAL HEALTHCARE, INC.",KS,Critical Access Hospitals,Voluntary non-profit - Private,4,106,32,116,2,,5,1,20.0
171364,OSBORNE COUNTY MEMORIAL HOSPITAL,KS,Critical Access Hospitals,Government - Local,Not Available,106,32,116,2,,3,0,0.0
171369,HODGEMAN COUNTY HEALTH CENTER,KS,Critical Access Hospitals,Government - Local,Not Available,106,32,116,2,,3,0,0.0
171377,SMITH COUNTY MEMORIAL HOSPITAL,KS,Critical Access Hospitals,Government - Local,Not Available,106,32,116,2,,4,0,0.0
170191,UNIVERSITY  OF KS HLTH SYSTEM GREAT BEND CAMPUS,KS,Acute Care Hospitals,Government - Hospital District or Authority,4,107,38,116,2,87,6,0,0.0
171372,SCOTT COUNTY HOSPITAL,KS,Critical Access Hospitals,Voluntary non-profit - Private,2,107,38,116,2,,4,0,0.0
171357,HILLSBORO COMMUNITY HOSPITAL,KS,Critical Access Hospitals,Proprietary,Not Available,108,40,116,2,,1,0,0.0
171326,LOGAN COUNTY HOSPITAL,KS,Critical Access Hospitals,Government - Local,Not Available,109,41,116,2,,2,0,0.0
170105,MCPHERSON HOSPITAL,KS,Acute Care Hospitals,Voluntary non-profit - Private,2,110,42,116,2,44,6,0,0.0
171328,OTTAWA COUNTY HEALTH CENTER,KS,Critical Access Hospitals,Voluntary non-profit - Other,Not Available,110,42,116,2,,1,0,0.0
171358,LINDSBORG COMMUNITY HOSPITAL,KS,Critical Access Hospitals,Voluntary non-profit - Private,Not Available,110,42,116,2,,3,0,0.0
171310,CHEYENNE COUNTY HOSPITAL,KS,Critical Access Hospitals,Voluntary non-profit - Private,Not Available,111,45,116,2,,2,0,0.0
171337,WAMEGO HEALTH CENTER,KS,Critical Access Hospitals,Voluntary non-profit - Other,Not Available,111,45,116,2,,3,0,0.0
171315,NEMAHA VALLEY COMMUNITY HOSPITAL,KS,Critical Access Hospitals,Voluntary non-profit - Private,Not Available,112,47,116,2,,3,0,0.0
171353,PHILLIPS COUNTY HOSPITAL,KS,Critical Access Hospitals,Government - Local,Not Available,112,47,116,2,,3,0,0.0
171382,AMBERWELL ATCHISON ASSOCIATION,KS,Critical Access Hospitals,Voluntary non-profit - Private,Not Available,112,47,116,2,,3,0,0.0
170013,HAYS MEDICAL CENTER,KS,Acute Care Hospitals,Voluntary non-profit - Other,3,114,50,116,2,59,11,2,18.2
171348,NORTON COUNTY HOSPITAL,KS,Critical Access Hospitals,Government - Local,Not Available,114,50,116,2,,2,0,0.0
171349,CLOUD COUNTY HEALTH CENTER,KS,Critical Access Hospitals,Voluntary non-profit - Private,Not Available,114,50,116,2,,3,0,0.0
171373,ALLEN COUNTY REGIONAL HOSPITAL,KS,Critical Access Hospitals,Government - Local,4,114,50,116,2,,4,0,0.0
171323,STAFFORD COUNTY HOSPITAL,KS,Critical Access Hospitals,Government - Local,Not Available,117,54,116,2,,1,0,0.0
171352,DECATUR HEALTH,KS,Critical Access Hospitals,Voluntary non-profit - Private,Not Available,117,54,116,2,,1,0,0.0
170120,LABETTE HEALTH,KS,Acute Care Hospitals,Government - Local,3,118,56,116,2,46,7,0,0.0
170175,CENTURA ST. CATHERINE-DODGE CITY,KS,Acute Care Hospitals,Proprietary,3,119,57,116,2,69,6,1,16.7
171304,ASHLAND HEALTH CENTER,KS,Critical Access Hospitals,Voluntary non-profit - Other,Not Available,119,57,116,2,,,,
171370,GOODLAND REGIONAL MEDICAL CENTER,KS,Critical Access Hospitals,Government - Local,2,119,57,116,3,,5,1,20.0
171327,ELLSWORTH COUNTY MEDICAL CENTER,KS,Critical Access Hospitals,Proprietary,2,120,60,116,3,,5,0,0.0
171329,CALDWELL REGIONAL MEDICAL CENTER,KS,Critical Access Hospitals,Government - Hospital District or Authority,Not Available,120,60,116,3,,3,0,0.0
171355,TREGO COUNTY LEMKE MEMORIAL HOSPITAL,KS,Critical Access Hospitals,Government - Local,Not Available,120,60,116,3,,3,0,0.0
171356,ST LUKE HOSPITAL & LIVING CENTER,KS,Critical Access Hospitals,Government - Hospital District or Authority,Not Available,120,60,116,3,,2,0,0.0
171379,MORRIS COUNTY HOSPITAL,KS,Critical Access Hospitals,Government - Local,3,120,60,116,3,,4,0,0.0
170208,"ADVENTHEALTH SOUTH OVERLAND PARK, INC",KS,Acute Care Hospitals,Voluntary non-profit - Private,4,121,65,116,3,67,5,1,20.0
171381,MEMORIAL HOSPITAL,KS,Critical Access Hospitals,Government - Hospital District or Authority,2,121,65,116,3,54,4,0,0.0
171376,GIRARD MEDICAL CENTER,KS,Critical Access Hospitals,Government - Hospital District or Authority,2,122,67,116,3,,4,0,0.0
171380,NEOSHO MEMORIAL REGIONAL MEDICAL CENTER,KS,Critical Access Hospitals,Government - Local,1,122,67,116,3,77,6,0,0.0
170146,PROVIDENCE MEDICAL CENTER,KS,Acute Care Hospitals,Voluntary non-profit - Church,3,123,69,116,3,51,8,1,12.5
171332,KIOWA COUNTY MEMORIAL HOSPITAL,KS,Critical Access Hospitals,Government - Local,Not Available,123,69,116,3,,1,0,0.0
170009,SAINT JOHN HOSPITAL,KS,Acute Care Hospitals,Voluntary non-profit - Other,3,124,71,116,3,60,4,0,0.0
170123,WESLEY MEDICAL CENTER,KS,Acute Care Hospitals,Proprietary,4,124,71,116,3,58,11,0,0.0
171339,GREENWOOD COUNTY HOSPITAL,KS,Critical Access Hospitals,Government - Local,Not Available,125,73,116,3,,3,1,33.3
171368,MINNEOLA DISTRICT HOSPITAL,KS,Critical Access Hospitals,Government - Hospital District or Authority,Not Available,126,74,116,3,,2,0,0.0
171374,FREDONIA REGIONAL HOSPITAL,KS,Critical Access Hospitals,Government - Local,Not Available,127,75,116,3,,3,0,0.0
170023,ST. CATHERINE HOSPITAL - GARDEN CITY,KS,Acute Care Hospitals,Voluntary non-profit - Church,2,128,76,116,3,76,8,1,12.5
171386,MORTON COUNTY HOSPITAL,KS,Critical Access Hospitals,Government - Local,Not Available,129,77,116,3,,,,
171306,WICHITA COUNTY HEALTH CENTER,KS,Critical Access Hospitals,Government - Local,Not Available,130,78,116,3,,1,0,0.0
171347,SHERIDAN COUNTY HOSPITAL,KS,Critical Access Hospitals,Government - Local,Not Available,131,79,116,3,,3,0,0.0
171371,CLAY COUNTY MEDICAL CENTER,KS,Critical Access Hospitals,Government - Local,3,132,80,116,3,39,5,0,0.0
170006,"MERCY HOSPITAL PITTSBURG, INC",KS,Acute Care Hospitals,Voluntary non-profit - Church,3,133,81,116,3,64,10,0,0.0
171301,ELLINWOOD DISTRICT HOSPITAL,KS,Critical Access Hospitals,Government - Hospital District or Authority,Not Available,133,81,116,3,,1,0,0.0
171313,KEARNY COUNTY HOSPITAL,KS,Critical Access Hospitals,Government - Local,Not Available,133,81,116,3,,2,0,0.0
171343,STANTON COUNTY HOSPITAL,KS,Critical Access Hospitals,Government - Local,Not Available,133,81,116,3,,1,0,0.0
171307,RAWLINS COUNTY HEALTH CENTER,KS,Critical Access Hospitals,Voluntary non-profit - Other,Not Available,134,85,116,3,,1,0,0.0
171338,GREAT PLAINS OF SABETHA,KS,Critical Access Hospitals,Voluntary non-profit - Private,Not Available,134,85,116,3,,3,0,0.0
171384,NEWMAN REGIONAL HEALTH,KS,Critical Access Hospitals,Government - Local,2,134,85,116,3,72,6,0,0.0
170104,ADVENTHEALTH SHAWNEE MISSION,KS,Acute Care Hospitals,Voluntary non-profit - Private,3,135,88,116,4,58,11,1,9.1
170176,OVERLAND PARK REG MED CTR,KS,Acute Care Hospitals,Proprietary,4,135,88,116,4,69,11,2,18.2
170012,SALINA REGIONAL HEALTH CENTER,KS,Acute Care Hospitals,Voluntary non-profit - Private,3,138,90,116,4,68,11,0,0.0
171354,"COMMUNITY HOSPITAL, ONAGA AND ST MARYS CAMPUS",KS,Critical Access Hospitals,Government - Hospital District or Authority,Not Available,138,90,116,4,,2,0,0.0
171359,GREELEY COUNTY HEALTH SERVICES,KS,Critical Access Hospitals,Government - Local,Not Available,138,90,116,4,,3,0,0.0
17002F,Irwin ACH (FT Riley),KS,Acute Care - Department of Defense,Department of Defense,Not Available,139,93,116,4,,,,
171375,MITCHELL COUNTY HOSPITAL HEALTH SYSTEMS,KS,Critical Access Hospitals,Government - Local,3,139,93,116,4,,5,0,0.0
171383,WILLIAM NEWTON HOSPITAL,KS,Critical Access Hospitals,Government - Local,4,139,93,116,4,76,5,0,0.0
170142,"ASCENSION VIA CHRISTI HOSPITAL MANHATTAN, INC",KS,Acute Care Hospitals,Voluntary non-profit - Private,4,141,96,116,4,62,7,0,0.0
171319,HOLTON COMMUNITY HOSPITAL,KS,Critical Access Hospitals,Voluntary non-profit - Private,Not Available,142,97,116,4,,2,0,0.0
171325,GRAHAM COUNTY HOSPITAL,KS,Critical Access Hospitals,Government - Local,Not Available,142,97,116,4,,3,0,0.0
171333,CLARA BARTON HOSPITAL,KS,Critical Access Hospitals,Voluntary non-profit - Private,2,142,97,116,4,,4,2,50.0
170103,NMC HEALTH,KS,Acute Care Hospitals,Voluntary non-profit - Private,5,143,100,116,4,70,7,1,14.3
170109,MIAMI COUNTY MEDICAL CENTER,KS,Acute Care Hospitals,Voluntary non-profit - Private,Not Available,143,100,116,4,,4,0,0.0
170122,"ASCENSION VIA CHRISTI HOSPITALS WICHITA, INC.",KS,Acute Care Hospitals,Voluntary non-profit - Private,2,143,100,116,4,39,9,1,11.1
171321,MEADE DISTRICT HOSPITAL,KS,Critical Access Hospitals,Government - Hospital District or Authority,Not Available,143,100,116,4,,1,0,0.0
170200,"VIA CHRISTI HOSPITAL WICHITA ST TERESA, INC",KS,Acute Care Hospitals,Voluntary non-profit - Church,4,145,104,116,4,45,6,0,0.0
171335,STEVENS COUNTY HOSPITAL,KS,Critical Access Hospitals,Government - Local,4,151,105,116,4,,3,0,0.0
170068,SOUTHWEST MEDICAL CENTER,KS,Acute Care Hospitals,Government - Local,1,152,106,116,4,59,7,2,28.6
170182,MENORAH MEDICAL CENTER,KS,Acute Care Hospitals,Proprietary,3,154,107,116,4,68,9,1,11.1
170197,KANSAS MEDICAL CENTER LLC,KS,Acute Care Hospitals,Proprietary,2,169,108,116,4,57,8,1,12.5
171362,CITIZENS MEDICAL CENTER,KS,Critical Access Hospitals,Voluntary non-profit - Private,3,173,109,116,4,,8,1,12.5
170020,HUTCHINSON REGIONAL MEDICAL CENTER INC,KS,Acute Care Hospitals,Voluntary non-profit - Private,2,176,110,116,4,55,11,0,0.0
171314,F W HUSTON MEDICAL CENTER,KS,Critical Access Hospitals,Voluntary non-profit - Private,Not Available,183,111,116,4,,,,
170086,STORMONT VAIL HOSPITAL,KS,Acute Care Hospitals,Voluntary non-profit - Private,4,215,112,116,4,87,11,1,9.1
170137,LMH,KS,Acute Care Hospitals,Government - Local,4,216,113,116,4,57,10,1,10.0
170016,UNIVERSITY OF KANSAS HEALTH SYSTEM - ST FRANCIS CAMPUS,KS,Acute Care Hospitals,Voluntary non-profit - Church,3,224,114,116,4,64,11,0,0.0
170049,UNIVERSITY OF KANSAS HEALTH SYSTEM OLATHE HOSPITAL,KS,Acute Care Hospitals,Voluntary non-profit - Private,4,232,115,116,4,65,10,0,0.0
170040,UNIVERSITY OF KANSAS HOSPITAL,KS,Acute Care Hospitals,Government - Hospital District or Authority,5,307,116,116,4,74,10,2,20.0
181305,ARH OUR LADY OF THE WAY,KY,Critical Access Hospitals,Voluntary non-profit - Private,Not Available,84,1,82,1,,,,
181331,MCDOWELL ARH HOSPITAL,KY,Critical Access Hospitals,Voluntary non-profit - Private,Not Available,90,2,82,1,,1,0,0.0
181317,CUMBERLAND COUNTY HOSPITAL,KY,Critical Access Hospitals,Government - Local,Not Available,93,3,82,1,,2,0,0.0
181308,BLUEGRASS COMMUNITY HOSPITAL,KY,Critical Access Hospitals,Proprietary,Not Available,94,4,82,1,,2,0,0.0
181327,MARSHALL COUNTY HOSPITAL,KY,Critical Access Hospitals,Government - Hospital District or Authority,2,94,4,82,1,,5,0,0.0
181319,BRECKINRIDGE MEMORIAL HOSPITAL,KY,Critical Access Hospitals,Government - Local,1,96,6,82,1,,3,0,0.0
181302,THE JAMES B. HAGGIN MEMORIAL HOSPITAL,KY,Critical Access Hospitals,Voluntary non-profit - Other,Not Available,100,7,82,1,,2,0,0.0
181309,CASEY COUNTY HOSPITAL,KY,Critical Access Hospitals,Government - Hospital District or Authority,3,100,7,82,1,,4,0,0.0
181316,MARY BRECKINRIDGE ARH HOSPITAL,KY,Critical Access Hospitals,Voluntary non-profit - Private,Not Available,101,9,82,1,,1,0,0.0
181311,ST ELIZABETH GRANT,KY,Critical Access Hospitals,Voluntary non-profit - Church,Not Available,102,10,82,1,,2,0,0.0
181315,EPHRAIM MCDOWELL FORT LOGAN HOSPITAL,KY,Critical Access Hospitals,Voluntary non-profit - Private,Not Available,103,11,82,1,,2,1,50.0
181320,"LIVINGSTON HOSPITAL AND HEALTHCARE SERVICES, INC",KY,Critical Access Hospitals,Voluntary non-profit - Private,4,103,11,82,1,,5,0,0.0
180046,BOURBON COMMUNITY HOSPITAL,KY,Acute Care Hospitals,Proprietary,2,108,13,82,1,69,4,0,0.0
181306,METHODIST HOSPITAL UNION COUNTY,KY,Critical Access Hospitals,Voluntary non-profit - Church,Not Available,108,13,82,1,,2,0,0.0
181323,OHIO COUNTY HOSPITAL,KY,Critical Access Hospitals,Proprietary,2,110,15,82,1,,5,0,0.0
180149,TJ HEALTH COLUMBIA,KY,Acute Care Hospitals,Government - Hospital District or Authority,Not Available,111,16,82,1,,2,0,0.0
181310,CARROLL COUNTY MEMORIAL HOSPITAL,KY,Critical Access Hospitals,Voluntary non-profit - Private,Not Available,112,17,82,1,,1,0,0.0
180070,OWENSBORO HEALTH TWIN LAKES MEDICAL CENTER,KY,Acute Care Hospitals,Voluntary non-profit - Other,3,116,18,82,1,69,6,0,0.0
180016,UOFL HEALTH - SHELBYVILLE HOSPITAL,KY,Acute Care Hospitals,Voluntary non-profit - Private,3,121,19,82,1,80,6,1,16.7
180105,MONROE COUNTY MEDICAL CENTER,KY,Acute Care Hospitals,Voluntary non-profit - Other,1,122,20,82,1,,4,2,50.0
180154,"PINEVILLE COMMUNITY HEALTH CENTER, INC",KY,Acute Care Hospitals,Voluntary non-profit - Private,1,122,20,82,1,,3,2,66.7
181334,KENTUCKY RIVER MEDICAL CENTER,KY,Critical Access Hospitals,Proprietary,Not Available,123,22,82,2,,,,
181329,CHI SAINT JOSEPH BEREA NF,KY,Critical Access Hospitals,Voluntary non-profit - Private,4,126,23,82,2,84,5,1,20.0
180056,DEACONESS HENDERSON HOSPITAL,KY,Acute Care Hospitals,Voluntary non-profit - Church,2,127,24,82,2,77,8,1,12.5
180116,JACKSON PURCHASE MEDICAL CENTER,KY,Acute Care Hospitals,Government - Hospital District or Authority,1,127,24,82,2,56,6,1,16.7
180064,SAINT JOSEPH MOUNT STERLING,KY,Acute Care Hospitals,Voluntary non-profit - Private,4,129,26,82,2,69,5,1,20.0
181301,MARCUM AND WALLACE MEMORIAL HOSPITAL,KY,Critical Access Hospitals,Voluntary non-profit - Private,4,129,26,82,2,,5,0,0.0
181307,MORGAN COUNTY ARH HOSPITAL,KY,Critical Access Hospitals,Voluntary non-profit - Private,Not Available,130,28,82,2,,2,0,0.0
180066,The Medical Center at Russellville,KY,Acute Care Hospitals,Proprietary,2,131,29,82,2,,4,2,50.0
180035,ST ELIZABETH EDGEWOOD,KY,Acute Care Hospitals,Voluntary non-profit - Church,5,132,30,82,2,65,11,2,18.2
180043,AdventHealthManchester,KY,Acute Care Hospitals,Voluntary non-profit - Church,3,132,30,82,2,62,5,1,20.0
180101,GEORGETOWN COMMUNITY HOSPITAL,KY,Acute Care Hospitals,Proprietary,3,133,32,82,2,72,7,2,28.6
180010,SAINT JOSEPH HOSPITAL,KY,Acute Care Hospitals,Voluntary non-profit - Church,3,135,33,82,2,72,9,3,33.3
180143,SAINT JOSEPH EAST,KY,Acute Care Hospitals,Voluntary non-profit - Private,2,136,34,82,2,82,8,2,25.0
180087,TAYLOR REGIONAL HOSPITAL,KY,Acute Care Hospitals,Government - Hospital District or Authority,2,137,35,82,2,56,8,0,0.0
181304,TRIGG COUNTY HOSPITAL,KY,Critical Access Hospitals,Voluntary non-profit - Private,Not Available,137,35,82,2,,2,0,0.0
181328,KNOX COUNTY HOSPITAL,KY,Critical Access Hospitals,Government - Local,Not Available,137,35,82,2,65,3,0,0.0
180048,EPHRAIM MCDOWELL REGIONAL MEDICAL CENTER,KY,Acute Care Hospitals,Voluntary non-profit - Private,3,139,38,82,2,77,9,1,11.1
180138,BAPTIST HEALTH LAGRANGE,KY,Acute Care Hospitals,Voluntary non-profit - Private,5,140,39,82,2,74,8,0,0.0
180115,"ROCKCASTLE COUNTY HOSPITAL, INC.",KY,Acute Care Hospitals,Voluntary non-profit - Private,2,142,40,82,2,42,5,0,0.0
181325,JANE TODD CRAWFORD HOSPITAL,KY,Critical Access Hospitals,Voluntary non-profit - Private,Not Available,142,40,82,2,,1,0,0.0
180025,CHI SAINT JOSEPH FLAGET MEMORIAL HOSPITAL,KY,Acute Care Hospitals,Voluntary non-profit - Private,3,144,42,82,2,73,7,1,14.3
180040,UOFL HEALTH - JEWISH HOSPITAL and Mary & Elizabeth Hospital,KY,Acute Care Hospitals,Voluntary non-profit - Private,2,145,43,82,3,68,9,3,33.3
180019,MEADOWVIEW REGIONAL MEDICAL CENTER,KY,Acute Care Hospitals,Proprietary,4,147,44,82,3,55,7,0,0.0
180001,ST ELIZABETH FT THOMAS,KY,Acute Care Hospitals,Voluntary non-profit - Private,5,148,45,82,3,60,6,1,16.7
180004,OWENSBORO HEALTH MUHLENBERG COMMUNITY HOSPITAL,KY,Acute Care Hospitals,Voluntary non-profit - Private,4,148,45,82,3,82,6,0,0.0
180049,BAPTIST HEALTH RICHMOND,KY,Acute Care Hospitals,Voluntary non-profit - Private,4,150,47,82,3,64,8,0,0.0
180045,ST ELIZABETH FLORENCE,KY,Acute Care Hospitals,Voluntary non-profit - Private,3,152,48,82,3,60,6,1,16.7
180124,TRISTAR GREENVIEW REGIONAL HOSPITAL,KY,Acute Care Hospitals,Proprietary,2,152,48,82,3,75,8,1,12.5
180027,MURRAY-CALLOWAY COUNTY HOSPITAL,KY,Acute Care Hospitals,Voluntary non-profit - Other,3,156,50,82,3,59,10,2,20.0
18003F,Blanchfield ACH (FT Campbell),KY,Acute Care - Department of Defense,Department of Defense,Not Available,156,50,82,3,,,,
180051,JENNIE STUART MEDICAL CENTER,KY,Acute Care Hospitals,Voluntary non-profit - Private,1,156,50,82,3,74,8,0,0.0
180024,SPRING VIEW HOSPITAL,KY,Acute Care Hospitals,Proprietary,5,158,53,82,3,85,7,0,0.0
180002,WHITESBURG ARH HOSPITAL,KY,Acute Care Hospitals,Voluntary non-profit - Other,3,160,54,82,3,76,5,1,20.0
180127,FRANKFORT REGIONAL MEDICAL CENTER,KY,Acute Care Hospitals,Proprietary,3,160,54,82,3,45,6,0,0.0
180079,HARRISON MEMORIAL HOSPITAL,KY,Acute Care Hospitals,Voluntary non-profit - Other,3,162,56,82,3,80,6,1,16.7
180128,THREE RIVERS MEDICAL CENTER,KY,Acute Care Hospitals,Proprietary,3,163,57,82,3,98,6,1,16.7
180078,PAINTSVILLE ARH HOSPITAL,KY,Acute Care Hospitals,Proprietary,2,166,58,82,3,69,5,2,40.0
180132,LAKE CUMBERLAND REGIONAL HOSPITAL,KY,Acute Care Hospitals,Proprietary,2,169,59,82,3,45,7,3,42.9
180102,MERCY HEALTH - LOURDES HOSPITAL,KY,Acute Care Hospitals,Voluntary non-profit - Church,3,171,60,82,3,69,11,1,9.1
180029,HAZARD ARH REGIONAL MEDICAL CENTER,KY,Acute Care Hospitals,Voluntary non-profit - Private,2,173,61,82,3,75,9,3,33.3
180020,MIDDLESBORO ARH HOSPITAL,KY,Acute Care Hospitals,Voluntary non-profit - Private,1,176,62,82,3,54,5,1,20.0
180069,TUG VALLEY ARH REGIONAL MEDICAL CENTER,KY,Acute Care Hospitals,Proprietary,2,176,62,82,4,83,5,2,40.0
180092,CLARK REGIONAL MEDICAL CENTER,KY,Acute Care Hospitals,Proprietary,3,177,64,82,4,73,9,1,11.1
180018,ST CLAIRE REGIONAL MEDICAL CENTER,KY,Acute Care Hospitals,Government - Federal,2,181,65,82,4,86,8,2,25.0
180103,BAPTIST HEALTH LEXINGTON,KY,Acute Care Hospitals,Voluntary non-profit - Other,4,181,65,82,4,61,11,1,9.1
180104,BAPTIST HEALTH PADUCAH,KY,Acute Care Hospitals,Voluntary non-profit - Church,4,181,65,82,4,67,10,0,0.0
180017,T J SAMSON COMMUNITY HOSPITAL,KY,Acute Care Hospitals,Voluntary non-profit - Other,3,184,68,82,4,65,10,2,20.0
180093,BAPTIST HEALTH DEACONESS MADISONVILLE,KY,Acute Care Hospitals,Voluntary non-profit - Private,2,187,69,82,4,50,10,1,10.0
180130,BAPTIST HEALTH LOUISVILLE,KY,Acute Care Hospitals,Voluntary non-profit - Private,4,190,70,82,4,59,11,1,9.1
180005,HIGHLANDS ARH REGIONAL MEDICAL CENTER,KY,Acute Care Hospitals,Proprietary,2,193,71,82,4,68,6,2,33.3
180050,HARLAN ARH HOSPITAL,KY,Acute Care Hospitals,Voluntary non-profit - Other,2,193,71,82,4,82,8,1,12.5
180011,SAINT JOSEPH LONDON,KY,Acute Care Hospitals,Voluntary non-profit - Private,3,194,73,82,4,70,10,1,10.0
180088,"NORTON HOSPITALS, INC",KY,Acute Care Hospitals,Voluntary non-profit - Private,2,197,74,82,4,58,11,4,36.4
180012,BAPTIST HEALTH HARDIN,KY,Acute Care Hospitals,Government - Local,3,198,75,82,4,53,9,1,11.1
180141,UNIVERSITY OF LOUISVILLE HOSPITAL,KY,Acute Care Hospitals,Voluntary non-profit - Private,1,198,75,82,4,67,8,3,37.5
180080,BAPTIST HEALTH CORBIN,KY,Acute Care Hospitals,Voluntary non-profit - Private,3,204,77,82,4,69,9,0,0.0
180038,OWENSBORO HEALTH REGIONAL HOSPITAL,KY,Acute Care Hospitals,Voluntary non-profit - Private,2,208,78,82,4,70,10,0,0.0
180009,KING'S DAUGHTERS' MEDICAL CENTER,KY,Acute Care Hospitals,Voluntary non-profit - Private,3,210,79,82,4,77,11,1,9.1
180013,THE MEDICAL CENTER (BOWLING GREEN),KY,Acute Care Hospitals,Voluntary non-profit - Private,2,216,80,82,4,68,10,1,10.0
180067,UNIVERSITY OF KENTUCKY HOSPITAL,KY,Acute Care Hospitals,Government - State,4,217,81,82,4,20,10,0,0.0
180044,PIKEVILLE MEDICAL CENTER,KY,Acute Care Hospitals,Voluntary non-profit - Private,1,220,82,82,4,81,10,3,30.0
190151,RICHARDSON MEDICAL CENTER,LA,Acute Care Hospitals,Government - Hospital District or Authority,Not Available,57,1,89,1,,3,0,0.0
191325,LADY OF THE SEA GENERAL HOSPITAL,LA,Critical Access Hospitals,Government - Hospital District or Authority,Not Available,61,2,89,1,,,,
191300,ST HELENA PARISH HOSPITAL,LA,Critical Access Hospitals,Government - Hospital District or Authority,Not Available,73,3,89,1,,,,
190099,AVOYELLES HOSPITAL,LA,Acute Care Hospitals,Proprietary,1,79,4,89,1,,4,2,50.0
191310,BAYOU BEND HEALTH SYSTEM,LA,Critical Access Hospitals,Government - Hospital District or Authority,Not Available,79,4,89,1,,2,0,0.0
190014,OCHSNER ST MARY,LA,Acute Care Hospitals,Voluntary non-profit - Private,2,81,6,89,1,69,5,1,20.0
191309,HOOD MEMORIAL HOSPITAL,LA,Critical Access Hospitals,Government - Hospital District or Authority,Not Available,81,6,89,1,,,,
191311,BUNKIE GENERAL HOSPITAL,LA,Critical Access Hospitals,Government - Hospital District or Authority,Not Available,81,6,89,1,,,,
190208,EAST CARROLL PARISH HOSPITAL,LA,Acute Care Hospitals,Government - Hospital District or Authority,Not Available,85,9,89,1,,2,0,0.0
191322,ABROM KAPLAN MEMORIAL HOSPITAL,LA,Critical Access Hospitals,Voluntary non-profit - Private,Not Available,87,10,89,1,,3,0,0.0
191315,HARDTNER MEDICAL CENTER,LA,Critical Access Hospitals,Government - Hospital District or Authority,Not Available,91,11,89,1,,3,1,33.3
191306,WEST FELICIANA PARISH HOSPITAL,LA,Critical Access Hospitals,Government - Hospital District or Authority,Not Available,94,12,89,1,,,,
19050F,Bayne-Jones ACH (Ft Johnson),LA,Acute Care - Department of Defense,Department of Defense,Not Available,95,13,89,1,,,,
191301,UNION GENERAL HOSPITAL,LA,Critical Access Hospitals,Voluntary non-profit - Private,Not Available,98,14,89,1,,2,0,0.0
190088,SPRINGHILL MEDICAL CENTER,LA,Acute Care Hospitals,Voluntary non-profit - Private,4,99,15,89,1,,4,0,0.0
191307,DEQUINCY MEMORIAL HOSPITAL,LA,Critical Access Hospitals,Proprietary,Not Available,99,15,89,1,,,,
191320,BIENVILLE MEDICAL CENTER,LA,Critical Access Hospitals,Proprietary,Not Available,99,15,89,1,,,,
190090,WINN PARISH MEDICAL CENTER,LA,Acute Care Hospitals,Proprietary,Not Available,100,18,89,1,53,3,0,0.0
191305,ST JAMES PARISH HOSPITAL,LA,Critical Access Hospitals,Government - Hospital District or Authority,Not Available,100,18,89,1,,1,0,0.0
191302,OCHSNER ST MARTIN HOSPITAL,LA,Critical Access Hospitals,Voluntary non-profit - Private,Not Available,102,20,89,1,,2,0,0.0
190053,OCHSNER AMERICAN LEGION HOSPITAL,LA,Acute Care Hospitals,Voluntary non-profit - Private,2,104,21,89,1,43,6,2,33.3
190133,ALLEN PARISH HOSPITAL,LA,Acute Care Hospitals,Government - Hospital District or Authority,Not Available,106,22,89,1,,1,0,0.0
191321,LALLIE KEMP MEDICAL CENTER,LA,Critical Access Hospitals,Government - State,Not Available,106,22,89,1,,1,0,0.0
190118,DESOTO REGIONAL HEALTH SYSTEM,LA,Acute Care Hospitals,Voluntary non-profit - Private,2,107,24,89,2,,4,0,0.0
190025,SAVOY MEDICAL CENTER,LA,Acute Care Hospitals,Voluntary non-profit - Other,4,108,25,89,2,84,6,0,0.0
190044,ACADIA GENERAL HOSPITAL,LA,Acute Care Hospitals,Voluntary non-profit - Private,3,108,25,89,2,64,9,0,0.0
190114,CLAIBORNE MEMORIAL MEDICAL CENTER,LA,Acute Care Hospitals,Government - Hospital District or Authority,1,111,27,89,2,,4,1,25.0
190116,MOREHOUSE GENERAL HOSPITAL,LA,Acute Care Hospitals,Government - Hospital District or Authority,2,111,27,89,2,39,4,1,25.0
190106,OAKDALE COMMUNITY HOSPITAL,LA,Acute Care Hospitals,Proprietary,3,112,29,89,2,,4,1,25.0
190318,ACADIAN MEDICAL CENTER,LA,Acute Care Hospitals,Proprietary,3,113,30,89,2,80,6,0,0.0
190079,ST CHARLES PARISH HOSPITAL,LA,Acute Care Hospitals,Government - Hospital District or Authority,Not Available,117,31,89,2,90,2,0,0.0
190144,MINDEN MEDICAL CENTER,LA,Acute Care Hospitals,Proprietary,2,117,31,89,2,70,6,1,16.7
191304,NORTH CADDO MEDICAL CENTER,LA,Critical Access Hospitals,Government - Hospital District or Authority,Not Available,118,33,89,2,,3,0,0.0
190034,ABBEVILLE GENERAL HOSPITAL,LA,Acute Care Hospitals,Government - Hospital District or Authority,3,119,34,89,2,56,5,0,0.0
191313,RIVERSIDE MEDICAL CENTER,LA,Critical Access Hospitals,Government - Hospital District or Authority,Not Available,119,34,89,2,,3,0,0.0
191324,OCHSNER ST ANNE GENERAL HOSPITAL,LA,Critical Access Hospitals,Voluntary non-profit - Other,Not Available,119,34,89,2,71,4,0,0.0
191314,MADISON PARISH HOSPITAL,LA,Critical Access Hospitals,Government - Hospital District or Authority,Not Available,121,37,89,2,,,,
191326,REEVES MEMORIAL MEDICAL CENTER,LA,Critical Access Hospitals,Government - Hospital District or Authority,Not Available,121,37,89,2,,1,0,0.0
190013,WEST CALCASIEU CAMERON HOSPITAL,LA,Acute Care Hospitals,Government - Hospital District or Authority,4,122,39,89,2,63,9,0,0.0
190054,IBERIA MEDICAL CENTER,LA,Acute Care Hospitals,Voluntary non-profit - Private,2,123,40,89,2,85,9,0,0.0
190164,BYRD REGIONAL HOSPITAL,LA,Acute Care Hospitals,Proprietary,2,123,40,89,2,74,6,3,50.0
190184,CITIZENS MEDICAL CENTER,LA,Acute Care Hospitals,Government - Hospital District or Authority,3,123,40,89,2,,5,1,20.0
191316,POINTE COUPEE GENERAL HOSPITAL,LA,Critical Access Hospitals,Government - Hospital District or Authority,Not Available,124,43,89,2,,1,0,0.0
190017,OPELOUSAS GENERAL HEALTH SYSTEM,LA,Acute Care Hospitals,Government - Hospital District or Authority,2,128,44,89,2,58,10,1,10.0
190183,LEONARD J CHABERT MEDICAL CENTER,LA,Acute Care Hospitals,Voluntary non-profit - Other,3,128,44,89,2,73,7,1,14.3
190218,SABINE MEDICAL CENTER,LA,Acute Care Hospitals,Proprietary,Not Available,128,44,89,3,,3,0,0.0
190086,NORTHERN LOUISIANA MEDICAL CENTER,LA,Acute Care Hospitals,Proprietary,2,130,47,89,3,68,7,0,0.0
190006,OCHSNER UNIVERSITY HOSPITAL AND CLINICS,LA,Acute Care Hospitals,Voluntary non-profit - Private,3,132,48,89,3,64,7,1,14.3
190201,CHRISTUS OCHSNER LAKE AREA HOSPITAL,LA,Acute Care Hospitals,Voluntary non-profit - Private,Not Available,132,48,89,3,81,5,1,20.0
190312,OUR LADY OF THE ANGELS HOSPITAL,LA,Acute Care Hospitals,Voluntary non-profit - Private,4,133,50,89,3,74,5,0,0.0
191317,JACKSON PARISH HOSPITAL,LA,Critical Access Hospitals,Government - Hospital District or Authority,Not Available,133,50,89,3,,3,0,0.0
190026,RAPIDES REGIONAL MEDICAL CENTER,LA,Acute Care Hospitals,Proprietary,2,134,52,89,3,63,8,2,25.0
190145,LASALLE GENERAL HOSPITAL,LA,Acute Care Hospitals,Government - Hospital District or Authority,1,137,53,89,3,,3,2,66.7
190313,NEW ORLEANS EAST HOSPITAL,LA,Acute Care Hospitals,Government - Hospital District or Authority,Not Available,137,53,89,3,64,2,0,0.0
190167,MERCY REGIONAL MEDICAL CENTER,LA,Acute Care Hospitals,Proprietary,3,138,55,89,3,69,6,0,0.0
190027,CHRISTUS OCHSNER ST PATRICK HOSPITAL,LA,Acute Care Hospitals,Voluntary non-profit - Private,3,145,56,89,3,74,8,1,12.5
191327,WEST CARROLL MEMORIAL HOSPITAL,LA,Critical Access Hospitals,Proprietary,Not Available,145,56,89,3,,3,0,0.0
190128,WOMANS HOSPITAL,LA,Acute Care Hospitals,Voluntary non-profit - Private,4,147,58,89,3,,5,0,0.0
190008,TERREBONNE GENERAL MEDICAL CENTER - PARISH,LA,Acute Care Hospitals,Government - Hospital District or Authority,4,148,59,89,3,90,10,1,10.0
190102,"OUR LADY OF LOURDES REGIONAL MEDICAL CENTER, INC",LA,Acute Care Hospitals,Voluntary non-profit - Private,3,148,59,89,3,68,10,1,10.0
190140,FRANKLIN MEDICAL CENTER,LA,Acute Care Hospitals,Government - Hospital District or Authority,Not Available,148,59,89,3,47,3,0,0.0
190274,OCHSNER MEDICAL CENTER-KENNER,LA,Acute Care Hospitals,Voluntary non-profit - Private,4,149,62,89,3,62,7,1,14.3
190160,GLENWOOD REGIONAL MEDICAL CENTER,LA,Acute Care Hospitals,Proprietary,2,152,63,89,3,60,9,2,22.2
190039,WEST JEFFERSON MEDICAL CENTER,LA,Acute Care Hospitals,Voluntary non-profit - Private,3,154,64,89,3,61,8,2,25.0
190011,OCHSNER LSU HEALTH MONROE,LA,Acute Care Hospitals,Voluntary non-profit - Private,3,155,65,89,3,66,5,0,0.0
191323,RICHLAND PARISH HOSPITAL-DELHI,LA,Critical Access Hospitals,Government - Hospital District or Authority,Not Available,156,66,89,3,,4,1,25.0
190041,CHRISTUS SHREVEPORT-BOSSIER HEALTH SYSTEM,LA,Acute Care Hospitals,Voluntary non-profit - Private,3,157,67,89,3,66,11,2,18.2
190046,TOURO INFIRMARY,LA,Acute Care Hospitals,Voluntary non-profit - Private,3,158,68,89,4,70,11,2,18.2
190007,NATCHITOCHES REGIONAL MEDICAL CENTER,LA,Acute Care Hospitals,Government - Hospital District or Authority,4,160,69,89,4,81,7,1,14.3
190176,EAST JEFFERSON GENERAL HOSPITAL,LA,Acute Care Hospitals,Voluntary non-profit - Private,2,162,70,89,4,71,11,2,18.2
190064,OUR LADY OF THE LAKE REGIONAL MEDICAL CENTER,LA,Acute Care Hospitals,Voluntary non-profit - Church,3,164,71,89,4,75,10,0,0.0
190036,OCHSNER MEDICAL CENTER ACUTE,LA,Acute Care Hospitals,Voluntary non-profit - Private,4,168,72,89,4,72,11,3,27.3
190004,THIBODAUX REGIONAL MEDICAL CENTER,LA,Acute Care Hospitals,Voluntary non-profit - Private,3,170,73,89,4,89,10,0,0.0
190002,OCHSNER LAFAYETTE GENERAL MEDICAL CENTER,LA,Acute Care Hospitals,Voluntary non-profit - Private,3,171,74,89,4,60,11,1,9.1
190045,ST TAMMANY PARISH HOSPITAL,LA,Acute Care Hospitals,Government - Hospital District or Authority,4,171,74,89,4,67,9,0,0.0
190316,THE GENERAL,LA,Acute Care Hospitals,Voluntary non-profit - Private,Not Available,174,76,89,4,77,3,1,33.3
190202,OCHSNER MEDICAL CENTER - BATON ROUGE,LA,Acute Care Hospitals,Voluntary non-profit - Private,4,179,77,89,4,57,9,0,0.0
190015,NORTH OAKS MEDICAL CENTER,LA,Acute Care Hospitals,Government - Hospital District or Authority,2,180,78,89,4,65,10,4,40.0
190111,WILLIS KNIGHTON MEDICAL CENTER,LA,Acute Care Hospitals,Voluntary non-profit - Private,3,180,78,89,4,65,11,0,0.0
190308,ST BERNARD PARISH HOSPITAL,LA,Acute Care Hospitals,Government - Hospital District or Authority,4,181,80,89,4,83,4,0,0.0
190020,LANE REGIONAL MEDICAL CENTER,LA,Acute Care Hospitals,Government - Hospital District or Authority,3,184,81,89,4,83,6,0,0.0
190050,BEAUREGARD MEMORIAL HOSPITAL,LA,Acute Care Hospitals,Government - Hospital District or Authority,3,184,81,89,4,63,6,0,0.0
190040,SLIDELL MEMORIAL HOSPITAL,LA,Acute Care Hospitals,Government - Hospital District or Authority,2,203,83,89,4,67,10,3,30.0
190065,BATON ROUGE GENERAL MEDICAL CENTER,LA,Acute Care Hospitals,Voluntary non-profit - Private,3,207,84,89,4,69,11,1,9.1
190019,CHRISTUS ST FRANCES CABRINI HOSPITAL,LA,Acute Care Hospitals,Voluntary non-profit - Private,3,211,85,89,4,90,10,3,30.0
190060,LAKE CHARLES MEMORIAL HOSPITAL,LA,Acute Care Hospitals,Voluntary non-profit - Private,3,217,86,89,4,41,10,1,10.0
190125,FMOL HEALTH ST FRANCIS,LA,Acute Care Hospitals,Voluntary non-profit - Private,3,226,87,89,4,66,10,2,20.0
190098,OCHSNER LSU HEALTH SHREVEPORT,LA,Acute Care Hospitals,Voluntary non-profit - Private,2,247,88,89,4,45,8,0,0.0
190005,UNIVERSITY MEDICAL CENTER NEW ORLEANS,LA,Acute Care Hospitals,Voluntary non-profit - Private,2,353,89,89,4,76,7,0,0.0
221302,FAIRVIEW HOSPITAL,MA,Critical Access Hospitals,Voluntary non-profit - Private,5,114,1,54,1,,6,0,0.0
220177,NANTUCKET COTTAGE HOSPITAL,MA,Acute Care Hospitals,Voluntary non-profit - Private,3,116,2,54,1,,6,1,16.7
220036,BOSTON MEDICAL CENTER-BRIGHTON,MA,Acute Care Hospitals,Proprietary,3,148,3,54,1,58,9,3,33.3
221304,NORTH ADAMS REGIONAL HOSPITAL CORPORATION,MA,Critical Access Hospitals,Government - Federal,Not Available,153,4,54,1,,,,
221300,MARTHA'S VINEYARD HOSPITAL INC,MA,Critical Access Hospitals,Voluntary non-profit - Private,4,157,5,54,1,,7,2,28.6
220135,FALMOUTH HOSPITAL,MA,Acute Care Hospitals,Voluntary non-profit - Private,4,160,6,54,1,85,10,1,10.0
220011,CAMBRIDGE HEALTH ALLIANCE,MA,Acute Care Hospitals,Government - Local,3,164,7,54,1,52,9,0,0.0
220075,MASSACHUSETTS EYE AND EAR INFIRMARY -,MA,Acute Care Hospitals,Voluntary non-profit - Private,Not Available,168,8,54,1,,2,0,0.0
221303,ATHOL MEMORIAL HOSPITAL,MA,Critical Access Hospitals,Voluntary non-profit - Private,2,176,9,54,1,,5,1,20.0
220020,SAINT ANNE'S HOSPITAL,MA,Acute Care Hospitals,Proprietary,3,190,10,54,1,82,10,3,30.0
220016,BAYSTATE FRANKLIN MEDICAL CENTER,MA,Acute Care Hospitals,Voluntary non-profit - Private,3,192,11,54,1,53,8,2,25.0
220029,ANNA JAQUES HOSPITAL,MA,Acute Care Hospitals,Voluntary non-profit - Private,3,192,11,54,1,50,9,1,11.1
220033,NORTHEAST HOSPITAL CORPORATION,MA,Acute Care Hospitals,Voluntary non-profit - Private,3,194,13,54,1,44,10,2,20.0
220095,HEYWOOD HOSPITAL -,MA,Acute Care Hospitals,Voluntary non-profit - Private,2,194,13,54,1,30,9,3,33.3
220008,STURDY MEMORIAL HOSPITAL,MA,Acute Care Hospitals,Voluntary non-profit - Other,3,197,15,54,2,61,9,3,33.3
220083,BETH ISRAEL DEACONESS HOSPITAL - NEEDHAM,MA,Acute Care Hospitals,Voluntary non-profit - Private,5,198,16,54,2,31,7,2,28.6
220070,MELROSEWAKEFIELD HEALTHCARE,MA,Acute Care Hospitals,Voluntary non-profit - Private,3,199,17,54,2,50,8,3,37.5
220074,SOUTHCOAST HOSPITALS GROUP,MA,Acute Care Hospitals,Voluntary non-profit - Private,4,201,18,54,2,65,11,3,27.3
220012,CAPE COD HOSPITAL,MA,Acute Care Hospitals,Voluntary non-profit - Private,2,202,19,54,2,67,11,4,36.4
220030,BAYSTATE WING HOSPITAL,MA,Acute Care Hospitals,Voluntary non-profit - Other,4,209,20,54,2,55,6,2,33.3
220052,SIGNATURE HEALTHCARE BROCKTON HOSPITAL,MA,Acute Care Hospitals,Voluntary non-profit - Other,3,210,21,54,2,84,8,0,0.0
220084,EMERSON HOSPITAL -,MA,Acute Care Hospitals,Voluntary non-profit - Private,5,210,21,54,2,69,9,0,0.0
220116,TUFTS MEDICAL CENTER,MA,Acute Care Hospitals,Voluntary non-profit - Private,2,211,23,54,2,35,11,2,18.2
220002,MOUNT AUBURN HOSPITAL,MA,Acute Care Hospitals,Voluntary non-profit - Private,4,212,24,54,2,40,11,1,9.1
220073,BROWN UNIVERSITY HEALTH MORTON HOSPITAL,MA,Acute Care Hospitals,Proprietary,1,213,25,54,2,75,7,4,57.1
220019,UMASS MEMORIAL HEALTH - HARRINGTON HOSPITAL,MA,Acute Care Hospitals,Voluntary non-profit - Private,3,215,26,54,2,54,8,2,25.0
220065,BAYSTATE NOBLE HOSPITAL,MA,Acute Care Hospitals,Voluntary non-profit - Private,2,216,27,54,2,70,6,0,0.0
220176,ST VINCENT HOSPITAL,MA,Acute Care Hospitals,Proprietary,2,220,28,54,2,37,11,0,0.0
220100,SOUTH SHORE HOSPITAL,MA,Acute Care Hospitals,Voluntary non-profit - Private,2,225,29,54,3,53,8,4,50.0
220171,"LAHEY HOSPITAL & MEDICAL CENTER, BURLINGTON",MA,Acute Care Hospitals,Voluntary non-profit - Private,4,226,30,54,3,52,11,0,0.0
220175,METROWEST MEDICAL CENTER,MA,Acute Care Hospitals,Voluntary non-profit - Private,1,227,31,54,3,47,7,2,28.6
220105,WINCHESTER HOSPITAL,MA,Acute Care Hospitals,Voluntary non-profit - Private,3,229,32,54,3,55,9,4,44.4
220080,HOLY FAMILY HOSPITAL,MA,Acute Care Hospitals,Proprietary,2,233,33,54,3,47,8,3,37.5
220049,MARLBOROUGH HOSPITAL,MA,Acute Care Hospitals,Voluntary non-profit - Private,2,236,34,54,3,59,6,2,33.3
220108,BETH ISRAEL DEACONESS HOSPITAL - MILTON,MA,Acute Care Hospitals,Government - Federal,4,239,35,54,3,57,7,3,42.9
220031,BOSTON MEDICAL CENTER,MA,Acute Care Hospitals,Voluntary non-profit - Private,3,241,36,54,3,65,11,1,9.1
220060,BETH ISRAEL DEACONESS HOSPITAL PLYMOUTH,MA,Acute Care Hospitals,Voluntary non-profit - Private,4,242,37,54,3,39,10,1,10.0
220010,MERRIMACK HEALTH LAWRENCE HOSPITAL,MA,Acute Care Hospitals,Voluntary non-profit - Private,2,245,38,54,3,39,8,1,12.5
220046,BERKSHIRE MEDICAL CENTER,MA,Acute Care Hospitals,Voluntary non-profit - Other,4,248,39,54,3,85,9,0,0.0
220015,"COOLEY DICKINSON HOSPITAL INC,THE",MA,Acute Care Hospitals,Voluntary non-profit - Private,2,252,40,54,3,50,9,1,11.1
220001,UMASS MEMORIAL HEALTHALLIANCE HOSPITALS,MA,Acute Care Hospitals,Voluntary non-profit - Other,3,253,41,54,3,47,8,2,25.0
220119,BRIGHAM AND WOMEN FAULKNER HOSPITAL,MA,Acute Care Hospitals,Voluntary non-profit - Private,5,255,42,54,4,55,9,0,0.0
220063,LOWELL GENERAL HOSPITAL,MA,Acute Care Hospitals,Voluntary non-profit - Private,2,262,43,54,4,62,10,4,40.0
220101,NEWTON-WELLESLEY HOSPITAL,MA,Acute Care Hospitals,Voluntary non-profit - Private,5,263,44,54,4,36,9,0,0.0
220111,GOOD SAMARITAN MEDICAL CENTER,MA,Acute Care Hospitals,Proprietary,2,264,45,54,4,42,8,3,37.5
220024,HOLYOKE MEDICAL CENTER,MA,Acute Care Hospitals,Voluntary non-profit - Private,4,267,46,54,4,88,9,1,11.1
220090,MILFORD REGIONAL MEDICAL CENTER,MA,Acute Care Hospitals,Voluntary non-profit - Other,4,274,47,54,4,44,7,4,57.1
220035,NORTH SHORE MEDICAL CENTER -,MA,Acute Care Hospitals,Voluntary non-profit - Private,5,276,48,54,4,38,10,1,10.0
220066,MERCY MEDICAL CTR,MA,Acute Care Hospitals,Voluntary non-profit - Private,2,278,49,54,4,52,9,2,22.2
220077,BAYSTATE MEDICAL CENTER,MA,Acute Care Hospitals,Voluntary non-profit - Private,2,282,50,54,4,47,11,4,36.4
220071,MASSACHUSETTS GENERAL HOSPITAL,MA,Acute Care Hospitals,Voluntary non-profit - Private,5,283,51,54,4,49,11,4,36.4
220163,UMASS MEMORIAL MEDICAL CENTER/UNIVERSITY CAMPUS,MA,Acute Care Hospitals,Voluntary non-profit - Private,3,296,52,54,4,60,11,1,9.1
220110,BRIGHAM AND WOMEN'S HOSPITAL,MA,Acute Care Hospitals,Voluntary non-profit - Private,5,309,53,54,4,42,11,2,18.2
220086,BETH ISRAEL DEACONESS MEDICAL CENTER,MA,Acute Care Hospitals,Voluntary non-profit - Private,3,348,54,54,4,34,11,4,36.4
210017,GARRETT REGIONAL MEDICAL CENTER,MD,Acute Care Hospitals,Voluntary non-profit - Private,4,129,1,40,1,73,9,0,0.0
210061,ATLANTIC GENERAL HOSPITAL,MD,Acute Care Hospitals,Voluntary non-profit - Private,3,146,2,40,1,34,8,1,12.5
210030,UNIVERSITY OF MD SHORE MEDICAL CTR AT CHESTERTOWN,MD,Acute Care Hospitals,Voluntary non-profit - Private,5,174,3,40,1,,7,0,0.0
210019,"TIDALHEALTH PENINSULA REGIONAL, INC",MD,Acute Care Hospitals,Voluntary non-profit - Private,4,176,4,40,1,55,11,2,18.2
210037,UNIVERSITY OF MD SHORE MEDICAL CENTER AT EASTON,MD,Acute Care Hospitals,Voluntary non-profit - Private,4,179,5,40,1,55,10,0,0.0
21007F,Walter Reed National Military Med Cen,MD,Acute Care - Department of Defense,Department of Defense,Not Available,187,6,40,1,54,,,
210039,CALVERTHEALTH MEDICAL CENTER,MD,Acute Care Hospitals,Voluntary non-profit - Other,5,200,7,40,1,55,8,0,0.0
210057,ADVENTIST HEALTHCARE SHADY GROVE MEDICAL CENTER,MD,Acute Care Hospitals,Voluntary non-profit - Private,2,200,7,40,1,82,8,3,37.5
210034,MEDSTAR HARBOR HOSPITAL,MD,Acute Care Hospitals,Voluntary non-profit - Private,4,208,9,40,1,54,6,0,0.0
210060,ADVENTIST HEALTHCARE FORT WASHINGTON MEDICAL CTR,MD,Acute Care Hospitals,Voluntary non-profit - Other,4,214,10,40,1,75,6,1,16.7
210033,CARROLL HOSPITAL CENTER,MD,Acute Care Hospitals,Voluntary non-profit - Private,3,215,11,40,2,66,7,1,14.3
210024,MEDSTAR UNION MEMORIAL HOSPITAL,MD,Acute Care Hospitals,Voluntary non-profit - Other,5,216,12,40,2,56,8,0,0.0
210022,SUBURBAN HOSPITAL,MD,Acute Care Hospitals,Voluntary non-profit - Private,4,224,13,40,2,64,9,2,22.2
210005,FREDERICK HEALTH HOSPITAL,MD,Acute Care Hospitals,Voluntary non-profit - Private,3,230,14,40,2,84,10,1,10.0
210044,GREATER BALTIMORE MEDICAL CENTER,MD,Acute Care Hospitals,Voluntary non-profit - Private,5,231,15,40,2,38,9,0,0.0
210032,UNION HOSPITAL OF CECIL COUNTY,MD,Acute Care Hospitals,Voluntary non-profit - Private,4,232,16,40,2,50,9,1,11.1
210056,MEDSTAR GOOD SAMARITAN HOSPITAL,MD,Acute Care Hospitals,Voluntary non-profit - Other,3,234,17,40,2,55,6,0,0.0
210027,WESTERN MARYLAND REGIONAL MEDICAL CENTER,MD,Acute Care Hospitals,Voluntary non-profit - Private,4,239,18,40,2,66,11,1,9.1
210049,UMD UPPER CHESAPEAKE MEDICAL CENTER,MD,Acute Care Hospitals,Voluntary non-profit - Other,2,240,19,40,2,46,8,1,12.5
210008,MERCY MEDICAL CENTER INC,MD,Acute Care Hospitals,Voluntary non-profit - Church,3,242,20,40,2,92,9,2,22.2
210065,HOLY CROSS GERMANTOWN HOSPITAL,MD,Acute Care Hospitals,Voluntary non-profit - Private,1,244,21,40,3,84,7,2,28.6
210023,"LUMINIS HEALTH ANNE ARUNDEL MEDICAL CENTER, INC",MD,Acute Care Hospitals,Voluntary non-profit - Private,3,245,22,40,3,76,11,2,18.2
210038,UNIVERSITY OF MD MEDICAL CENTER MIDTOWN CAMPUS,MD,Acute Care Hospitals,Voluntary non-profit - Other,3,246,23,40,3,75,6,0,0.0
210040,NORTHWEST HOSPITAL CENTER,MD,Acute Care Hospitals,Voluntary non-profit - Private,2,248,24,40,3,69,9,3,33.3
210001,MERITUS MEDICAL CENTER,MD,Acute Care Hospitals,Voluntary non-profit - Private,3,250,25,40,3,79,10,4,40.0
210012,SINAI HOSPITAL OF BALTIMORE,MD,Acute Care Hospitals,Voluntary non-profit - Private,3,254,26,40,3,57,11,4,36.4
210018,MEDSTAR MONTGOMERY MEDICAL CENTER,MD,Acute Care Hospitals,Voluntary non-profit - Private,3,254,26,40,3,47,9,1,11.1
210028,MEDSTAR SAINT MARY'S HOSPITAL,MD,Acute Care Hospitals,Voluntary non-profit - Private,4,254,26,40,3,52,9,1,11.1
210003,UNIVERSITY OF MD CAPITAL REGION MEDICAL CENTER,MD,Acute Care Hospitals,Voluntary non-profit - Private,1,258,29,40,3,39,8,1,12.5
210048,JOHNS HOPKINS HOWARD COUNTY MEDICAL CENTER,MD,Acute Care Hospitals,Voluntary non-profit - Private,3,258,29,40,3,68,8,2,25.0
210051,"LUMINIS HEALTH DOCTORS COMMUNITY MEDICAL CTR, INC",MD,Acute Care Hospitals,Proprietary,3,272,31,40,4,84,7,2,28.6
210035,UNIVERSITY OF MD CHARLES REGIONAL  MEDICAL CENTER,MD,Acute Care Hospitals,Voluntary non-profit - Private,3,278,32,40,4,82,7,2,28.6
210063,UNIVERSITY OF MD ST JOSEPH MEDICAL CENTER,MD,Acute Care Hospitals,Voluntary non-profit - Private,5,281,33,40,4,63,9,0,0.0
210009,"JOHNS HOPKINS HOSPITAL, THE",MD,Acute Care Hospitals,Voluntary non-profit - Private,5,290,34,40,4,72,10,3,30.0
210016,ADVENTIST HEALTHCARE WHITE OAK MEDICAL CENTER,MD,Acute Care Hospitals,Voluntary non-profit - Private,3,309,35,40,4,78,9,2,22.2
210004,HOLY CROSS HOSPITAL,MD,Acute Care Hospitals,Voluntary non-profit - Church,2,314,36,40,4,78,8,3,37.5
210002,UNIVERSITY OF MARYLAND MEDICAL CENTER,MD,Acute Care Hospitals,Voluntary non-profit - Private,3,330,37,40,4,73,10,1,10.0
210029,JOHNS HOPKINS BAYVIEW MEDICAL CENTER,MD,Acute Care Hospitals,Voluntary non-profit - Private,3,330,37,40,4,68,10,0,0.0
210015,MEDSTAR FRANKLIN SQUARE MEDICAL CENTER,MD,Acute Care Hospitals,Voluntary non-profit - Private,3,384,39,40,4,31,9,1,11.1
210062,MEDSTAR SOUTHERN MARYLAND HOSPITAL CENTER,MD,Acute Care Hospitals,Voluntary non-profit - Private,2,386,40,40,4,26,8,1,12.5
201301,NORTHERN LIGHT C A DEAN HOSPITAL,ME,Critical Access Hospitals,Government - Hospital District or Authority,Not Available,90,1,30,1,,1,0,0.0
201306,RUMFORD  HOSPITAL,ME,Critical Access Hospitals,Proprietary,Not Available,106,2,30,1,,2,0,0.0
201310,BRIDGTON HOSPITAL,ME,Critical Access Hospitals,Voluntary non-profit - Private,3,118,3,30,1,,3,0,0.0
201300,NORTHERN LIGHT BLUE HILL MEMORIAL HOSPITAL,ME,Critical Access Hospitals,Voluntary non-profit - Private,Not Available,121,4,30,1,,4,0,0.0
201303,PENOBSCOT VALLEY HOSPITAL,ME,Critical Access Hospitals,Voluntary non-profit - Private,Not Available,122,5,30,1,,1,0,0.0
201315,MAINEHEALTH STEPHENS HOSPITAL,ME,Critical Access Hospitals,Voluntary non-profit - Private,4,122,5,30,1,,5,0,0.0
201304,MOUNT DESERT ISLAND HOSPITAL,ME,Critical Access Hospitals,Voluntary non-profit - Private,Not Available,130,7,30,1,,2,1,50.0
201314,REDINGTON FAIRVIEW GENERAL HOSPITAL,ME,Critical Access Hospitals,Voluntary non-profit - Private,2,135,8,30,1,87,6,0,0.0
200031,CARY MEDICAL CENTER,ME,Acute Care Hospitals,Government - Local,1,136,9,30,2,63,8,1,12.5
201302,LINCOLNHEALTH,ME,Critical Access Hospitals,Voluntary non-profit - Private,3,137,10,30,2,,4,0,0.0
200034,ST MARY'S REGIONAL MEDICAL CENTER,ME,Acute Care Hospitals,Voluntary non-profit - Church,4,142,11,30,2,73,7,0,0.0
201309,NORTHERN LIGHT MAYO HOSPITAL,ME,Critical Access Hospitals,Government - Hospital District or Authority,2,143,12,30,2,88,2,0,0.0
201312,MAINEHEALTH WALDO HOSPITAL,ME,Critical Access Hospitals,Voluntary non-profit - Private,3,146,13,30,2,,7,1,14.3
201317,NORTHERN MAINE MEDICAL CENTER,ME,Critical Access Hospitals,Voluntary non-profit - Private,Not Available,147,14,30,2,,,,
201305,CALAIS COMMUNITY HOSPITAL,ME,Critical Access Hospitals,Voluntary non-profit - Private,Not Available,160,15,30,2,,2,1,50.0
201316,MAINEHEALTH FRANKLIN HOSPITAL,ME,Critical Access Hospitals,Voluntary non-profit - Private,3,168,16,30,2,63,6,1,16.7
200063,MAINEHEALTH PEN BAY HOSPITAL,ME,Acute Care Hospitals,Voluntary non-profit - Private,3,170,17,30,3,72,8,2,25.0
200020,YORK HOSPITAL,ME,Acute Care Hospitals,Voluntary non-profit - Private,4,172,18,30,3,66,8,1,12.5
201313,NORTHERN LIGHT SEBASTICOOK VALLEY HOSPITAL,ME,Critical Access Hospitals,Voluntary non-profit - Private,2,178,19,30,3,33,3,0,0.0
200001,ST JOSEPH HOSPITAL,ME,Acute Care Hospitals,Voluntary non-profit - Church,3,188,20,30,3,63,7,2,28.6
201311,DOWN EAST COMMUNITY HOSPITAL,ME,Critical Access Hospitals,Voluntary non-profit - Private,4,189,21,30,3,,3,0,0.0
201308,HOULTON REGIONAL HOSPITAL,ME,Critical Access Hospitals,Voluntary non-profit - Private,3,192,22,30,3,71,3,0,0.0
200039,MAINE GENERAL MEDICAL CENTER,ME,Acute Care Hospitals,Voluntary non-profit - Other,4,196,23,30,3,40,8,0,0.0
200021,MAINEHEALTH MID COAST HOSPITAL,ME,Acute Care Hospitals,Voluntary non-profit - Private,3,198,24,30,4,63,6,0,0.0
200018,NORTHERN LIGHT  A R GOULD HOSPITAL,ME,Acute Care Hospitals,Voluntary non-profit - Private,2,202,25,30,4,60,8,0,0.0
200050,NORTHERN LIGHT MAINE COAST HOSPITAL,ME,Acute Care Hospitals,Voluntary non-profit - Other,3,204,26,30,4,44,7,1,14.3
200008,NORTHERN LIGHT MERCY HOSPITAL,ME,Acute Care Hospitals,Voluntary non-profit - Church,4,210,27,30,4,44,8,1,12.5
200009,MAINEHEALTH MAINE MEDICAL CENTER,ME,Acute Care Hospitals,Voluntary non-profit - Private,4,218,28,30,4,55,11,0,0.0
200033,NORTHERN LIGHT EASTERN MAINE MEDICAL CENTER,ME,Acute Care Hospitals,Voluntary non-profit - Private,5,218,28,30,4,68,11,1,9.1
200024,CENTRAL MAINE MEDICAL CENTER,ME,Acute Care Hospitals,Voluntary non-profit - Private,4,239,30,30,4,73,10,0,0.0
231312,SHERIDAN COMMUNITY HOSPITAL,MI,Critical Access Hospitals,Voluntary non-profit - Private,Not Available,61,1,118,1,,1,0,0.0
231329,MCLAREN CARO REGION,MI,Critical Access Hospitals,Voluntary non-profit - Private,Not Available,70,2,118,1,,1,0,0.0
231315,ASCENSION BORGESS LEE HOSPITAL,MI,Critical Access Hospitals,Voluntary non-profit - Church,Not Available,74,3,118,1,,1,0,0.0
230174,TRINITY HEALTH GRAND HAVEN HOSPITAL,MI,Acute Care Hospitals,Government - Hospital District or Authority,4,76,4,118,1,60,4,0,0.0
231311,DECKERVILLE COMMUNITY HOSPITAL,MI,Critical Access Hospitals,Voluntary non-profit - Private,Not Available,86,5,118,1,,1,0,0.0
231328,BEACON ALLEGAN,MI,Critical Access Hospitals,Voluntary non-profit - Private,Not Available,91,6,118,1,,2,0,0.0
231316,HILLS & DALES GENERAL HOSPITAL,MI,Critical Access Hospitals,Voluntary non-profit - Private,4,94,7,118,1,,3,0,0.0
230208,UNIVERSITY OF MICHIGAN HEALTH-SPARROW CARSON,MI,Acute Care Hospitals,Voluntary non-profit - Other,4,95,8,118,1,76,6,0,0.0
231313,HARBOR BEACH COMMUNITY HOSPITAL,MI,Critical Access Hospitals,Voluntary non-profit - Private,Not Available,95,8,118,1,,2,0,0.0
231319,ASPIRUS KEWEENAW HOSPITAL AND CLINICS,MI,Critical Access Hospitals,Voluntary non-profit - Private,Not Available,96,10,118,1,,,,
230078,COREWELL HEALTH WATERVLIET HOSPITAL,MI,Acute Care Hospitals,Voluntary non-profit - Private,Not Available,101,11,118,1,,1,0,0.0
231320,MERCY HEALTH LAKESHORE CAMPUS,MI,Critical Access Hospitals,Voluntary non-profit - Private,Not Available,103,12,118,1,,3,0,0.0
231310,SCHEURER HOSPITAL,MI,Critical Access Hospitals,Voluntary non-profit - Other,Not Available,104,13,118,1,,6,0,0.0
231305,SAINT MARY'S STANDISH COMMUNITY HOSPITAL,MI,Critical Access Hospitals,Voluntary non-profit - Church,4,105,14,118,1,68,4,0,0.0
231323,COREWELL HEALTH REED CITY HOSPITAL,MI,Critical Access Hospitals,Voluntary non-profit - Private,Not Available,105,14,118,1,62,4,0,0.0
230207,MCLAREN OAKLAND,MI,Acute Care Hospitals,Voluntary non-profit - Private,2,106,16,118,1,62,8,0,0.0
231300,PAUL OLIVER MEMORIAL HOSPITAL,MI,Critical Access Hospitals,Government - Local,Not Available,106,16,118,1,,3,0,0.0
231330,MARLETTE REGIONAL HOSPITAL,MI,Critical Access Hospitals,Voluntary non-profit - Private,Not Available,107,18,118,1,,2,0,0.0
230244,GARDEN CITY HOSPITAL,MI,Acute Care Hospitals,Voluntary non-profit - Private,2,108,19,118,1,61,7,1,14.3
231301,KALKASKA MEMORIAL HEALTH CENTER,MI,Critical Access Hospitals,Government - Hospital District or Authority,Not Available,108,19,118,1,,5,0,0.0
231308,MUNISING MEMORIAL HOSPITAL,MI,Critical Access Hospitals,Voluntary non-profit - Private,Not Available,113,21,118,1,,2,0,0.0
231304,HELEN NEWBERRY JOY HOSPITAL,MI,Critical Access Hospitals,Government - Local,Not Available,114,22,118,1,,1,0,0.0
231318,"ASPIRUS IRON RIVER HOSPITAL & CLINICS, INC",MI,Critical Access Hospitals,Voluntary non-profit - Other,Not Available,117,23,118,1,,,,
231340,MCLAREN THUMB REGION,MI,Critical Access Hospitals,Voluntary non-profit - Private,5,118,24,118,1,,6,0,0.0
231324,EATON RAPIDS MEDICAL CENTER,MI,Critical Access Hospitals,Voluntary non-profit - Private,Not Available,120,25,118,1,,3,0,0.0
231306,MACKINAC STRAITS HOSPITAL AND HEALTH CENTER,MI,Critical Access Hospitals,Voluntary non-profit - Private,Not Available,121,26,118,1,,3,0,0.0
230303,MUNSON HEALTHCARE MANISTEE HOSPITAL,MI,Acute Care Hospitals,Voluntary non-profit - Other,4,122,27,118,1,83,5,1,20.0
230241,ASCENSION RIVER DISTRICT HOSPITAL,MI,Acute Care Hospitals,Government - Hospital District or Authority,3,123,28,118,1,,5,0,0.0
230100,TAWAS ST JOSEPH HOSPITAL,MI,Acute Care Hospitals,Government - Hospital District or Authority,3,124,29,118,1,62,6,0,0.0
230239,CHIPPEWA COUNTY WAR MEMORIAL HOSPITAL,MI,Acute Care Hospitals,Voluntary non-profit - Private,2,128,30,118,1,62,8,1,12.5
231337,OSF ST FRANCIS HOSPITAL AND MEDICAL GROUP,MI,Critical Access Hospitals,Voluntary non-profit - Church,4,129,31,118,2,,8,0,0.0
231339,COREWELL HEALTH PENNOCK HOSPITAL,MI,Critical Access Hospitals,Voluntary non-profit - Other,3,130,32,118,2,81,6,1,16.7
231307,BARAGA COUNTY MEMORIAL HOSPITAL,MI,Critical Access Hospitals,Government - Local,Not Available,131,33,118,2,,1,0,0.0
230080,MCLAREN CENTRAL MICHIGAN,MI,Acute Care Hospitals,Voluntary non-profit - Private,3,132,34,118,2,66,9,1,11.1
231321,BELL HOSPITAL,MI,Critical Access Hospitals,Proprietary,Not Available,132,34,118,2,73,5,0,0.0
231333,ASPIRUS IRONWOOD HOSPITAL,MI,Critical Access Hospitals,Voluntary non-profit - Private,Not Available,133,36,118,2,82,,,
230110,COREWELL HEALTH LUDINGTON HOSPITAL,MI,Acute Care Hospitals,Voluntary non-profit - Private,4,134,37,118,2,58,8,0,0.0
231314,MCKENZIE HEALTH SYSTEM,MI,Critical Access Hospitals,Voluntary non-profit - Private,Not Available,134,37,118,2,,2,0,0.0
231322,CHARLEVOIX AREA HOSPITAL,MI,Critical Access Hospitals,Voluntary non-profit - Other,Not Available,135,39,118,2,,5,0,0.0
230035,SPECTRUM HEALTH UNITED HOSPITAL,MI,Acute Care Hospitals,Voluntary non-profit - Other,4,136,40,118,2,62,8,1,12.5
231325,MYMICHIGAN MEDICAL CENTER GLADWIN,MI,Critical Access Hospitals,Voluntary non-profit - Private,Not Available,136,40,118,2,,3,0,0.0
230059,MERCY HEALTH SAINT MARY'S,MI,Acute Care Hospitals,Voluntary non-profit - Church,3,138,42,118,2,55,10,2,20.0
230085,BRONSON SOUTH HAVEN HOSPITAL,MI,Acute Care Hospitals,Government - Hospital District or Authority,Not Available,138,42,118,2,,,,
230003,COREWELL HEALTH ZEELAND HOSPITAL,MI,Acute Care Hospitals,Voluntary non-profit - Private,5,140,44,118,2,64,5,0,0.0
230093,COREWELL HEALTH BIG RAPIDS HOSPITAL,MI,Acute Care Hospitals,Voluntary non-profit - Private,3,140,44,118,2,65,5,0,0.0
230022,INSIGHT HOSPITAL AND MEDICAL CENTER COLDWATER,MI,Acute Care Hospitals,Government - Local,2,142,46,118,2,56,8,1,12.5
230108,UP HEALTH SYSTEM PORTAGE,MI,Acute Care Hospitals,Voluntary non-profit - Other,5,142,46,118,2,78,7,0,0.0
231338,COREWELL HEALTH GERBER HOSPITAL,MI,Critical Access Hospitals,Voluntary non-profit - Private,5,142,46,118,2,58,8,0,0.0
230024,SINAI-GRACE HOSPITAL,MI,Acute Care Hospitals,Proprietary,1,143,49,118,2,31,9,2,22.2
230273,DETROIT RECEIVING HOSPITAL,MI,Acute Care Hospitals,Proprietary,1,143,49,118,2,22,5,1,20.0
230015,THREE RIVERS HEALTH,MI,Acute Care Hospitals,Government - Hospital District or Authority,2,150,51,118,2,36,6,0,0.0
230105,MCLAREN NORTHERN MICHIGAN,MI,Acute Care Hospitals,Voluntary non-profit - Other,3,150,51,118,2,49,11,0,0.0
230277,HURON VALLEY-SINAI HOSPITAL,MI,Acute Care Hospitals,Proprietary,3,150,51,118,2,45,10,0,0.0
230142,COREWELL HEALTH WAYNE HOSPITAL,MI,Acute Care Hospitals,Voluntary non-profit - Private,2,151,54,118,2,42,7,2,28.6
231332,BRONSON LAKEVIEW HOSPITAL,MI,Critical Access Hospitals,Voluntary non-profit - Private,5,151,54,118,2,,5,0,0.0
230180,MYMICHIGAN MEDICAL CENTER CLARE,MI,Acute Care Hospitals,Voluntary non-profit - Other,2,152,56,118,2,62,5,0,0.0
230222,MYMICHIGAN MEDICAL CENTER MIDLAND,MI,Acute Care Hospitals,Voluntary non-profit - Other,4,152,56,118,2,62,11,1,9.1
231327,UNIVERSITY OF MICHIGAN HEALTH - SPARROW EATON,MI,Critical Access Hospitals,Voluntary non-profit - Other,1,152,56,118,2,,6,0,0.0
230104,HARPER UNIVERSITY HOSPITAL,MI,Acute Care Hospitals,Proprietary,1,155,59,118,2,24,8,0,0.0
231303,SCHOOLCRAFT MEMORIAL HOSPITAL,MI,Critical Access Hospitals,Government - Local,Not Available,155,59,118,2,,3,0,0.0
230038,SPECTRUM HEALTH,MI,Acute Care Hospitals,Voluntary non-profit - Private,4,156,61,118,3,48,11,0,0.0
230021,"LAKELAND HOSPITAL, ST JOSEPH",MI,Acute Care Hospitals,Voluntary non-profit - Private,4,157,62,118,3,53,10,1,10.0
230081,MUNSON HEALTHCARE CADILLAC HOSPITAL,MI,Acute Care Hospitals,Voluntary non-profit - Church,4,157,62,118,3,65,8,1,12.5
230217,OAKLAWN HOSPITAL,MI,Acute Care Hospitals,Voluntary non-profit - Other,4,158,64,118,3,60,6,0,0.0
231331,SPARROW IONIA HOSPITAL,MI,Critical Access Hospitals,Voluntary non-profit - Private,2,158,64,118,3,,5,1,20.0
230072,HOLLAND HOSPITAL,MI,Acute Care Hospitals,Voluntary non-profit - Private,5,159,66,118,3,88,10,0,0.0
230069,TRINITY HEALTH LIVINGSTON HOSPITAL,MI,Acute Care Hospitals,Voluntary non-profit - Other,4,161,67,118,3,59,8,0,0.0
230099,PROMEDICA MONROE REGIONAL HOSPITAL,MI,Acute Care Hospitals,Voluntary non-profit - Other,1,162,68,118,3,50,9,3,33.3
230089,BEAUMONT HOSPITAL - GROSSE POINTE,MI,Acute Care Hospitals,Voluntary non-profit - Private,4,163,69,118,3,49,9,1,11.1
230146,WYANDOTTE HOSPITAL AND MEDICAL CENTER,MI,Acute Care Hospitals,Voluntary non-profit - Private,2,167,70,118,3,55,9,3,33.3
230005,PROMEDICA CHARLES AND VIRGINIA HICKMAN HOSPITAL,MI,Acute Care Hospitals,Voluntary non-profit - Private,3,168,71,118,3,57,8,0,0.0
230055,DICKINSON COUNTY MEMORIAL HOSPITAL,MI,Acute Care Hospitals,Government - Local,2,168,71,118,3,68,8,0,0.0
230227,MCLAREN MACOMB,MI,Acute Care Hospitals,Voluntary non-profit - Private,1,168,71,118,3,60,8,1,12.5
230031,LAKE HURON MEDICAL CENTER,MI,Acute Care Hospitals,Voluntary non-profit - Church,4,169,74,118,3,56,7,0,0.0
230132,HURLEY MEDICAL CENTER,MI,Acute Care Hospitals,Voluntary non-profit - Other,2,169,74,118,3,36,8,1,12.5
230041,MCLAREN BAY REGION,MI,Acute Care Hospitals,Voluntary non-profit - Private,1,170,76,118,3,55,11,6,54.5
230165,HENRY FORD HEALTH ST JOHN HOSPITAL,MI,Acute Care Hospitals,Voluntary non-profit - Church,1,170,76,118,3,27,10,2,20.0
230151,BEAUMONT HOSPITAL - FARMINGTON HILLS,MI,Acute Care Hospitals,Voluntary non-profit - Private,3,171,78,118,3,58,10,1,10.0
230077,MYMICHIGAN MEDICAL CENTER SAGINAW,MI,Acute Care Hospitals,Voluntary non-profit - Church,3,176,79,118,3,39,7,0,0.0
231326,UNIVERSITY OF MICHIGAN HEALTH- SPARROW CLINTON,MI,Critical Access Hospitals,Proprietary,4,183,80,118,3,,5,0,0.0
230058,MUNSON HEALTHCARE GRAYLING HOSPITAL,MI,Acute Care Hospitals,Voluntary non-profit - Church,3,184,81,118,3,65,8,0,0.0
230236,UNIVERSITY OF MICHIGAN HEALTH - WEST,MI,Acute Care Hospitals,Voluntary non-profit - Private,4,184,81,118,3,78,10,0,0.0
230141,MCLAREN FLINT,MI,Acute Care Hospitals,Voluntary non-profit - Private,2,186,83,118,3,46,11,2,18.2
230193,MCLAREN LAPEER REGION,MI,Acute Care Hospitals,Voluntary non-profit - Private,2,186,83,118,3,56,6,1,16.7
230270,BEAUMONT HOSPITAL - TAYLOR,MI,Acute Care Hospitals,Voluntary non-profit - Private,2,186,83,118,3,66,6,1,16.7
230037,HILLSDALE HOSPITAL,MI,Acute Care Hospitals,Voluntary non-profit - Private,3,188,86,118,3,,7,1,14.3
230133,MUNSON HEALTHCARE OTSEGO MEMORIAL HOSPITAL,MI,Acute Care Hospitals,Voluntary non-profit - Private,4,188,86,118,3,63,8,2,25.0
230121,MEMORIAL HEALTHCARE,MI,Acute Care Hospitals,Voluntary non-profit - Other,3,189,88,118,3,45,9,1,11.1
230019,"ASCENSION PROVIDENCE HOSPITAL, SOUTHFIELD AND NOVI",MI,Acute Care Hospitals,Voluntary non-profit - Church,4,192,89,118,3,62,9,2,22.2
230075,BRONSON BATTLE CREEK HOSPITAL,MI,Acute Care Hospitals,Proprietary,3,192,89,118,4,58,9,0,0.0
230095,MYMICHIGAN MEDICAL CENTER WEST BRANCH,MI,Acute Care Hospitals,Government - Local,5,193,91,118,4,58,7,0,0.0
230054,UPHS MARQUETTE DLP HOSPITAL,MI,Acute Care Hospitals,Government - Local,3,194,92,118,4,45,11,1,9.1
230029,TRINITY HEALTH OAKLAND HOSPITAL,MI,Acute Care Hospitals,Voluntary non-profit - Private,2,195,93,118,4,64,11,2,18.2
230254,ASCENSION PROVIDENCE ROCHESTER HOSPITAL,MI,Acute Care Hospitals,Voluntary non-profit - Private,3,195,93,118,4,72,9,0,0.0
230259,CHELSEA HOSPITAL,MI,Acute Care Hospitals,Voluntary non-profit - Private,4,197,95,118,4,64,9,0,0.0
230020,BEAUMONT HOSPITAL - DEARBORN,MI,Acute Care Hospitals,Voluntary non-profit - Private,2,198,96,118,4,49,11,3,27.3
230092,HENRY FORD ALLEGIANCE HEALTH,MI,Acute Care Hospitals,Voluntary non-profit - Other,3,198,96,118,4,72,10,2,20.0
230176,COREWELL HEALTH TRENTON HOSPITAL,MI,Acute Care Hospitals,Voluntary non-profit - Private,3,198,96,118,4,52,7,2,28.6
230195,Henry Ford Health Warren Hospital,MI,Acute Care Hospitals,Voluntary non-profit - Private,1,203,99,118,4,49,8,2,25.0
230030,MYMICHIGAN MEDICAL CENTER ALMA,MI,Acute Care Hospitals,Voluntary non-profit - Private,4,204,100,118,4,59,9,0,0.0
230117,BORGESS MEDICAL CENTER,MI,Acute Care Hospitals,Voluntary non-profit - Other,3,206,101,118,4,53,9,0,0.0
230269,"BEAUMONT HOSPITAL, TROY",MI,Acute Care Hospitals,Voluntary non-profit - Private,4,206,101,118,4,50,11,4,36.4
230066,TRINITY HEALTH MUSKEGON HOSPITAL,MI,Acute Care Hospitals,Voluntary non-profit - Private,3,208,103,118,4,64,9,1,11.1
230070,COVENANT MEDICAL CENTER,MI,Acute Care Hospitals,Voluntary non-profit - Private,2,208,103,118,4,84,11,4,36.4
230053,HENRY FORD HEALTH HOSPITAL,MI,Acute Care Hospitals,Voluntary non-profit - Private,3,214,105,118,4,61,10,5,50.0
230017,BRONSON METHODIST HOSPITAL,MI,Acute Care Hospitals,Voluntary non-profit - Private,4,230,106,118,4,60,11,0,0.0
230197,ASCENSION GENESYS HOSPITAL,MI,Acute Care Hospitals,Voluntary non-profit - Church,3,231,107,118,4,50,9,0,0.0
230036,MYMICHIGAN MEDICAL CENTER ALPENA,MI,Acute Care Hospitals,Proprietary,3,232,108,118,4,62,9,0,0.0
230156,TRINITY HEALTH ANN ARBOR HOSPITAL,MI,Acute Care Hospitals,Voluntary non-profit - Church,4,234,109,118,4,43,11,1,9.1
230216,MCLAREN PORT HURON,MI,Acute Care Hospitals,Voluntary non-profit - Private,2,238,110,118,4,74,9,1,11.1
230002,ST JOE MERCY HOSPITAL SYSTEM LIVONIA,MI,Acute Care Hospitals,Voluntary non-profit - Private,2,242,111,118,4,58,10,3,30.0
230302,HENRY FORD HEALTH WEST BLOOMFIELD HOSPITAL,MI,Acute Care Hospitals,Voluntary non-profit - Private,3,242,111,118,4,65,9,3,33.3
230167,MCLAREN GREATER LANSING,MI,Acute Care Hospitals,Voluntary non-profit - Private,3,259,113,118,4,45,11,1,9.1
230130,BEAUMONT HOSPITAL ROYAL OAK,MI,Acute Care Hospitals,Voluntary non-profit - Private,3,268,114,118,4,61,11,2,18.2
230097,MUNSON MEDICAL CENTER,MI,Acute Care Hospitals,Voluntary non-profit - Other,4,272,115,118,4,59,11,0,0.0
230047,HENRY FORD MACOMB HOSPITAL,MI,Acute Care Hospitals,Voluntary non-profit - Private,3,292,116,118,4,66,10,3,30.0
230230,EDWARD W SPARROW HOSPITAL,MI,Acute Care Hospitals,Voluntary non-profit - Other,3,301,117,118,4,48,10,0,0.0
230046,UNIVERSITY OF MICHIGAN HEALTH SYSTEM,MI,Acute Care Hospitals,Voluntary non-profit - Private,4,358,118,118,4,55,11,2,18.2
241356,MILLE LACS HEALTH SYSTEM,MN,Critical Access Hospitals,Voluntary non-profit - Other,Not Available,42,1,120,1,,1,0,0.0
241358,CASS LAKE INDIAN HEALTH SERVICES HOSPITAL,MN,Critical Access Hospitals,Government - Federal,Not Available,65,2,120,1,,,,
241320,RIVERVIEW HOSPITAL,MN,Critical Access Hospitals,Voluntary non-profit - Private,Not Available,77,3,120,1,,2,0,0.0
240206,RED LAKE HOSPITAL,MN,Acute Care Hospitals,Government - Federal,Not Available,80,4,120,1,,,,
241346,MAYO CLINIC HEALTH SYSTEM - CANNON FALLS,MN,Critical Access Hospitals,Voluntary non-profit - Private,Not Available,86,5,120,1,,1,0,0.0
241357,ESSENTIA HEALTH FOSSTON,MN,Critical Access Hospitals,Voluntary non-profit - Private,Not Available,87,6,120,1,,1,0,0.0
241335,ST ELIZABETH MEDICAL CENTER,MN,Critical Access Hospitals,Proprietary,Not Available,92,7,120,1,,3,0,0.0
241378,NEW ULM MEDICAL CENTER,MN,Critical Access Hospitals,Voluntary non-profit - Private,5,92,7,120,1,47,8,0,0.0
241345,MAYO CLINIC HEALTH SYSTEM - WASECA,MN,Critical Access Hospitals,Voluntary non-profit - Private,Not Available,94,9,120,1,,2,0,0.0
241360,ESSENTIA HEALTH DEER RIVER,MN,Critical Access Hospitals,Voluntary non-profit - Private,Not Available,94,9,120,1,,4,0,0.0
240166,MAYO CLINIC HEALTH SYSTEM - FAIRMONT,MN,Acute Care Hospitals,Voluntary non-profit - Private,5,95,11,120,1,67,8,0,0.0
241313,ESSENTIA HEALTH ADA,MN,Critical Access Hospitals,Voluntary non-profit - Private,Not Available,98,12,120,1,,,,
241347,SANFORD CANBY MEDICAL CENTER,MN,Critical Access Hospitals,Government - Hospital District or Authority,Not Available,98,12,120,1,,2,0,0.0
241333,MAYO CLINIC HEALTH SYSTEM ST. JAMES,MN,Critical Access Hospitals,Voluntary non-profit - Private,Not Available,99,14,120,1,,2,0,0.0
241353,CUYUNA REGIONAL MEDICAL CENTER,MN,Critical Access Hospitals,Government - Hospital District or Authority,3,100,15,120,1,,6,0,0.0
241343,AVERA GRANITE FALLS,MN,Critical Access Hospitals,Voluntary non-profit - Private,Not Available,102,16,120,1,,1,0,0.0
241304,SANFORD WHEATON MEDICAL CENTER,MN,Critical Access Hospitals,Voluntary non-profit - Private,Not Available,103,17,120,1,,1,0,0.0
241305,RIVERWOOD HEALTHCARE CENTER,MN,Critical Access Hospitals,Voluntary non-profit - Private,Not Available,103,17,120,1,,3,1,33.3
241318,ELY - BLOOMENSON COMMUNITY HOSPITAL,MN,Critical Access Hospitals,Voluntary non-profit - Private,Not Available,103,17,120,1,,2,0,0.0
241312,COOK HOSPITAL,MN,Critical Access Hospitals,Government - Hospital District or Authority,Not Available,107,20,120,1,,,,
241327,SLEEPY EYE MEDICAL CENTER,MN,Critical Access Hospitals,Government - Local,Not Available,108,21,120,1,,3,0,0.0
241332,WINDOM AREA HEALTH,MN,Critical Access Hospitals,Government - Local,Not Available,108,21,120,1,,3,0,0.0
241372,MADISON HOSPITAL,MN,Critical Access Hospitals,Voluntary non-profit - Private,Not Available,108,21,120,1,,1,0,0.0
241381,SANFORD THIEF RIVER FALLS MEDICAL CENTER,MN,Critical Access Hospitals,Voluntary non-profit - Private,Not Available,108,21,120,1,,5,0,0.0
241348,AVERA TYLER HOSPITAL,MN,Critical Access Hospitals,Voluntary non-profit - Private,Not Available,109,25,120,1,,2,0,0.0
241309,ESSENTIA HEALTH SANDSTONE,MN,Critical Access Hospitals,Voluntary non-profit - Private,Not Available,110,26,120,1,,,,
241365,CENTRACARE - BENSON,MN,Critical Access Hospitals,Government - Hospital District or Authority,Not Available,110,26,120,1,,2,1,50.0
241302,SANFORD WESTBROOK MEDICAL CENTER,MN,Critical Access Hospitals,Voluntary non-profit - Private,Not Available,111,28,120,1,,1,0,0.0
241336,KITTSON HEALTHCARE,MN,Critical Access Hospitals,Voluntary non-profit - Private,Not Available,111,28,120,1,,1,0,0.0
241339,HENDRICKS COMMUNITY HOSPITAL,MN,Critical Access Hospitals,Voluntary non-profit - Private,Not Available,111,28,120,1,,1,0,0.0
241375,MINNESOTA VALLEY HEALTH CENTER  INC,MN,Critical Access Hospitals,Voluntary non-profit - Private,Not Available,112,31,120,2,,,,
241377,ST FRANCIS MEDICAL CENTER,MN,Critical Access Hospitals,Voluntary non-profit - Church,Not Available,112,31,120,2,,4,0,0.0
241338,MAYO CLINIC HEALTH SYSTEM - LAKE CITY,MN,Critical Access Hospitals,Voluntary non-profit - Private,Not Available,113,33,120,2,,1,0,0.0
241368,CENTRACARE HEALTH SYSTEM - SAUK CENTRE,MN,Critical Access Hospitals,Voluntary non-profit - Private,Not Available,113,33,120,2,,2,0,0.0
240022,SANFORD WORTHINGTON MEDICAL CENTER,MN,Acute Care Hospitals,Voluntary non-profit - Private,4,114,35,120,2,70,8,0,0.0
241311,RIDGEVIEW SIBLEY MEDICAL CENTER,MN,Critical Access Hospitals,Voluntary non-profit - Private,Not Available,114,35,120,2,,,,
241340,ESSENTIA HEALTH NORTHERN PINES MEDICAL CENTER,MN,Critical Access Hospitals,Voluntary non-profit - Private,Not Available,114,35,120,2,,,,
241303,SANFORD TRACY MEDICAL CENTER,MN,Critical Access Hospitals,Voluntary non-profit - Private,Not Available,116,38,120,2,,2,0,0.0
241342,ORTONVILLE AREA HEALTH SERVICES,MN,Critical Access Hospitals,Government - Local,Not Available,116,38,120,2,,3,0,0.0
241361,MAYO CLINIC HEALTH SYSTEM NEW PRAGUE,MN,Critical Access Hospitals,Voluntary non-profit - Private,2,116,38,120,2,,5,2,40.0
241325,CHIPPEWA COUNTY HOSPITAL,MN,Critical Access Hospitals,Government - Local,Not Available,117,41,120,2,,4,0,0.0
241337,NORTH VALLEY HEALTH CENTER,MN,Critical Access Hospitals,Voluntary non-profit - Private,Not Available,117,41,120,2,,1,0,0.0
241371,SANFORD LUVERNE MEDICAL CENTER,MN,Critical Access Hospitals,Voluntary non-profit - Private,Not Available,117,41,120,2,,2,0,0.0
241319,MURRAY COUNTY MEMORIAL HOSPITAL,MN,Critical Access Hospitals,Government - Local,Not Available,118,44,120,2,,1,0,0.0
241350,ESSENTIA HEALTH MOOSE LAKE,MN,Critical Access Hospitals,Government - Hospital District or Authority,Not Available,118,44,120,2,,2,0,0.0
240069,OWATONNA HOSPITAL,MN,Acute Care Hospitals,Voluntary non-profit - Other,5,119,46,120,2,54,7,0,0.0
241344,LIFECARE MEDICAL CENTER,MN,Critical Access Hospitals,Voluntary non-profit - Private,Not Available,119,46,120,2,,3,0,0.0
240075,ESSENTIA HEALTH ST JOSEPH'S MEDICAL CENTER,MN,Acute Care Hospitals,Voluntary non-profit - Private,3,120,48,120,2,75,10,1,10.0
241301,LAKEWOOD HEALTH CENTER,MN,Critical Access Hospitals,Voluntary non-profit - Church,Not Available,121,49,120,2,,,,
241315,SANFORD JACKSON MEDICAL CENTER,MN,Critical Access Hospitals,Voluntary non-profit - Private,Not Available,122,50,120,2,,1,0,0.0
241359,AVERA MARSHALL REGIONAL MEDICAL CTR,MN,Critical Access Hospitals,Voluntary non-profit - Private,Not Available,122,50,120,2,,5,0,0.0
241366,MEEKER MEMORIAL HOSPITAL,MN,Critical Access Hospitals,Government - Local,Not Available,123,52,120,2,,1,0,0.0
241321,ESSENTIA HEALTH HOLY TRINITY HOSPITAL,MN,Critical Access Hospitals,Voluntary non-profit - Private,Not Available,124,53,120,2,,,,
241349,CENTRACARE - PAYNESVILLE HOSPITAL,MN,Critical Access Hospitals,Voluntary non-profit - Private,Not Available,124,53,120,2,,2,0,0.0
241316,BIGFORK VALLEY HOSPITAL,MN,Critical Access Hospitals,Government - Hospital District or Authority,Not Available,125,55,120,2,,,,
241351,CENTRACARE - REDWOOD,MN,Critical Access Hospitals,Government - Local,Not Available,126,56,120,2,,4,0,0.0
240043,MAYO CLINIC HEALTH SYSTEM - ALBERT LEA AND AUSTIN,MN,Acute Care Hospitals,Voluntary non-profit - Private,5,127,57,120,2,60,9,0,0.0
241329,LAKEWOOD HEALTH SYSTEM,MN,Critical Access Hospitals,Voluntary non-profit - Private,Not Available,127,57,120,2,,4,1,25.0
241364,COMMUNITY MEMORIAL HOSPITAL,MN,Critical Access Hospitals,Voluntary non-profit - Private,Not Available,128,59,120,2,,3,1,33.3
240006,OLMSTED MEDICAL CENTER,MN,Acute Care Hospitals,Voluntary non-profit - Private,4,129,60,120,2,46,6,0,0.0
241317,NORTH SHORE HEALTH,MN,Critical Access Hospitals,Government - Hospital District or Authority,Not Available,129,60,120,3,,1,0,0.0
241323,MADELIA HEALTH,MN,Critical Access Hospitals,Voluntary non-profit - Other,Not Available,129,60,120,3,,3,0,0.0
241334,RIVER'S EDGE HOSPITAL & CLINIC,MN,Critical Access Hospitals,Government - Local,Not Available,129,60,120,3,,5,0,0.0
241369,UNITED HOSPITAL DISTRICT,MN,Critical Access Hospitals,Government - Hospital District or Authority,5,129,60,120,3,,4,0,0.0
241306,OLIVIA HOSPITAL & CLINIC,MN,Critical Access Hospitals,Voluntary non-profit - Private,2,130,65,120,3,,4,0,0.0
241314,JOHNSON MEMORIAL HOSPITAL,MN,Critical Access Hospitals,Government - Hospital District or Authority,Not Available,130,65,120,3,,1,0,0.0
241322,RAINY LAKE MEDICAL CENTER,MN,Critical Access Hospitals,Voluntary non-profit - Private,Not Available,130,65,120,3,,2,0,0.0
241362,CENTRACARE HEALTH - MONTICELLO,MN,Critical Access Hospitals,Voluntary non-profit - Private,Not Available,130,65,120,3,45,5,0,0.0
241326,CENTRACARE - LONG PRAIRIE HOSPITAL,MN,Critical Access Hospitals,Voluntary non-profit - Private,Not Available,131,69,120,3,,2,0,0.0
241373,PERHAM HEALTH,MN,Critical Access Hospitals,Government - Hospital District or Authority,3,131,69,120,3,,4,1,25.0
240101,ESSENTIA HEALTH ST MARYS - DETROIT LAKES,MN,Acute Care Hospitals,Voluntary non-profit - Church,4,132,71,120,3,74,8,0,0.0
241341,APPLETON AREA HEALTH,MN,Critical Access Hospitals,Government - Local,Not Available,132,71,120,3,,1,0,0.0
241374,PIPESTONE COUNTY  MEDICAL CENTER,MN,Critical Access Hospitals,Government - Local,Not Available,132,71,120,3,,1,0,0.0
241308,ASPIRUS LAKE VIEW HOSPITAL,MN,Critical Access Hospitals,Voluntary non-profit - Private,Not Available,133,74,120,3,,2,0,0.0
240030,ALOMERE HEALTH,MN,Acute Care Hospitals,Government - Local,4,134,75,120,3,64,9,0,0.0
241354,ASTERA HEALTH,MN,Critical Access Hospitals,Voluntary non-profit - Other,3,134,75,120,3,,4,0,0.0
241379,PRAIRIE RIDGE HOSPITAL AND HEALTH SERVICES,MN,Critical Access Hospitals,Voluntary non-profit - Private,Not Available,134,75,120,3,,,,
240056,RIDGEVIEW MEDICAL CENTER,MN,Acute Care Hospitals,Voluntary non-profit - Private,4,136,78,120,3,81,7,2,28.6
240071,ALLINA HEALTH FARIBAULT MEDICAL CENTER,MN,Acute Care Hospitals,Voluntary non-profit - Private,3,136,78,120,3,44,4,0,0.0
240076,BUFFALO HOSPITAL,MN,Acute Care Hospitals,Voluntary non-profit - Other,5,136,78,120,3,59,6,0,0.0
240084,ESSENTIA HEALTH VIRGINIA,MN,Acute Care Hospitals,Government - Local,4,137,81,120,3,64,6,0,0.0
240141,FAIRVIEW NORTHLAND REGIONAL HOSPITAL,MN,Acute Care Hospitals,Voluntary non-profit - Other,4,137,81,120,3,68,7,1,14.3
240088,CENTRACARE- RICE MEMORIAL HOSPITAL,MN,Acute Care Hospitals,Government - Local,3,138,83,120,3,42,7,1,14.3
241367,WELIA HEALTH,MN,Critical Access Hospitals,Government - Local,3,138,83,120,3,,3,0,0.0
241370,ST GABRIELS HOSPITAL,MN,Critical Access Hospitals,Voluntary non-profit - Private,4,139,85,120,3,33,4,1,25.0
240187,HUTCHINSON HEALTH,MN,Acute Care Hospitals,Voluntary non-profit - Private,3,140,86,120,3,65,5,0,0.0
241328,SANFORD BAGLEY MEDICAL CENTER,MN,Critical Access Hospitals,Voluntary non-profit - Private,Not Available,142,87,120,3,,1,0,0.0
241376,GLACIAL RIDGE HOSPITAL,MN,Critical Access Hospitals,Government - Hospital District or Authority,4,142,87,120,3,,4,1,25.0
240014,NORTHFIELD HOSPITAL,MN,Acute Care Hospitals,Government - Local,4,144,89,120,3,50,7,1,14.3
240020,CAMBRIDGE MEDICAL CENTER,MN,Acute Care Hospitals,Voluntary non-profit - Private,4,144,89,120,3,56,9,0,0.0
241330,CENTRACARE HEALTH SYSTEM - MELROSE HOSPITAL,MN,Critical Access Hospitals,Voluntary non-profit - Private,5,145,91,120,4,,4,0,0.0
240044,WINONA HEALTH SERVICES,MN,Acute Care Hospitals,Voluntary non-profit - Private,2,149,93,120,4,43,5,0,0.0
240104,ST FRANCIS REGIONAL MEDICAL CENTER,MN,Acute Care Hospitals,Voluntary non-profit - Church,3,152,94,120,4,51,9,0,0.0
241380,ST JOSEPHS AREA  HEALTH SERVICES,MN,Critical Access Hospitals,Voluntary non-profit - Private,3,153,95,120,4,55,5,1,20.0
240064,GRAND ITASCA CLINIC AND HOSPITAL,MN,Acute Care Hospitals,Voluntary non-profit - Private,4,154,96,120,4,75,7,0,0.0
240066,LAKEVIEW MEMORIAL HOSPITAL,MN,Acute Care Hospitals,Voluntary non-profit - Other,4,158,97,120,4,53,9,1,11.1
240018,MAYO CLINIC HEALTH SYSTEM IN RED WING,MN,Acute Care Hospitals,Voluntary non-profit - Private,4,160,98,120,4,52,7,0,0.0
241355,GLENCOE REGIONAL HEALTH,MN,Critical Access Hospitals,Voluntary non-profit - Other,Not Available,164,99,120,4,,2,0,0.0
240115,MERCY HOSPITAL,MN,Acute Care Hospitals,Voluntary non-profit - Private,3,170,100,120,4,56,11,1,9.1
240213,M HEALTH FAIRVIEW WOODWINDS HOSPITAL,MN,Acute Care Hospitals,Voluntary non-profit - Private,4,170,100,120,4,57,9,1,11.1
240040,RANGE REGIONAL HEALTH SERVICES,MN,Acute Care Hospitals,Voluntary non-profit - Other,4,171,102,120,4,58,5,1,20.0
240080,M HEALTH FAIRVIEW UNIVERSITY OF MN MEDICAL CENTER,MN,Acute Care Hospitals,Voluntary non-profit - Private,4,171,102,120,4,75,11,0,0.0
240038,ALLINA UNITED HOSPITAL,MN,Acute Care Hospitals,Voluntary non-profit - Private,3,176,104,120,4,53,11,1,9.1
240100,SANFORD BEMIDJI MEDICAL CENTER,MN,Acute Care Hospitals,Voluntary non-profit - Private,4,178,105,120,4,48,9,1,11.1
240050,FAIRVIEW LAKES HEALTH SERVICES,MN,Acute Care Hospitals,Voluntary non-profit - Private,3,182,106,120,4,64,6,1,16.7
240214,MAPLE GROVE HOSPITAL,MN,Acute Care Hospitals,Voluntary non-profit - Private,5,184,107,120,4,28,7,0,0.0
240057,ABBOTT NORTHWESTERN HOSPITAL,MN,Acute Care Hospitals,Voluntary non-profit - Private,4,187,108,120,4,39,11,1,9.1
240210,M HEALTH FAIRVIEW ST JOHN'S HOSPITAL,MN,Acute Care Hospitals,Voluntary non-profit - Private,5,188,109,120,4,50,10,0,0.0
240093,MAYO CLINIC HEALTH SYSTEM - MANKATO,MN,Acute Care Hospitals,Voluntary non-profit - Private,5,192,110,120,4,49,10,1,10.0
240207,M HEALTH FAIRVIEW RIDGES HOSPITAL,MN,Acute Care Hospitals,Voluntary non-profit - Church,4,193,111,120,4,73,7,0,0.0
240002,ESSENTIA HEALTH ST MARY'S MEDICAL CENTER,MN,Acute Care Hospitals,Voluntary non-profit - Private,4,196,112,120,4,66,8,0,0.0
240078,M HEALTH FAIRVIEW SOUTHDALE HOSPITAL,MN,Acute Care Hospitals,Voluntary non-profit - Private,5,197,113,120,4,73,11,0,0.0
240001,NORTH MEMORIAL HEALTH HOSPITAL,MN,Acute Care Hospitals,Voluntary non-profit - Private,1,199,114,120,4,32,10,2,20.0
240036,CENTRACARE - ST. CLOUD HOSPITAL,MN,Acute Care Hospitals,Voluntary non-profit - Private,4,211,115,120,4,33,11,1,9.1
240047,ST LUKES HOSPITAL,MN,Acute Care Hospitals,Voluntary non-profit - Private,3,218,116,120,4,55,11,0,0.0
240106,REGIONS HOSPITAL,MN,Acute Care Hospitals,Voluntary non-profit - Private,3,226,117,120,4,45,11,0,0.0
240010,MAYO CLINIC HOSPITAL ROCHESTER,MN,Acute Care Hospitals,Voluntary non-profit - Church,5,245,118,120,4,43,11,0,0.0
240053,PARK NICOLLET METHODIST HOSPITAL,MN,Acute Care Hospitals,Voluntary non-profit - Private,3,252,119,120,4,64,11,3,27.3
240004,HENNEPIN COUNTY MEDICAL CENTER,MN,Acute Care Hospitals,Government - Local,3,254,120,120,4,41,8,0,0.0
261328,MOSAIC MEDICAL CENTER ALBANY,MO,Critical Access Hospitals,Voluntary non-profit - Private,Not Available,73,1,98,1,,2,0,0.0
260142,FITZGIBBON HOSPITAL,MO,Acute Care Hospitals,Voluntary non-profit - Private,2,84,2,98,1,58,8,1,12.5
261302,MADISON MEDICAL CENTER,MO,Critical Access Hospitals,Voluntary non-profit - Other,Not Available,84,2,98,1,,3,0,0.0
261307,PERSHING MEMORIAL HOSPITAL,MO,Critical Access Hospitals,Voluntary non-profit - Private,3,84,2,98,1,,4,0,0.0
261338,MERCY HOSPITAL CARTHAGE,MO,Critical Access Hospitals,Voluntary non-profit - Private,4,85,5,98,1,,5,0,0.0
261314,HERMANN AREA DISTRICT HOSPITAL,MO,Critical Access Hospitals,Government - Hospital District or Authority,Not Available,86,6,98,1,,3,0,0.0
261325,COX BARTON COUNTY HOSPITAL,MO,Critical Access Hospitals,Government - Local,Not Available,86,6,98,1,,4,0,0.0
260027,RESEARCH MEDICAL CENTER,MO,Acute Care Hospitals,Proprietary,2,89,8,98,1,57,10,3,30.0
260034,BATES COUNTY MEMORIAL HOSPITAL,MO,Acute Care Hospitals,Government - Local,3,93,9,98,1,24,4,0,0.0
261317,MERCY HOSPITAL - CASSVILLE,MO,Critical Access Hospitals,Voluntary non-profit - Church,Not Available,93,9,98,1,,3,1,33.3
261303,COMMUNITY HOSPITAL ASSOCIATION,MO,Critical Access Hospitals,Voluntary non-profit - Private,3,94,11,98,1,,4,1,25.0
261322,EXCELSIOR SPRINGS HOSPITAL,MO,Critical Access Hospitals,Government - Local,Not Available,94,11,98,1,,2,0,0.0
260214,BELTON REGIONAL MEDICAL CENTER,MO,Acute Care Hospitals,Voluntary non-profit - Private,2,98,13,98,1,62,9,1,11.1
260061,NEVADA REGIONAL MEDICAL CENTER,MO,Acute Care Hospitals,Government - Local,Not Available,104,14,98,1,,3,0,0.0
261332,CARROLL COUNTY MEMORIAL HOSPITAL,MO,Critical Access Hospitals,Voluntary non-profit - Private,Not Available,104,14,98,1,,6,0,0.0
260057,CAMERON REGIONAL MEDICAL CENTER,MO,Acute Care Hospitals,Voluntary non-profit - Private,1,106,16,98,1,47,7,1,14.3
261320,LAFAYETTE REGIONAL HEALTH CENTER,MO,Critical Access Hospitals,Proprietary,2,107,17,98,1,91,4,1,25.0
261301,ELLETT MEMORIAL HOSPITAL,MO,Critical Access Hospitals,Government - Hospital District or Authority,Not Available,108,18,98,1,,,,
261323,CEDAR COUNTY MEMORIAL HOSPITAL,MO,Critical Access Hospitals,Government - Local,Not Available,108,18,98,1,,2,0,0.0
261310,SCOTLAND COUNTY  HOSPITAL,MO,Critical Access Hospitals,Government - Hospital District or Authority,2,109,20,98,1,,4,0,0.0
261312,HARRISON COUNTY COMMUNITY HOSPITAL,MO,Critical Access Hospitals,Government - Hospital District or Authority,3,109,20,98,1,,3,0,0.0
261335,MERCY ST FRANCIS HOSPITAL,MO,Critical Access Hospitals,Voluntary non-profit - Private,Not Available,109,20,98,1,,2,0,0.0
261330,STE GENEVIEVE COUNTY MEMORIAL HOSPITAL,MO,Critical Access Hospitals,Government - Hospital District or Authority,4,111,23,98,1,,7,0,0.0
261327,RAY COUNTY MEMORIAL HOSPITAL,MO,Critical Access Hospitals,Government - Local,Not Available,112,24,98,1,,2,0,0.0
261340,MOSAIC MEDICAL CENTER - MARYVILLE,MO,Critical Access Hospitals,Voluntary non-profit - Private,Not Available,112,24,98,1,,,,
261305,PUTNAM COUNTY MEMORIAL HOSPITAL,MO,Critical Access Hospitals,Government - Local,Not Available,118,26,98,2,,1,0,0.0
261306,SULLIVAN COUNTY MEMORIAL HOSPITAL,MO,Critical Access Hospitals,Government - Local,Not Available,120,27,98,2,,1,0,0.0
261324,CASS REGIONAL MEDICAL CENTER,MO,Critical Access Hospitals,Government - Local,4,123,28,98,2,,7,0,0.0
260024,TEXAS COUNTY MEMORIAL HOSPITAL,MO,Acute Care Hospitals,Government - Local,2,126,29,98,2,,5,0,0.0
260074,MOBERLY REGIONAL MEDICAL CENTER,MO,Acute Care Hospitals,Proprietary,2,126,29,98,2,57,6,0,0.0
260085,ST JOSEPH MEDICAL CENTER,MO,Acute Care Hospitals,Proprietary,3,126,29,98,2,76,9,0,0.0
261321,HEDRICK MEDICAL CENTER,MO,Critical Access Hospitals,Voluntary non-profit - Private,4,127,32,98,2,,5,0,0.0
261316,MERCY HOSPITAL AURORA,MO,Critical Access Hospitals,Voluntary non-profit - Church,Not Available,129,33,98,2,,3,0,0.0
261333,PIKE COUNTY MEMORIAL HOSPITAL,MO,Critical Access Hospitals,Government - Local,Not Available,129,33,98,2,,3,0,0.0
26002F,General Leonard Wood ACH (FT Leonard Wood),MO,Acute Care - Department of Defense,Department of Defense,Not Available,134,36,98,2,,,,
261318,SALEM MEMORIAL DISTRICT HOSPITAL,MO,Critical Access Hospitals,Government - Hospital District or Authority,4,135,37,98,2,,6,1,16.7
261309,WRIGHT MEMORIAL HOSPITAL,MO,Critical Access Hospitals,Voluntary non-profit - Private,4,136,38,98,2,,3,0,0.0
261311,MERCY HOSPITAL PERRY,MO,Critical Access Hospitals,Voluntary non-profit - Private,2,140,39,98,2,,7,0,0.0
260025,HANNIBAL REGIONAL HOSPITAL,MO,Acute Care Hospitals,Voluntary non-profit - Other,2,141,40,98,2,71,10,4,40.0
261308,WASHINGTON COUNTY MEMORIAL HOSPITAL,MO,Critical Access Hospitals,Government - Local,Not Available,142,41,98,2,,2,0,0.0
260102,UNIVERSITY HEALTH LAKEWOOD MEDICAL CENTER,MO,Acute Care Hospitals,Voluntary non-profit - Private,4,145,42,98,2,74,4,0,0.0
261319,MERCY HOSPITAL LINCOLN,MO,Critical Access Hospitals,Government - Local,Not Available,146,43,98,2,,5,0,0.0
260022,NORTHEAST REGIONAL MEDICAL CENTER,MO,Acute Care Hospitals,Proprietary,2,147,44,98,2,64,6,1,16.7
260097,WESTERN MISSOURI MEDICAL CENTER,MO,Acute Care Hospitals,Government - Local,4,147,44,98,2,69,9,1,11.1
260059,MERCY HOSPITAL LEBANON,MO,Acute Care Hospitals,Voluntary non-profit - Church,4,148,46,98,2,79,7,0,0.0
260070,PEMISCOT COUNTY MEMORIAL HOSPITAL,MO,Acute Care Hospitals,Voluntary non-profit - Other,Not Available,148,46,98,2,,4,1,25.0
261331,FREEMAN NEOSHO HOSPITAL,MO,Critical Access Hospitals,Voluntary non-profit - Private,4,150,48,98,2,36,4,0,0.0
261329,COX MONETT HOSPITAL,MO,Critical Access Hospitals,Voluntary non-profit - Private,3,152,49,98,2,74,4,1,25.0
261336,IRON COUNTY MEDICAL CENTER,MO,Critical Access Hospitals,Government - Hospital District or Authority,Not Available,152,49,98,2,,2,1,50.0
260175,GOLDEN VALLEY MEMORIAL HOSPITAL,MO,Acute Care Hospitals,Government - Hospital District or Authority,3,156,51,98,3,43,9,0,0.0
260052,MERCY HOSPITAL WASHINGTON,MO,Acute Care Hospitals,Voluntary non-profit - Private,4,159,52,98,3,83,8,0,0.0
260005,SSM ST JOSEPH HEALTH CENTER,MO,Acute Care Hospitals,Voluntary non-profit - Private,3,160,53,98,3,45,7,2,28.6
260095,CENTERPOINT MEDICAL CENTER,MO,Acute Care Hospitals,Proprietary,3,160,53,98,3,58,11,2,18.2
260110,MERCY HOSPITAL SOUTHEAST,MO,Acute Care Hospitals,Voluntary non-profit - Private,2,160,53,98,3,64,11,2,18.2
260190,LEE'S SUMMIT MEDICAL CENTER,MO,Acute Care Hospitals,Proprietary,3,160,53,98,3,60,7,2,28.6
260193,ST MARY'S MEDICAL CENTER,MO,Acute Care Hospitals,Proprietary,3,162,57,98,3,75,6,1,16.7
260006,MOSAIC LIFE CARE AT ST JOSEPH,MO,Acute Care Hospitals,Voluntary non-profit - Private,4,164,58,98,3,44,10,1,10.0
260186,LAKE REGIONAL HEALTH SYSTEM,MO,Acute Care Hospitals,Voluntary non-profit - Other,3,164,58,98,3,68,10,1,10.0
260011,SSM HEALTH ST. MARY'S HOSPITAL - JEFFERSON CITY,MO,Acute Care Hospitals,Proprietary,3,170,60,98,3,56,8,1,12.5
260062,SAINT LUKES NORTH HOSPITAL,MO,Acute Care Hospitals,Voluntary non-profit - Private,5,171,61,98,3,65,7,0,0.0
261337,MISSOURI BAPTIST SULLIVAN HOSPITAL,MO,Critical Access Hospitals,Voluntary non-profit - Private,2,171,61,98,3,46,4,1,25.0
260091,SSM HEALTH ST MARY'S HOSPITAL - ST LOUIS,MO,Acute Care Hospitals,Voluntary non-profit - Private,3,174,63,98,3,54,9,2,22.2
260068,BOONE HOSPITAL CENTER,MO,Acute Care Hospitals,Voluntary non-profit - Other,4,176,64,98,3,56,11,2,18.2
260160,MERCY HOSPITAL STODDARD,MO,Acute Care Hospitals,Voluntary non-profit - Private,2,176,64,98,3,57,6,0,0.0
260096,NKC HEALTH,MO,Acute Care Hospitals,Government - Local,4,179,66,98,3,63,9,0,0.0
260119,POPLAR BLUFF REGIONAL MEDICAL CENTER,MO,Acute Care Hospitals,Proprietary,2,181,67,98,3,51,9,1,11.1
260078,OZARKS HEALTHCARE,MO,Acute Care Hospitals,Voluntary non-profit - Private,2,182,68,98,3,50,10,0,0.0
260195,CITIZENS MEMORIAL HOSPITAL,MO,Acute Care Hospitals,Government - Hospital District or Authority,3,185,69,98,3,60,7,1,14.3
260048,TRUMAN MEDICAL CENTER HOSPITAL HILL,MO,Acute Care Hospitals,Voluntary non-profit - Private,3,191,70,98,3,69,7,1,14.3
260177,LIBERTY HOSPITAL,MO,Acute Care Hospitals,Voluntary non-profit - Private,2,192,71,98,3,93,9,3,33.3
260009,BOTHWELL REGIONAL HEALTH CENTER,MO,Acute Care Hospitals,Government - Local,4,195,72,98,3,62,8,1,12.5
260113,MISSOURI DELTA MEDICAL CENTER,MO,Acute Care Hospitals,Voluntary non-profit - Private,2,197,73,98,3,66,8,0,0.0
260081,SSM ST CLARE HEALTH CENTER,MO,Acute Care Hospitals,Voluntary non-profit - Private,4,198,74,98,3,61,8,0,0.0
260219,PROGRESS WEST HOSPITAL,MO,Acute Care Hospitals,Voluntary non-profit - Private,4,198,74,98,4,53,7,0,0.0
260023,MERCY HOSPITAL JEFFERSON,MO,Acute Care Hospitals,Voluntary non-profit - Private,4,199,76,98,4,87,8,1,12.5
260163,PARKLAND HEALTH CENTER,MO,Acute Care Hospitals,Voluntary non-profit - Private,4,201,77,98,4,48,8,0,0.0
260104,SSM HEALTH DEPAUL HOSPITAL ST LOUIS,MO,Acute Care Hospitals,Voluntary non-profit - Church,4,204,78,98,4,45,11,0,0.0
260094,COX MEDICAL CENTER BRANSON,MO,Acute Care Hospitals,Voluntary non-profit - Private,4,209,79,98,4,68,9,0,0.0
260017,PHELPS COUNTY REGIONAL MEDICAL CENTER,MO,Acute Care Hospitals,Government - Local,2,212,80,98,4,54,10,3,30.0
260162,BARNES-JEWISH WEST COUNTY HOSPITAL,MO,Acute Care Hospitals,Voluntary non-profit - Private,5,212,80,98,4,54,6,1,16.7
260179,ST LUKES HOSPITAL,MO,Acute Care Hospitals,Voluntary non-profit - Private,4,212,80,98,4,67,11,3,27.3
260020,MERCY HOSPITAL ST LOUIS,MO,Acute Care Hospitals,Voluntary non-profit - Private,4,217,83,98,4,77,11,1,9.1
260141,UNIVERSITY OF MISSOURI HEALTH CARE,MO,Acute Care Hospitals,Government - State,3,220,84,98,4,38,11,2,18.2
260200,SSM ST JOSEPH HOSPITAL WEST,MO,Acute Care Hospitals,Voluntary non-profit - Church,3,221,85,98,4,45,7,1,14.3
260138,ST LUKES HOSPITAL OF KANSAS CITY,MO,Acute Care Hospitals,Voluntary non-profit - Private,5,222,86,98,4,70,11,1,9.1
260040,COX MEDICAL CENTERS,MO,Acute Care Hospitals,Voluntary non-profit - Private,3,223,87,98,4,64,11,2,18.2
260180,CHRISTIAN HOSPITAL NORTHEAST,MO,Acute Care Hospitals,Voluntary non-profit - Private,4,223,87,98,4,37,9,2,22.2
260001,MERCY HOSPITAL JOPLIN,MO,Acute Care Hospitals,Voluntary non-profit - Church,1,228,89,98,4,69,10,2,20.0
260137,FREEMAN HEALTH SYSTEM - FREEMAN WEST,MO,Acute Care Hospitals,Voluntary non-profit - Private,2,242,90,98,4,67,11,1,9.1
260191,BARNES-JEWISH ST PETERS HOSPITAL,MO,Acute Care Hospitals,Voluntary non-profit - Other,3,245,91,98,4,37,10,2,20.0
260077,MERCY HOSPITAL SOUTH,MO,Acute Care Hospitals,Voluntary non-profit - Private,2,246,92,98,4,64,9,1,11.1
260183,SAINT FRANCIS MEDICAL CENTER,MO,Acute Care Hospitals,Voluntary non-profit - Private,3,246,92,98,4,76,11,0,0.0
260216,SAINT LUKE'S EAST  HOSPITAL,MO,Acute Care Hospitals,Voluntary non-profit - Private,4,246,92,98,4,67,8,1,12.5
260108,MISSOURI BAPTIST MEDICAL CENTER,MO,Acute Care Hospitals,Voluntary non-profit - Private,5,252,95,98,4,50,11,1,9.1
260032,BARNES JEWISH HOSPITAL,MO,Acute Care Hospitals,Voluntary non-profit - Other,4,284,96,98,4,35,11,2,18.2
260065,MERCY HOSPITAL SPRINGFIELD,MO,Acute Care Hospitals,Voluntary non-profit - Private,3,293,97,98,4,81,11,1,9.1
260105,SSM HEALTH SAINT LOUIS UNIVERSITY HOSPITAL,MO,Acute Care Hospitals,Voluntary non-profit - Church,1,336,98,98,4,31,10,3,30.0
251325,COVINGTON COUNTY HOSPITAL CAH,MS,Critical Access Hospitals,Government - Local,Not Available,72,1,69,1,,1,0,0.0
251336,BAPTIST MEDICAL CENTER ATTALA,MS,Critical Access Hospitals,Voluntary non-profit - Other,Not Available,73,2,69,1,,3,0,0.0
251337,TIPPAH COUNTY HOSPITAL,MS,Critical Access Hospitals,Government - Local,4,78,3,69,1,,4,0,0.0
251323,OCHSNER SCOTT REGIONAL,MS,Critical Access Hospitals,Voluntary non-profit - Private,Not Available,79,4,69,1,,1,0,0.0
250124,MAGEE GENERAL HOSPITAL,MS,Acute Care Hospitals,Voluntary non-profit - Private,2,80,5,69,1,52,4,1,25.0
251316,OCHSNER WATKINS HOSPITAL,MS,Critical Access Hospitals,Voluntary non-profit - Private,Not Available,85,6,69,1,,1,0,0.0
251331,BMH-CALHOUN,MS,Critical Access Hospitals,Voluntary non-profit - Private,Not Available,85,6,69,1,,2,0,0.0
251313,BAPTIST MEDICAL CENTER-YAZOO,MS,Critical Access Hospitals,Voluntary non-profit - Private,Not Available,86,8,69,1,,3,0,0.0
250020,WEBSTER GENERAL HOSPITAL/ SWING BED,MS,Acute Care Hospitals,Voluntary non-profit - Other,4,88,9,69,1,82,4,0,0.0
251308,PONTOTOC HEALTH SERVICE INC CAH,MS,Critical Access Hospitals,Voluntary non-profit - Private,Not Available,88,9,69,1,,2,0,0.0
251335,OCHSNER STENNIS MEMORIAL HOSPITAL,MS,Critical Access Hospitals,Voluntary non-profit - Private,Not Available,91,11,69,1,,1,0,0.0
251330,FRANKLIN COUNTY MEMORIAL HOSPITAL,MS,Critical Access Hospitals,Government - Local,Not Available,93,12,69,1,,2,1,50.0
251315,BAPTIST MEDICAL CENTER-LEAKE,MS,Critical Access Hospitals,Voluntary non-profit - Private,2,94,13,69,1,,5,0,0.0
250043,NESHOBA COUNTY GENERAL HOSPITAL,MS,Acute Care Hospitals,Government - Local,3,95,14,69,1,50,5,1,20.0
250096,CROSSGATES RIVER OAKS HOSPITAL,MS,Acute Care Hospitals,Proprietary,2,96,15,69,1,55,6,1,16.7
250127,CHOCTAW HEALTH CENTER,MS,Acute Care Hospitals,Government - Federal,Not Available,96,15,69,1,,,,
251317,SIMPSON GENERAL HOSPITAL CAH,MS,Critical Access Hospitals,Voluntary non-profit - Private,2,96,15,69,1,,3,0,0.0
250072,MERIT HEALTH CENTRAL,MS,Acute Care Hospitals,Proprietary,3,98,18,69,1,52,5,1,20.0
251304,TALLAHATCHIE GENERAL HOSPITAL-CAH,MS,Critical Access Hospitals,Government - Local,Not Available,99,19,69,2,,,,
251322,OCHSNER LAIRD HOSPITAL,MS,Critical Access Hospitals,Voluntary non-profit - Private,Not Available,101,20,69,2,,1,0,0.0
250002,TISHOMINGO HEALTH SERVICES INC,MS,Acute Care Hospitals,Voluntary non-profit - Private,2,102,21,69,2,,4,0,0.0
251312,TYLER HOLMES MEMORIAL HOSPITAL CAH,MS,Critical Access Hospitals,Government - Local,Not Available,102,21,69,2,,2,1,50.0
251319,HOLMES COUNTY HOSPITAL AND CLINICS,MS,Critical Access Hospitals,Government - State,Not Available,102,21,69,2,,2,1,50.0
250044,BAPTIST MEMORIAL HOSPITAL BOONEVILLE,MS,Acute Care Hospitals,Voluntary non-profit - Church,3,106,24,69,2,68,6,0,0.0
250067,CLAY COUNTY MEDICAL CORPORATION,MS,Acute Care Hospitals,Voluntary non-profit - Private,3,108,25,69,2,72,7,0,0.0
251300,S E LACKEY MEMORIAL HOSPITAL,MS,Critical Access Hospitals,Voluntary non-profit - Private,Not Available,108,25,69,2,,2,0,0.0
250027,WINSTON MEDICAL CENTER,MS,Acute Care Hospitals,Voluntary non-profit - Private,Not Available,109,27,69,2,,2,0,0.0
251334,CHOCTAW REGIONAL MEDICAL CENTER,MS,Critical Access Hospitals,Government - Local,Not Available,110,28,69,2,,2,1,50.0
250168,UNIVERSITY OF MISSISSIPPI MEDICAL CENTER- GRENADA,MS,Acute Care Hospitals,Government - State,1,112,29,69,2,64,8,2,25.0
25039F,81st Medical Group (Keesler AFB),MS,Acute Care - Department of Defense,Department of Defense,Not Available,114,30,69,2,,,,
250031,MERIT HEALTH RIVER REGION,MS,Acute Care Hospitals,Proprietary,2,122,31,69,2,56,8,2,25.0
250097,SOUTHWEST MS REGIONAL MEDICAL CENTER,MS,Acute Care Hospitals,Government - Local,2,124,32,69,2,66,9,2,22.2
251309,FIELD HEALTH SYSTEM,MS,Critical Access Hospitals,Government - Local,Not Available,124,32,69,2,,1,0,0.0
250117,HIGHLAND COMMUNITY  HOSPITAL,MS,Acute Care Hospitals,Government - Local,1,125,34,69,2,75,5,2,40.0
250172,HIGHLAND HILLS MEDICAL CENTER,MS,Acute Care Hospitals,Voluntary non-profit - Private,Not Available,126,35,69,2,,2,0,0.0
250038,MERIT HEALTH MADISON,MS,Acute Care Hospitals,Proprietary,3,127,36,69,3,27,6,2,33.3
250036,GEORGE REGIONAL HEALTH SYSTEM,MS,Acute Care Hospitals,Government - Local,1,128,37,69,3,49,4,1,25.0
250093,BOLIVAR MEDICAL CENTER,MS,Acute Care Hospitals,Proprietary,1,128,37,69,3,59,6,1,16.7
250058,SOUTH CENTRAL REG MED CTR,MS,Acute Care Hospitals,Government - Local,1,129,39,69,3,54,9,3,33.3
250085,MARION GENERAL HOSPITAL,MS,Acute Care Hospitals,Government - Local,1,130,40,69,3,70,3,1,33.3
250077,WAYNE GENERAL HOSPITAL,MS,Acute Care Hospitals,Government - Local,3,133,41,69,3,43,5,0,0.0
250138,MERIT HEALTH RIVER OAKS,MS,Acute Care Hospitals,Proprietary,1,134,42,69,3,46,8,2,25.0
250057,KING'S DAUGHTERS MEDICAL CENTER-BROOKHAVEN,MS,Acute Care Hospitals,Voluntary non-profit - Other,3,136,43,69,3,82,6,0,0.0
250050,BAPTIST MEMORIAL HOSPITAL-OKTIBBEHA COUNTY,MS,Acute Care Hospitals,Government - Local,2,137,44,69,3,65,5,1,20.0
250100,BMH-GOLDEN TRIANGLE,MS,Acute Care Hospitals,Voluntary non-profit - Private,3,141,45,69,3,77,10,0,0.0
250009,MAGNOLIA REGIONAL HEALTH CENTER,MS,Acute Care Hospitals,Voluntary non-profit - Other,2,143,46,69,3,58,8,0,0.0
250006,BAPTIST MEMORIAL HOSPITAL UNION COUNTY,MS,Acute Care Hospitals,Voluntary non-profit - Other,4,144,47,69,3,67,8,1,12.5
250162,OCHSNER MEDICAL CENTER-HANCOCK,MS,Acute Care Hospitals,Government - Local,3,149,48,69,3,61,5,1,20.0
250094,MERIT HEALTH WESLEY,MS,Acute Care Hospitals,Voluntary non-profit - Private,2,151,49,69,3,61,9,3,33.3
250034,BAPTIST MEMORIAL HOSPITAL NORTH MS,MS,Acute Care Hospitals,Voluntary non-profit - Private,4,153,50,69,3,86,9,2,22.2
250007,Memorial Hospital Biloxi,MS,Acute Care Hospitals,Proprietary,1,154,51,69,3,34,5,2,40.0
250025,NORTH MISSISSIPPI MEDICAL CENTER-GILMORE AMORY,MS,Acute Care Hospitals,Proprietary,3,155,52,69,3,83,6,0,0.0
250019,MEMORIAL HOSPITAL AT GULFPORT,MS,Acute Care Hospitals,Government - Local,3,157,53,69,4,50,11,1,9.1
250123,SINGING RIVER GULFPORT,MS,Acute Care Hospitals,Proprietary,2,163,54,69,4,75,8,3,37.5
250040,SINGING RIVER HEALTH SYSTEM,MS,Acute Care Hospitals,Government - Local,1,166,55,69,4,76,11,3,27.3
250042,NORTHWEST MISSISSISSIPPI REGIONAL MEDICAL CENTER,MS,Acute Care Hospitals,Proprietary,3,170,56,69,4,46,3,0,0.0
250069,OCHSNER RUSH HOSPITAL,MS,Acute Care Hospitals,Voluntary non-profit - Private,3,171,57,69,4,80,8,1,12.5
250095,SOUTH SUNFLOWER COUNTY HOSPITAL,MS,Acute Care Hospitals,Government - Local,2,171,57,69,4,,4,1,25.0
250099,GREENWOOD LEFLORE HOSPITAL,MS,Acute Care Hospitals,Government - Local,1,177,59,69,4,,6,2,33.3
250001,UNIVERSITY OF MISSISSIPPI MED CENTER,MS,Acute Care Hospitals,Government - State,2,180,60,69,4,22,11,1,9.1
250084,MERIT HEALTH NATCHEZ,MS,Acute Care Hospitals,Proprietary,2,182,61,69,4,47,6,1,16.7
250104,ANDERSON REGIONAL MEDICAL CENTER,MS,Acute Care Hospitals,Voluntary non-profit - Private,2,186,62,69,4,57,11,2,18.2
250004,NORTH MISSISSIPPI MEDICAL CENTER,MS,Acute Care Hospitals,Voluntary non-profit - Private,2,205,63,69,4,80,11,1,9.1
250102,MISSISSIPPI BAPTIST MEDICAL CENTER,MS,Acute Care Hospitals,Voluntary non-profit - Private,2,213,64,69,4,43,11,4,36.4
250167,METHODIST HEALTHCARE - OLIVE BRANCH HOSPITAL,MS,Acute Care Hospitals,Voluntary non-profit - Private,4,219,65,69,4,76,5,0,0.0
250078,FORREST GENERAL HOSPITAL,MS,Acute Care Hospitals,Government - Local,2,222,66,69,4,66,11,3,27.3
250048,ST DOMINIC-JACKSON MEMORIAL HOSPITAL,MS,Acute Care Hospitals,Voluntary non-profit - Church,2,254,67,69,4,57,11,2,18.2
250141,BAPTIST MEMORIAL HOSPITAL DESOTO,MS,Acute Care Hospitals,Proprietary,3,255,68,69,4,54,10,2,20.0
250082,DELTA HEALTH SYSTEM - THE MEDICAL CENTER,MS,Acute Care Hospitals,Government - Local,1,283,69,69,4,36,9,3,33.3
271305,MCCONE COUNTY HEALTH CENTER,MT,Critical Access Hospitals,Voluntary non-profit - Other,Not Available,65,1,56,1,,,,
271311,BIG SANDY MEDICAL CENTER,MT,Critical Access Hospitals,Voluntary non-profit - Private,Not Available,72,2,56,1,,,,
271337,NORTHERN ROCKIES MEDICAL CENTER,MT,Critical Access Hospitals,Voluntary non-profit - Private,Not Available,76,3,56,1,,,,
271312,PHILLIPS COUNTY HOSPITAL - CAH,MT,Critical Access Hospitals,Voluntary non-profit - Private,Not Available,77,4,56,1,,2,0,0.0
271333,BILLINGS CLINIC BROADWATER,MT,Critical Access Hospitals,Voluntary non-profit - Private,Not Available,81,5,56,1,,,,
271331,MINERAL COMMUNITY HOSPITAL,MT,Critical Access Hospitals,Government - Hospital District or Authority,Not Available,84,6,56,1,,1,0,0.0
271309,PRAIRIE COMMUNITY CAH,MT,Critical Access Hospitals,Government - Hospital District or Authority,Not Available,86,7,56,1,,,,
271301,FALLON MEDICAL COMPLEX HOSPITAL,MT,Critical Access Hospitals,Voluntary non-profit - Private,Not Available,92,8,56,1,,1,0,0.0
271307,BENEFIS TETON MEDICAL CENTER,MT,Critical Access Hospitals,Voluntary non-profit - Private,Not Available,92,8,56,1,,,,
271308,ROOSEVELT MEDICAL CENTER,MT,Critical Access Hospitals,Voluntary non-profit - Private,Not Available,94,10,56,1,,,,
271313,PIONEER MEDICAL CENTER,MT,Critical Access Hospitals,Voluntary non-profit - Private,Not Available,95,11,56,1,,1,0,0.0
271324,PONDERA MEDICAL CENTER,MT,Critical Access Hospitals,Voluntary non-profit - Private,Not Available,95,11,56,1,,1,0,0.0
271346,ROUNDUP MEMORIAL HEALTHCARE,MT,Critical Access Hospitals,Voluntary non-profit - Private,Not Available,97,13,56,1,,,,
271335,COMMUNITY HOSPITAL OF ANACONDA,MT,Critical Access Hospitals,Voluntary non-profit - Private,5,98,14,56,1,76,6,0,0.0
271326,BEARTOOTH BILLINGS CLINIC,MT,Critical Access Hospitals,Voluntary non-profit - Private,Not Available,101,15,56,2,,1,0,0.0
271306,MOUNTAINVIEW MEDICAL CENTER,MT,Critical Access Hospitals,Voluntary non-profit - Private,Not Available,102,16,56,2,,,,
271321,WHEATLAND MEMORIAL HOSPITAL,MT,Critical Access Hospitals,Voluntary non-profit - Private,Not Available,102,16,56,2,,,,
271327,ROSEBUD HEALTH CARE CENTER,MT,Critical Access Hospitals,Voluntary non-profit - Private,Not Available,105,18,56,2,,,,
271328,LOGAN HEALTH - SHELBY,MT,Critical Access Hospitals,Voluntary non-profit - Private,Not Available,106,19,56,2,,1,0,0.0
271330,STILLWATER BILLINGS CLINIC,MT,Critical Access Hospitals,Voluntary non-profit - Private,Not Available,106,19,56,2,,1,0,0.0
271342,DANIELS MEMORIAL HOSPITAL,MT,Critical Access Hospitals,Voluntary non-profit - Private,Not Available,106,19,56,2,,,,
271389,BOZEMAN HEALTH BIG SKY MEDICAL CENTER,MT,Critical Access Hospitals,Voluntary non-profit - Private,Not Available,106,19,56,2,,,,
271304,MISSOURI RIVER MEDICAL CENTER,MT,Critical Access Hospitals,Government - Hospital District or Authority,Not Available,107,23,56,2,,,,
271345,CENTRAL MONTANA MEDICAL CENTER,MT,Critical Access Hospitals,Voluntary non-profit - Private,Not Available,107,23,56,2,,2,0,0.0
271325,ST LUKE COMMUNITY HOSPITAL,MT,Critical Access Hospitals,Voluntary non-profit - Private,Not Available,110,25,56,2,,2,0,0.0
271343,PROVIDENCE ST JOSEPH MEDICAL CENTER,MT,Critical Access Hospitals,Voluntary non-profit - Private,Not Available,110,25,56,2,88,2,0,0.0
271300,POPLAR COMMUNITY HOSPITAL,MT,Critical Access Hospitals,Voluntary non-profit - Private,Not Available,112,27,56,2,,,,
271317,LIVINGSTON HEALTHCARE,MT,Critical Access Hospitals,Physician,3,113,28,56,2,,7,0,0.0
271310,GARFIELD COUNTY HEALTH CENTER,MT,Critical Access Hospitals,Government - Local,Not Available,115,29,56,3,,,,
271341,TRINITY HOSPITAL,MT,Critical Access Hospitals,Voluntary non-profit - Private,Not Available,116,30,56,3,,3,0,0.0
271314,DEER LODGE MEDICAL CENTER,MT,Critical Access Hospitals,Voluntary non-profit - Private,Not Available,118,31,56,3,,2,0,0.0
271302,DAHL MEMORIAL HEALTHCARE ASSOCIATION INC,MT,Critical Access Hospitals,Voluntary non-profit - Private,Not Available,121,32,56,3,,1,0,0.0
271316,FRANCES MAHON DEACONESS HOSPITAL,MT,Critical Access Hospitals,Voluntary non-profit - Private,Not Available,122,33,56,3,,6,0,0.0
271332,GLENDIVE MEDICAL CENTER,MT,Critical Access Hospitals,Voluntary non-profit - Private,1,124,34,56,3,,5,1,20.0
271320,CABINET PEAKS MEDICAL CENTER,MT,Critical Access Hospitals,Voluntary non-profit - Private,2,126,35,56,3,,5,1,20.0
270023,COMMUNITY MEDICAL CENTER,MT,Acute Care Hospitals,Voluntary non-profit - Private,3,128,36,56,3,74,9,0,0.0
271348,NORTHERN MONTANA HOSPITAL,MT,Critical Access Hospitals,Voluntary non-profit - Private,Not Available,128,36,56,3,,4,0,0.0
271329,MADISON VALLEY MEDICAL CENTER,MT,Critical Access Hospitals,Voluntary non-profit - Private,Not Available,131,38,56,3,,1,0,0.0
271336,LOGAN HEALTH - WHITEFISH,MT,Critical Access Hospitals,Voluntary non-profit - Private,3,132,39,56,3,90,5,0,0.0
271334,LOGAN HEALTH - CHESTER,MT,Critical Access Hospitals,Voluntary non-profit - Private,Not Available,134,40,56,3,,,,
271347,HOLY ROSARY HOSPITAL,MT,Critical Access Hospitals,Voluntary non-profit - Private,5,135,41,56,3,74,5,0,0.0
270086,GREAT FALLS CLINIC HOSPITAL,MT,Acute Care Hospitals,Proprietary,2,136,42,56,3,50,10,0,0.0
271338,BIG HORN HOSPITAL,MT,Critical Access Hospitals,Voluntary non-profit - Private,Not Available,140,43,56,4,,,,
270057,BOZEMAN HEALTH DEACONESS HOSPITAL,MT,Acute Care Hospitals,Voluntary non-profit - Private,4,142,44,56,4,79,10,1,10.0
271318,BARRETT HOSPITAL & HEALTHCARE,MT,Critical Access Hospitals,Government - Hospital District or Authority,2,142,44,56,4,,4,0,0.0
270049,INTERMOUNTAIN HEALTH ST VINCENT REGIONAL HOSPITAL,MT,Acute Care Hospitals,Voluntary non-profit - Church,4,148,46,56,4,64,11,0,0.0
271344,SIDNEY HEALTH CENTER,MT,Critical Access Hospitals,Voluntary non-profit - Private,3,152,47,56,4,,7,0,0.0
271323,CLARK FORK VALLEY HOSPITAL,MT,Critical Access Hospitals,Voluntary non-profit - Private,Not Available,153,48,56,4,,2,0,0.0
270017,ST JAMES HOSPITAL,MT,Acute Care Hospitals,Voluntary non-profit - Private,2,154,49,56,4,70,9,3,33.3
270014,ST. PATRICK HOSPITAL,MT,Acute Care Hospitals,Voluntary non-profit - Church,5,156,50,56,4,89,11,1,9.1
271322,SHERIDAN MEMORIAL HOSPTIAL,MT,Critical Access Hospitals,Voluntary non-profit - Private,Not Available,159,51,56,4,,1,0,0.0
270004,BILLINGS CLINIC HOSPITAL,MT,Acute Care Hospitals,Voluntary non-profit - Private,4,172,52,56,4,75,11,1,9.1
270003,ST PETERS HEALTH,MT,Acute Care Hospitals,Voluntary non-profit - Private,3,178,53,56,4,60,10,0,0.0
271340,BITTERROOT HEALTH - DALY HOSPITAL,MT,Critical Access Hospitals,Voluntary non-profit - Private,4,189,54,56,4,,6,0,0.0
270012,BENEFIS HOSPITALS INC,MT,Acute Care Hospitals,Voluntary non-profit - Private,2,190,55,56,4,56,11,0,0.0
270051,LOGAN HEALTH MEDICAL CENTER,MT,Acute Care Hospitals,Voluntary non-profit - Private,3,206,56,56,4,69,10,0,0.0
341305,DLP SWAIN COUNTY HOSPITAL LLC,NC,Critical Access Hospitals,Voluntary non-profit - Private,Not Available,82,1,94,1,,,,
341303,FIRSTHEALTH MONTGOMERY MEMORIAL HOSP,NC,Critical Access Hospitals,Voluntary non-profit - Private,Not Available,97,2,94,1,,3,0,0.0
341316,HIGHLANDS CASHIERS HOSPITAL,NC,Critical Access Hospitals,Voluntary non-profit - Private,Not Available,104,3,94,1,,3,0,0.0
341323,CHARLES A CANNON JR MEMORIAL HOSPITAL,NC,Critical Access Hospitals,Voluntary non-profit - Private,Not Available,112,4,94,1,,3,0,0.0
341319,"TRANSYLVANIA REGIONAL HOSPITAL, INC",NC,Critical Access Hospitals,Voluntary non-profit - Private,2,114,5,94,1,68,6,2,33.3
340084,ATRIUM HEALTH ANSON,NC,Acute Care Hospitals,Government - Hospital District or Authority,Not Available,116,6,94,1,,2,0,0.0
341329,BLUE RIDGE REGIONAL HOSPITAL,NC,Critical Access Hospitals,Voluntary non-profit - Private,3,121,7,94,1,84,5,0,0.0
340130,ATRIUM HEALTH UNION,NC,Acute Care Hospitals,Government - Hospital District or Authority,4,122,8,94,1,37,8,3,37.5
341327,J ARTHUR DOSHER MEMORIAL HOSPITAL,NC,Critical Access Hospitals,Voluntary non-profit - Other,3,122,8,94,1,,6,1,16.7
341326,ANGEL MEDICAL CENTER,NC,Critical Access Hospitals,Voluntary non-profit - Private,2,124,10,94,1,77,7,3,42.9
340024,SAMPSON REGIONAL MEDICAL CENTER,NC,Acute Care Hospitals,Government - Local,2,132,11,94,1,52,6,1,16.7
341322,ADVENT HEALTH POLK,NC,Critical Access Hospitals,Voluntary non-profit - Private,4,136,12,94,1,73,7,0,0.0
340099,VIDANT ROANOKE CHOWAN HOSPITAL,NC,Acute Care Hospitals,Voluntary non-profit - Private,2,139,13,94,1,31,8,1,12.5
340119,STANLY REGIONAL MEDICAL CENTER,NC,Acute Care Hospitals,Voluntary non-profit - Private,3,139,13,94,1,38,6,0,0.0
340013,RUTHERFORD REGIONAL MEDICAL CENTER,NC,Acute Care Hospitals,Proprietary,2,141,15,94,1,53,7,1,14.3
340109,SENTARA ALBEMARLE MEDICAL CENTER,NC,Acute Care Hospitals,Government - Hospital District or Authority,3,141,15,94,1,77,6,1,16.7
340166,ATRIUM HEALTH UNIVERSITY CITY,NC,Acute Care Hospitals,Government - Hospital District or Authority,3,144,17,94,1,34,6,0,0.0
340087,THE MCDOWELL HOSPITAL,NC,Acute Care Hospitals,Voluntary non-profit - Private,3,148,18,94,1,73,6,1,16.7
340021,ATRIUM HEALTH CLEVELAND,NC,Acute Care Hospitals,Government - Hospital District or Authority,3,151,19,94,1,44,9,1,11.1
340053,NOVANT HEALTH PRESBYTERIAN MEDICAL CENTER,NC,Acute Care Hospitals,Voluntary non-profit - Private,5,157,20,94,1,81,11,2,18.2
341328,ERLANGER MURPHY MEDICAL CENTER,NC,Critical Access Hospitals,Voluntary non-profit - Private,4,157,20,94,1,,6,0,0.0
341318,VIDANT CHOWAN HOSPITAL,NC,Critical Access Hospitals,Government - Local,3,159,22,94,1,,8,0,0.0
341304,ECU HEALTH BERTIE HOSPITAL,NC,Critical Access Hospitals,Voluntary non-profit - Private,4,162,23,94,1,,3,0,0.0
340023,ADVENTHEALTH HENDERSONVILLE,NC,Acute Care Hospitals,Voluntary non-profit - Private,5,165,24,94,1,68,8,0,0.0
340075,"BLUE RIDGE HEALTHCARE HOSPITALS, INC",NC,Acute Care Hospitals,Proprietary,4,166,25,94,2,79,8,0,0.0
340132,MARIA PARHAM MEDICAL CENTER,NC,Acute Care Hospitals,Proprietary,2,167,26,94,2,69,8,1,12.5
340064,WILKES REGIONAL MEDICAL CENTER,NC,Acute Care Hospitals,Government - Local,3,168,27,94,2,63,8,1,12.5
340096,LEXINGTON MEMORIAL HOSPITAL INC,NC,Acute Care Hospitals,Voluntary non-profit - Private,2,168,27,94,2,67,7,0,0.0
340098,ATRIUM HEALTH PINEVILLE,NC,Acute Care Hospitals,Government - Hospital District or Authority,3,170,29,94,2,63,9,1,11.1
34014F,Womack AMC (FT Bragg),NC,Acute Care - Department of Defense,Department of Defense,Not Available,170,29,94,2,60,,,
340017,PARDEE HOSPITAL HENDERSON COUNTY,NC,Acute Care Hospitals,Government - Local,5,171,31,94,2,67,10,1,10.0
340097,HUGH CHATHAM MEMORIAL HOSPITAL,NC,Acute Care Hospitals,Voluntary non-profit - Private,3,171,31,94,2,66,7,2,28.6
340002,MEMORIAL MISSION HOSPITAL AND ASHEVILLE SURGERY CE,NC,Acute Care Hospitals,Voluntary non-profit - Private,3,173,33,94,2,63,11,1,9.1
340016,HARRIS REGIONAL HOSPITAL,NC,Acute Care Hospitals,Proprietary,3,174,34,94,2,70,9,0,0.0
340116,FRYE REGIONAL MEDICAL CENTER,NC,Acute Care Hospitals,Proprietary,2,174,34,94,2,74,10,1,10.0
340120,VIDANT DUPLIN HOSPITAL,NC,Acute Care Hospitals,Government - Local,3,174,34,94,2,48,5,1,20.0
340159,PERSON MEMORIAL HOSPITAL,NC,Acute Care Hospitals,Proprietary,3,176,37,94,2,55,4,1,25.0
340158,NOVANT HEALTH BRUNSWICK MEDICAL CENTER,NC,Acute Care Hospitals,Voluntary non-profit - Other,4,177,38,94,2,72,7,1,14.3
340060,UNC ROCKINGHAM,NC,Acute Care Hospitals,Voluntary non-profit - Private,4,178,39,94,2,39,5,1,20.0
340085,NOVANT HEALTH THOMASVILLE MEDICAL CENTER,NC,Acute Care Hospitals,Voluntary non-profit - Private,3,178,39,94,2,67,8,1,12.5
340190,NOVANT HEALTH MINT HILL MEDICAL CENTER,NC,Acute Care Hospitals,Voluntary non-profit - Private,5,178,39,94,2,91,6,0,0.0
340145,ATRIUM HEALTH LINCOLN,NC,Acute Care Hospitals,Government - Hospital District or Authority,3,179,42,94,2,40,6,1,16.7
340020,CENTRAL CAROLINA HOSPITAL,NC,Acute Care Hospitals,Voluntary non-profit - Private,2,180,43,94,2,51,6,2,33.3
340129,DUKE HEALTH LAKE NORMAN HOSPITAL,NC,Acute Care Hospitals,Proprietary,1,180,43,94,2,59,7,1,14.3
341325,ASHE MEMORIAL HOSPITAL,NC,Critical Access Hospitals,Voluntary non-profit - Private,3,181,45,94,2,,8,0,0.0
340068,COLUMBUS REGIONAL HEALTHCARE SYSTEM,NC,Acute Care Hospitals,Voluntary non-profit - Other,1,184,46,94,2,56,9,2,22.2
340039,IREDELL MEMORIAL HOSPITAL INC,NC,Acute Care Hospitals,Voluntary non-profit - Private,3,186,47,94,2,58,7,0,0.0
340090,JOHNSTON HEALTH,NC,Acute Care Hospitals,Government - Hospital District or Authority,4,186,47,94,2,61,10,0,0.0
340001,CAROLINAS MEDICAL CENTER-NORTHEAST,NC,Acute Care Hospitals,Government - Hospital District or Authority,4,187,49,94,3,51,11,1,9.1
340047,NORTH CAROLINA BAPTIST HOSPITAL,NC,Acute Care Hospitals,Voluntary non-profit - Private,4,187,49,94,3,47,11,1,9.1
340041,CALDWELL MEMORIAL HOSPITAL,NC,Acute Care Hospitals,Voluntary non-profit - Other,3,189,51,94,3,76,7,0,0.0
340003,NORTHERN REGIONAL HOSPITAL,NC,Acute Care Hospitals,Government - Hospital District or Authority,4,191,52,94,3,60,8,0,0.0
341315,CAPE FEAR VALLEY-BLADEN COUNTY HOSPITAL,NC,Critical Access Hospitals,Voluntary non-profit - Private,Not Available,191,52,94,3,58,3,0,0.0
340010,UNC HEALTH CARE WAYNE,NC,Acute Care Hospitals,Voluntary non-profit - Private,3,192,54,94,3,64,7,1,14.3
340184,HAYWOOD REGIONAL MEDICAL CENTER,NC,Acute Care Hospitals,Government - Hospital District or Authority,3,192,54,94,3,55,8,0,0.0
340195,NOVANT HEALTH BALLANTYNE MEDICAL CENTER,NC,Acute Care Hospitals,Voluntary non-profit - Private,Not Available,193,56,94,3,93,3,0,0.0
340127,GRANVILLE HEALTH SYSTEMS,NC,Acute Care Hospitals,Government - Local,2,194,57,94,3,84,5,1,20.0
340032,CAROMONT REGIONAL MEDICAL CENTER,NC,Acute Care Hospitals,Voluntary non-profit - Private,4,195,58,94,3,86,11,0,0.0
340147,UNC HEALTH NASH,NC,Acute Care Hospitals,Government - Hospital District or Authority,4,195,58,94,3,76,10,1,10.0
340173,"WAKEMED, CARY HOSPITAL",NC,Acute Care Hospitals,Voluntary non-profit - Private,5,195,58,94,3,76,8,0,0.0
340126,WILSON MEDICAL CENTER,NC,Acute Care Hospitals,Voluntary non-profit - Private,1,196,61,94,3,69,7,1,14.3
340014,NOVANT HEALTH FORSYTH MEDICAL CENTER,NC,Acute Care Hospitals,Voluntary non-profit - Private,4,197,62,94,3,67,11,2,18.2
340113,CAROLINAS MEDICAL CENTER/BEHAV HEALTH,NC,Acute Care Hospitals,Government - Hospital District or Authority,4,198,63,94,3,33,11,1,9.1
340114,REX HOSPITAL,NC,Acute Care Hospitals,Government - State,5,198,63,94,3,61,11,0,0.0
340008,SCOTLAND MEMORIAL HOSPITAL,NC,Acute Care Hospitals,Voluntary non-profit - Private,3,199,65,94,3,81,9,1,11.1
340042,ONSLOW MEMORIAL HOSPITAL,NC,Acute Care Hospitals,Government - Hospital District or Authority,1,199,65,94,3,63,6,2,33.3
340027,UNC LENOIR HEALTH CARE,NC,Acute Care Hospitals,Voluntary non-profit - Private,4,200,67,94,3,53,5,1,20.0
340115,FIRSTHEALTH MOORE REGIONAL HOSPITAL,NC,Acute Care Hospitals,Voluntary non-profit - Private,4,201,68,94,3,55,11,1,9.1
340151,ECU HEALTH NORTH HOSPITAL,NC,Acute Care Hospitals,Voluntary non-profit - Private,2,202,69,94,3,56,9,1,11.1
340051,WATAUGA MEDICAL CENTER,NC,Acute Care Hospitals,Government - Local,3,203,70,94,3,40,10,1,10.0
340069,"WAKEMED, RALEIGH CAMPUS",NC,Acute Care Hospitals,Voluntary non-profit - Private,4,204,71,94,3,66,11,0,0.0
340141,NOVANT HEALTH NEW HANOVER REGIONAL MEDICAL CENTER,NC,Acute Care Hospitals,Government - Local,3,204,71,94,4,50,11,2,18.2
340188,CAPE FEAR VALLEY HOKE HOSPITAL,NC,Acute Care Hospitals,Voluntary non-profit - Private,4,208,73,94,4,49,5,2,40.0
34011F,NMC Camp Lejeune,NC,Acute Care - Department of Defense,Department of Defense,Not Available,210,74,94,4,,,,
341324,"THE OUTER BANKS HOSPITAL, INC",NC,Critical Access Hospitals,Voluntary non-profit - Private,4,213,75,94,4,,8,0,0.0
341311,CHATHAM HOSPITAL INC,NC,Critical Access Hospitals,Voluntary non-profit - Private,4,214,76,94,4,,3,1,33.3
340015,NOVANT HEALTH ROWAN MEDICAL CENTER,NC,Acute Care Hospitals,Voluntary non-profit - Private,4,216,77,94,4,71,10,0,0.0
340071,BETSY JOHNSON REGIONAL HOSPITAL,NC,Acute Care Hospitals,Voluntary non-profit - Private,3,216,77,94,4,52,6,1,16.7
340123,RANDOLPH HOSPITAL,NC,Acute Care Hospitals,Voluntary non-profit - Private,4,216,77,94,4,50,6,0,0.0
340070,ALAMANCE REGIONAL MEDICAL CENTER,NC,Acute Care Hospitals,Voluntary non-profit - Private,3,218,80,94,4,78,8,1,12.5
340028,CAPE FEAR VALLEY MEDICAL CENTER,NC,Acute Care Hospitals,Voluntary non-profit - Private,2,219,81,94,4,50,11,2,18.2
340091,"MOSES H. CONE MEMORIAL HOSPITAL, THE",NC,Acute Care Hospitals,Voluntary non-profit - Private,3,222,82,94,4,71,11,0,0.0
340131,CAROLINA EAST MEDICAL CENTER,NC,Acute Care Hospitals,Government - Hospital District or Authority,4,223,83,94,4,60,11,1,9.1
340143,CATAWBA VALLEY MEDICAL CENTER,NC,Acute Care Hospitals,Voluntary non-profit - Other,2,223,83,94,4,60,10,0,0.0
340183,NOVANT HEALTH HUNTERSVILLE MEDICAL CENTER,NC,Acute Care Hospitals,Voluntary non-profit - Private,4,226,85,94,4,78,8,1,12.5
340107,VIDANT EDGECOMBE HOSPITAL,NC,Acute Care Hospitals,Government - Local,3,229,86,94,4,50,8,1,12.5
340142,CARTERET GENERAL HOSPITAL,NC,Acute Care Hospitals,Proprietary,2,236,87,94,4,76,10,3,30.0
340004,HIGH POINT REGIONAL HEALTH SYSTEM,NC,Acute Care Hospitals,Voluntary non-profit - Private,2,238,88,94,4,47,9,0,0.0
340171,NOVANT HEALTH MATTHEWS MEDICAL CENTER,NC,Acute Care Hospitals,Voluntary non-profit - Other,5,240,89,94,4,85,8,3,37.5
340155,DUKE REGIONAL HOSPITAL,NC,Acute Care Hospitals,Government - Local,5,244,90,94,4,65,11,1,9.1
340050,SOUTHEASTERN REGIONAL MEDICAL CENTER,NC,Acute Care Hospitals,Voluntary non-profit - Private,2,248,91,94,4,70,9,2,22.2
340040,ECU HEALTH MEDICAL CENTER,NC,Acute Care Hospitals,Voluntary non-profit - Private,2,280,92,94,4,31,11,5,45.5
340061,UNC HOSPITALS,NC,Acute Care Hospitals,Government - State,5,286,93,94,4,38,11,0,0.0
340030,DUKE UNIVERSITY HOSPITAL,NC,Acute Care Hospitals,Proprietary,5,296,94,94,4,49,11,0,0.0
351331,TOWNER COUNTY MEDICAL CENTER,ND,Critical Access Hospitals,Voluntary non-profit - Private,Not Available,66,1,43,1,,2,0,0.0
351329,SANFORD HILLSBORO,ND,Critical Access Hospitals,Voluntary non-profit - Private,Not Available,72,2,43,1,,1,0,0.0
351327,SMP HEALTH ST ALOISIUS,ND,Critical Access Hospitals,Voluntary non-profit - Private,1,76,3,43,1,,4,2,50.0
351319,PEMBINA COUNTY MEMORIAL HOSPITAL,ND,Critical Access Hospitals,Voluntary non-profit - Private,Not Available,77,4,43,1,,2,0,0.0
351301,MOUNTRAIL COUNTY MEDICAL CENTER INC,ND,Critical Access Hospitals,Voluntary non-profit - Private,Not Available,79,5,43,1,,,,
351325,ST LUKE'S HOSPITAL,ND,Critical Access Hospitals,Voluntary non-profit - Private,Not Available,81,6,43,1,,1,0,0.0
351300,TIOGA MEDICAL CENTER,ND,Critical Access Hospitals,Voluntary non-profit - Private,Not Available,84,7,43,1,,1,0,0.0
351322,ASHLEY MEDICAL CENTER,ND,Critical Access Hospitals,Voluntary non-profit - Private,Not Available,85,8,43,1,,,,
351312,NORTHWOOD DEACONESS HEALTH CENTER,ND,Critical Access Hospitals,Voluntary non-profit - Church,Not Available,86,9,43,1,,1,0,0.0
351308,NELSON COUNTY HEALTH SYSTEM,ND,Critical Access Hospitals,Voluntary non-profit - Private,Not Available,91,10,43,1,,,,
351364,STANDING ROCK SERVICE UNIT,ND,Critical Access Hospitals,Government - Federal,Not Available,92,11,43,1,,,,
351324,CHI MERCY HEALTH,ND,Critical Access Hospitals,Voluntary non-profit - Church,5,94,12,43,2,,4,0,0.0
351321,SOUTH CENTRAL HEALTH,ND,Critical Access Hospitals,Government - Local,Not Available,96,13,43,2,,2,0,0.0
351323,CAVALIER COUNTY MEMORIAL HOSPITAL ASSOCIATION,ND,Critical Access Hospitals,Voluntary non-profit - Private,Not Available,97,14,43,2,,3,0,0.0
351309,SANFORD MAYVILLE,ND,Critical Access Hospitals,Voluntary non-profit - Private,Not Available,100,15,43,2,,2,0,0.0
351318,CARRINGTON HEALTH CENTER,ND,Critical Access Hospitals,Voluntary non-profit - Private,Not Available,101,16,43,2,,2,0,0.0
351305,TRINITY KENMARE COMMUNITY HOSPITAL,ND,Critical Access Hospitals,Voluntary non-profit - Private,Not Available,102,17,43,2,,,,
350070,ESSENTIA HEALTH,ND,Acute Care Hospitals,Voluntary non-profit - Private,3,104,18,43,2,69,11,2,18.2
351316,PRESENTATION MEDICAL CENTER,ND,Critical Access Hospitals,Voluntary non-profit - Private,Not Available,104,18,43,2,,2,1,50.0
351332,HEART OF AMERICA MEDICAL CENTER,ND,Critical Access Hospitals,Voluntary non-profit - Private,2,104,18,43,2,,3,1,33.3
351304,CHI ST ALEXIUS HEALTH TURTLE LAKE,ND,Critical Access Hospitals,Voluntary non-profit - Church,Not Available,105,21,43,2,,,,
351307,ST ANDREW'S HOSPITAL,ND,Critical Access Hospitals,Voluntary non-profit - Church,Not Available,105,21,43,2,,3,1,33.3
351315,CHI OAKES HOSPITAL,ND,Critical Access Hospitals,Voluntary non-profit - Church,Not Available,108,23,43,3,,3,0,0.0
351328,LINTON HOSPITAL - CAH,ND,Critical Access Hospitals,Voluntary non-profit - Private,Not Available,109,24,43,3,,1,0,0.0
351335,JAMESTOWN REGIONAL MEDICAL CENTER,ND,Critical Access Hospitals,Voluntary non-profit - Private,4,110,25,43,3,84,8,0,0.0
351303,GARRISON MEMORIAL HOSPITAL,ND,Critical Access Hospitals,Voluntary non-profit - Church,Not Available,111,26,43,3,,,,
351311,LISBON AREA HEALTH SERVICES,ND,Critical Access Hospitals,Voluntary non-profit - Private,Not Available,111,26,43,3,,1,0,0.0
351314,JACOBSON MEMORIAL HOSPITAL CARE CENTER,ND,Critical Access Hospitals,Voluntary non-profit - Private,Not Available,111,26,43,3,,,,
351320,UNITY MEDICAL CENTER,ND,Critical Access Hospitals,Voluntary non-profit - Private,Not Available,112,29,43,3,,2,0,0.0
351326,FIRST CARE HEALTH CENTER,ND,Critical Access Hospitals,Voluntary non-profit - Private,Not Available,114,30,43,3,,3,0,0.0
351330,WEST RIVER REGIONAL MEDICAL CENTER,ND,Critical Access Hospitals,Voluntary non-profit - Private,4,116,31,43,3,,4,0,0.0
351310,SAKAKAWEA MEDICAL CENTER - CAH,ND,Critical Access Hospitals,Voluntary non-profit - Private,Not Available,119,32,43,3,,2,0,0.0
351313,SOUTHWEST HEALTHCARE SERVICES,ND,Critical Access Hospitals,Voluntary non-profit - Private,Not Available,120,33,43,3,,1,0,0.0
351306,COOPERSTOWN MEDICAL CENTER,ND,Critical Access Hospitals,Voluntary non-profit - Private,Not Available,121,34,43,4,,1,0,0.0
351302,MCKENZIE COUNTY HEALTHCARE SYSTEMS INC,ND,Critical Access Hospitals,Voluntary non-profit - Private,Not Available,123,35,43,4,,3,0,0.0
351333,CHI ST ALEXIUS HEALTH DEVILS LAKE,ND,Critical Access Hospitals,Voluntary non-profit - Private,2,138,36,43,4,66,5,1,20.0
351334,CHI ST ALEXIUS HEALTH WILLISTON,ND,Critical Access Hospitals,Voluntary non-profit - Church,3,157,37,43,4,67,6,0,0.0
350002,CHI ST ALEXIUS HEALTH,ND,Acute Care Hospitals,Voluntary non-profit - Church,4,164,38,43,4,65,11,0,0.0
350019,ALTRU HOSPITAL,ND,Acute Care Hospitals,Government - Local,3,167,39,43,4,64,10,1,10.0
350015,SANFORD MEDICAL CENTER BISMARCK,ND,Acute Care Hospitals,Voluntary non-profit - Private,4,175,40,43,4,38,10,0,0.0
351336,CHI ST ALEXIUS HEALTH DICKINSON,ND,Critical Access Hospitals,Voluntary non-profit - Church,2,185,41,43,4,70,5,0,0.0
350011,SANFORD MEDICAL CENTER FARGO,ND,Acute Care Hospitals,Voluntary non-profit - Private,4,189,42,43,4,39,11,0,0.0
350006,TRINITY HOSPITALS,ND,Acute Care Hospitals,Voluntary non-profit - Private,3,254,43,43,4,58,10,1,10.0
281311,FRANKLIN COUNTY MEMORIAL HOSPITAL,NE,Critical Access Hospitals,Government - Local,Not Available,80,1,83,1,,,,
281312,GENOA COMMUNITY HOSPITAL,NE,Critical Access Hospitals,Government - Local,Not Available,80,1,83,1,,,,
281362,PHELPS MEMORIAL HEALTH CENTER,NE,Critical Access Hospitals,Voluntary non-profit - Private,4,84,3,83,1,,6,0,0.0
281314,ANNIE JEFFREY MEMORIAL COUNTY HEALTH CENTER,NE,Critical Access Hospitals,Government - Local,Not Available,85,4,83,1,,2,0,0.0
281338,HOWARD COUNTY MEDICAL CENTER,NE,Critical Access Hospitals,Voluntary non-profit - Other,Not Available,87,5,83,1,,2,0,0.0
281304,THAYER COUNTY HEALTH SERVICES,NE,Critical Access Hospitals,Government - Local,Not Available,89,6,83,1,,2,1,50.0
281303,NIOBRARA VALLEY HOSPITAL,NE,Critical Access Hospitals,Voluntary non-profit - Private,Not Available,90,7,83,1,,,,
281316,WEBSTER COUNTY COMMUNITY HOSPITAL,NE,Critical Access Hospitals,Government - Local,Not Available,90,7,83,1,,,,
280059,TWELVE CLANS UNITY HOSPITAL,NE,Acute Care Hospitals,Tribal,Not Available,93,9,83,1,,,,
281364,"BEATRICE COMMUNITY HOSPITAL & HEALTH CENTER, INC",NE,Critical Access Hospitals,Voluntary non-profit - Private,4,93,9,83,1,82,5,0,0.0
281332,BUTLER COUNTY HEALTH,NE,Critical Access Hospitals,Government - Local,Not Available,96,11,83,1,,3,0,0.0
280129,NEBRASKA ORTHOPAEDIC HOSPITAL,NE,Acute Care Hospitals,Physician,Not Available,97,12,83,1,,2,0,0.0
281319,JEFFERSON COMMUNITY HEALTH & LIFE,NE,Critical Access Hospitals,Voluntary non-profit - Private,Not Available,97,12,83,1,,3,0,0.0
281339,MEMORIAL HEALTH CARE SYSTEMS,NE,Critical Access Hospitals,Voluntary non-profit - Private,3,97,12,83,1,,5,0,0.0
281346,CHI HEALTH PLAINVIEW HOSPITAL,NE,Critical Access Hospitals,Voluntary non-profit - Church,Not Available,97,12,83,1,,1,0,0.0
281350,JOHNSON COUNTY HOSPITAL,NE,Critical Access Hospitals,Government - Local,Not Available,97,12,83,1,,3,0,0.0
281353,VALLEY COUNTY HEALTH SYSTEM,NE,Critical Access Hospitals,Government - Local,Not Available,98,17,83,1,,3,0,0.0
281355,OGALLALA COMMUNITY HOSPITAL,NE,Critical Access Hospitals,Government - Hospital District or Authority,Not Available,98,17,83,1,,3,0,0.0
281307,SAUNDERS MEDICAL CENTER,NE,Critical Access Hospitals,Government - Local,Not Available,99,19,83,1,,3,0,0.0
281327,COZAD COMMUNITY HOSPITAL,NE,Critical Access Hospitals,Government - Hospital District or Authority,Not Available,99,19,83,1,,3,0,0.0
281308,HENDERSON COMMUNITY HOSPITAL,NE,Critical Access Hospitals,Voluntary non-profit - Private,Not Available,100,21,83,1,,2,0,0.0
281354,CRETE AREA MEDICAL CENTER,NE,Critical Access Hospitals,Voluntary non-profit - Private,Not Available,100,21,83,2,,1,0,0.0
281309,SYRACUSE AREA HEALTH,NE,Critical Access Hospitals,Government - Hospital District or Authority,Not Available,101,23,83,2,,3,0,0.0
280125,FAITH HEALTH,NE,Acute Care Hospitals,Voluntary non-profit - Church,3,102,24,83,2,72,8,0,0.0
281352,"COMMUNITY MEDICAL CENTER, INC",NE,Critical Access Hospitals,Voluntary non-profit - Private,4,102,24,83,2,,5,0,0.0
281300,HARLAN COUNTY HEALTH SYSTEM,NE,Critical Access Hospitals,Government - Local,Not Available,103,26,83,2,,2,0,0.0
281323,CHI HEALTH SCHUYLER,NE,Critical Access Hospitals,Voluntary non-profit - Private,Not Available,103,26,83,2,,1,0,0.0
281331,AVERA CREIGHTON HOSPITAL,NE,Critical Access Hospitals,Voluntary non-profit - Private,Not Available,104,28,83,2,,2,0,0.0
280139,GRAND ISLAND REGIONAL MEDICAL CENTER,NE,Acute Care Hospitals,Voluntary non-profit - Private,2,105,29,83,2,88,6,1,16.7
281302,PAWNEE COUNTY MEMORIAL HOSPITAL,NE,Critical Access Hospitals,Government - Local,Not Available,105,29,83,2,,1,0,0.0
281358,GORDON MEMORIAL HOSPITAL DISTRICT,NE,Critical Access Hospitals,Government - Hospital District or Authority,Not Available,105,29,83,2,,3,0,0.0
280134,KEARNEY REGIONAL MEDICAL CENTER,NE,Acute Care Hospitals,Proprietary,4,108,32,83,2,66,9,2,22.2
281341,CHADRON HOSPITAL,NE,Critical Access Hospitals,Voluntary non-profit - Private,3,108,32,83,2,,3,0,0.0
281301,FILLMORE COUNTY HOSPITAL,NE,Critical Access Hospitals,Government - Local,4,109,34,83,2,,5,0,0.0
281324,NEMAHA COUNTY HOSPITAL,NE,Critical Access Hospitals,Government - Local,Not Available,110,35,83,2,,3,1,33.3
281325,BROWN COUNTY HOSPITAL,NE,Critical Access Hospitals,Government - Local,Not Available,110,35,83,2,,2,0,0.0
281326,ANTELOPE MEMORIAL HOSPITAL,NE,Critical Access Hospitals,Voluntary non-profit - Private,Not Available,110,35,83,2,,2,0,0.0
281334,BOONE COUNTY HEALTH CENTER,NE,Critical Access Hospitals,Government - Local,4,110,35,83,2,,6,0,0.0
281343,WEST HOLT MEMORIAL HOSPITAL,NE,Critical Access Hospitals,Voluntary non-profit - Private,Not Available,110,35,83,2,,3,0,0.0
281347,OSMOND GENERAL HOSPITAL,NE,Critical Access Hospitals,Voluntary non-profit - Private,Not Available,110,35,83,2,,3,0,0.0
281361,LEXINGTON REGIONAL HEALTH CENTER,NE,Critical Access Hospitals,Government - Hospital District or Authority,Not Available,110,35,83,2,,3,0,0.0
281329,AVERA ST ANTHONY'S HOSPITAL,NE,Critical Access Hospitals,Voluntary non-profit - Church,4,111,42,83,2,,7,0,0.0
281333,ROCK COUNTY HOSPITAL,NE,Critical Access Hospitals,Government - Local,Not Available,111,42,83,3,,2,0,0.0
281315,BRODSTONE HEALTHCARE,NE,Critical Access Hospitals,Voluntary non-profit - Private,4,115,44,83,3,,4,0,0.0
281342,CHI HEALTH ST MARY'S,NE,Critical Access Hospitals,Voluntary non-profit - Church,4,115,44,83,3,46,4,0,0.0
280003,BRYAN MEDICAL CENTER,NE,Acute Care Hospitals,Voluntary non-profit - Private,3,117,46,83,3,35,11,0,0.0
281322,ST FRANCIS MEMORIAL HOSPITAL,NE,Critical Access Hospitals,Voluntary non-profit - Private,2,117,46,83,3,,3,0,0.0
280032,MARY LANNING HEALTHCARE,NE,Acute Care Hospitals,Voluntary non-profit - Other,2,118,48,83,3,73,8,0,0.0
281313,GOTHENBURG HEALTH,NE,Critical Access Hospitals,Government - Hospital District or Authority,Not Available,118,48,83,3,,3,0,0.0
281345,PROVIDENCE MEDICAL CENTER,NE,Critical Access Hospitals,Voluntary non-profit - Private,Not Available,119,50,83,3,,,,
281365,JENNIE M MELHAM MEMORIAL MEDICAL CENTER,NE,Critical Access Hospitals,Voluntary non-profit - Private,4,121,51,83,3,,4,0,0.0
280111,"COLUMBUS COMMUNITY HOSPITAL, INC",NE,Acute Care Hospitals,Voluntary non-profit - Other,3,122,52,83,3,55,6,1,16.7
281320,MEMORIAL HOSPITAL,NE,Critical Access Hospitals,Voluntary non-profit - Private,Not Available,124,53,83,3,,3,0,0.0
280023,CHI HEALTH ST. FRANCIS,NE,Acute Care Hospitals,Voluntary non-profit - Church,4,125,54,83,3,77,6,0,0.0
281328,MERRICK MEDICAL CENTER,NE,Critical Access Hospitals,Voluntary non-profit - Private,Not Available,125,54,83,3,,3,0,0.0
281349,PENDER COMMUNITY HOSPITAL,NE,Critical Access Hospitals,Government - Local,Not Available,125,54,83,3,,2,1,50.0
280065,GREAT PLAINS HEALTH,NE,Acute Care Hospitals,Voluntary non-profit - Private,3,127,57,83,3,56,10,1,10.0
281356,PERKINS COUNTY HEALTH SERVICES,NE,Critical Access Hospitals,Government - Hospital District or Authority,Not Available,128,58,83,3,,2,0,0.0
281306,KEARNEY COUNTY HEALTH SERVICES HOSPITAL,NE,Critical Access Hospitals,Government - Local,Not Available,129,59,83,3,,1,0,0.0
281335,CALLAWAY DISTRICT HOSPITAL,NE,Critical Access Hospitals,Government - Hospital District or Authority,Not Available,129,59,83,3,,3,0,0.0
281359,MEMORIAL COMMUNITY HOSPITAL & HEALTH SYSTEM,NE,Critical Access Hospitals,Voluntary non-profit - Private,Not Available,130,61,83,3,,4,0,0.0
281351,CHASE COUNTY COMMUNITY HOSPITAL,NE,Critical Access Hospitals,Government - Local,Not Available,131,62,83,3,,1,0,0.0
280081,CHI HEALTH IMMANUEL,NE,Acute Care Hospitals,Voluntary non-profit - Private,3,132,63,83,3,72,6,1,16.7
280077,METHODIST FREMONT HEALTH,NE,Acute Care Hospitals,Voluntary non-profit - Private,2,133,64,83,4,68,7,1,14.3
281305,KIMBALL HEALTH SERVICES,NE,Critical Access Hospitals,Government - Local,Not Available,133,64,83,4,,3,0,0.0
281360,BOX BUTTE GENERAL HOSPITAL,NE,Critical Access Hospitals,Government - Local,4,135,66,83,4,,6,0,0.0
281336,YORK GENERAL HEALTH CARE SERVICES,NE,Critical Access Hospitals,Voluntary non-profit - Private,4,136,67,83,4,,8,1,12.5
280105,CHI HEALTH MIDLANDS,NE,Acute Care Hospitals,Voluntary non-profit - Church,4,138,68,83,4,61,5,0,0.0
280009,CHI HEALTH GOOD SAMARITAN,NE,Acute Care Hospitals,Voluntary non-profit - Church,4,142,69,83,4,73,8,2,25.0
280132,BELLEVUE MEDICAL CENTER,NE,Acute Care Hospitals,Proprietary,4,142,69,83,4,48,8,1,12.5
281357,SIDNEY REGIONAL MEDICAL CENTER,NE,Critical Access Hospitals,Voluntary non-profit - Private,Not Available,143,71,83,4,,4,1,25.0
281318,MORRILL COUNTY COMMUNITY HOSPITAL,NE,Critical Access Hospitals,Government - Local,Not Available,144,72,83,4,,2,0,0.0
281340,DUNDY COUNTY HOSPITAL,NE,Critical Access Hospitals,Government - Local,Not Available,146,73,83,4,,2,0,0.0
281344,CHERRY COUNTY HOSPITAL,NE,Critical Access Hospitals,Government - Local,Not Available,146,73,83,4,,3,0,0.0
281363,COMMUNITY HOSPITAL,NE,Critical Access Hospitals,Voluntary non-profit - Other,3,146,73,83,4,,7,0,0.0
281348,TRI VALLEY HEALTH SYSTEM,NE,Critical Access Hospitals,Voluntary non-profit - Private,Not Available,147,76,83,4,,2,0,0.0
281310,GARDEN COUNTY HEALTH SERVICES,NE,Critical Access Hospitals,Voluntary non-profit - Private,Not Available,149,77,83,4,,,,
280040,THE NEBRASKA METHODIST HOSPITAL,NE,Acute Care Hospitals,Voluntary non-profit - Private,4,156,78,83,4,57,11,1,9.1
280060,CHI HEALTH BERGAN MERCY,NE,Acute Care Hospitals,Voluntary non-profit - Private,4,160,79,83,4,59,10,1,10.0
280020,CHI HEALTH ST. ELIZABETH,NE,Acute Care Hospitals,Voluntary non-profit - Private,4,162,80,83,4,76,7,1,14.3
280130,CHI HEALTH LAKESIDE,NE,Acute Care Hospitals,Voluntary non-profit - Church,4,173,81,83,4,66,8,0,0.0
280061,REGIONAL WEST MEDICAL CENTER,NE,Acute Care Hospitals,Voluntary non-profit - Private,2,201,82,83,4,64,8,2,25.0
280013,THE NEBRASKA MEDICAL CENTER,NE,Acute Care Hospitals,Voluntary non-profit - Private,4,246,83,83,4,55,11,1,9.1
301300,UPPER CONNECTICUT VALLEY HOSPITAL,NH,Critical Access Hospitals,Voluntary non-profit - Private,Not Available,85,1,26,1,,1,0,0.0
301303,WEEKS MEDICAL CENTER,NH,Critical Access Hospitals,Voluntary non-profit - Private,Not Available,106,2,26,1,,4,1,25.0
301310,ANDROSCOGGIN VALLEY HOSPITAL,NH,Critical Access Hospitals,Voluntary non-profit - Private,2,113,3,26,1,,4,1,25.0
301307,"MEMORIAL HOSPITAL, THE",NH,Critical Access Hospitals,Voluntary non-profit - Private,4,115,4,26,1,71,6,1,16.7
301301,COTTAGE HOSPITAL,NH,Critical Access Hospitals,Voluntary non-profit - Private,4,118,5,26,1,61,3,0,0.0
300017,PARKLAND MEDICAL CENTER,NH,Acute Care Hospitals,Proprietary,4,120,6,26,1,69,9,0,0.0
301305,ALICE PECK DAY MEMORIAL HOSPITAL,NH,Critical Access Hospitals,Voluntary non-profit - Private,4,120,6,26,1,,5,0,0.0
301311,SPEARE MEMORIAL HOSPITAL,NH,Critical Access Hospitals,Voluntary non-profit - Private,3,132,8,26,2,68,4,0,0.0
301306,CONCORD HOSPITAL- FRANKLIN,NH,Critical Access Hospitals,Voluntary non-profit - Private,Not Available,133,9,26,2,,2,1,50.0
300029,PORTSMOUTH REGIONAL HOSPITAL,NH,Acute Care Hospitals,Proprietary,3,135,10,26,2,67,9,2,22.2
301302,LITTLETON REGIONAL HEALTHCARE,NH,Critical Access Hospitals,Voluntary non-profit - Private,1,135,10,26,2,45,7,0,0.0
300014,FRISBIE MEMORIAL HOSPITAL,NH,Acute Care Hospitals,Proprietary,3,136,12,26,2,73,6,1,16.7
301309,MONADNOCK COMMUNITY HOSPITAL,NH,Critical Access Hospitals,Voluntary non-profit - Private,2,136,12,26,2,,8,0,0.0
301312,HUGGINS HOSPITAL,NH,Critical Access Hospitals,Voluntary non-profit - Private,4,139,14,26,2,,4,1,25.0
301308,VALLEY REGIONAL HOSPITAL,NH,Critical Access Hospitals,Voluntary non-profit - Private,3,148,15,26,3,,4,0,0.0
301304,NEW LONDON HOSPITAL,NH,Critical Access Hospitals,Voluntary non-profit - Private,3,154,16,26,3,,5,0,0.0
300005,CONCORD HOSPITAL- LACONIA,NH,Acute Care Hospitals,Voluntary non-profit - Private,3,187,17,26,3,58,8,1,12.5
300011,ST JOSEPH HOSPITAL,NH,Acute Care Hospitals,Voluntary non-profit - Other,4,204,18,26,3,59,10,0,0.0
300023,EXETER HOSPITAL INC,NH,Acute Care Hospitals,Voluntary non-profit - Private,4,204,18,26,3,61,10,0,0.0
300034,CATHOLIC MEDICAL CENTER,NH,Acute Care Hospitals,Voluntary non-profit - Private,4,216,20,26,3,55,11,2,18.2
300020,SOUTHERN NH MEDICAL CENTER,NH,Acute Care Hospitals,Voluntary non-profit - Private,2,217,21,26,4,59,10,2,20.0
300019,CHESHIRE MEDICAL CENTER,NH,Acute Care Hospitals,Voluntary non-profit - Private,4,224,22,26,4,66,8,2,25.0
300018,WENTWORTH-DOUGLASS HOSPITAL,NH,Acute Care Hospitals,Voluntary non-profit - Private,4,232,23,26,4,49,10,1,10.0
300001,CONCORD HOSPITAL,NH,Acute Care Hospitals,Voluntary non-profit - Private,3,245,24,26,4,49,11,2,18.2
300003,MARY HITCHCOCK MEMORIAL HOSPITAL,NH,Acute Care Hospitals,Voluntary non-profit - Private,3,266,25,26,4,55,11,2,18.2
300012,ELLIOT HOSPITAL,NH,Acute Care Hospitals,Voluntary non-profit - Private,2,283,26,26,4,50,10,1,10.0
310024,ROBERT WOOD JOHNSON UNIVERSITY HOSPITAL AT RAHWAY,NJ,Acute Care Hospitals,Voluntary non-profit - Private,4,110,1,60,1,82,6,2,33.3
310076,COOPERMAN BARNABAS MEDICAL CENTER,NJ,Acute Care Hospitals,Voluntary non-profit - Private,3,120,2,60,1,76,11,4,36.4
310075,MONMOUTH MEDICAL CENTER,NJ,Acute Care Hospitals,Voluntary non-profit - Private,3,129,3,60,1,91,10,2,20.0
310009,CLARA MAASS MEDICAL CENTER,NJ,Acute Care Hospitals,Voluntary non-profit - Private,3,138,4,60,1,79,7,2,28.6
310060,ST LUKE'S WARREN HOSPITAL,NJ,Acute Care Hospitals,Voluntary non-profit - Private,5,140,5,60,1,95,9,2,22.2
310130,HACKENSACK MERIDIAN HEALTH PASCACK VALLEY MEDICAL,NJ,Acute Care Hospitals,Proprietary,5,144,6,60,1,79,7,0,0.0
310084,MONMOUTH MEDICAL CENTER-SOUTHERN CAMPUS,NJ,Acute Care Hospitals,Voluntary non-profit - Private,3,146,7,60,1,78,8,2,25.0
310047,SHORE MEDICAL CENTER,NJ,Acute Care Hospitals,Voluntary non-profit - Private,3,152,8,60,1,70,9,1,11.1
310052,OCEAN MEDICAL CENTER,NJ,Acute Care Hospitals,Voluntary non-profit - Other,4,154,9,60,1,73,10,2,20.0
310058,BERGEN NEW BRIDGE MEDICAL CENTER,NJ,Acute Care Hospitals,Voluntary non-profit - Private,Not Available,154,9,60,1,53,3,1,33.3
310022,WEST JERSEY HOSPITAL,NJ,Acute Care Hospitals,Voluntary non-profit - Private,3,155,11,60,1,77,8,3,37.5
310016,HEIGHTS UNIVERSITY HOSPITAL,NJ,Acute Care Hospitals,Voluntary non-profit - Church,2,161,12,60,1,93,6,1,16.7
310029,VIRTUA OUR LADY OF LOURDES HOSPITAL,NJ,Acute Care Hospitals,Government - State,2,161,12,60,1,81,8,1,12.5
310050,SAINT CLARE'S HOSPITAL/ DENVILLE CAMPUS,NJ,Acute Care Hospitals,Proprietary,2,164,14,60,1,68,8,3,37.5
310092,CAPITAL HEALTH REGIONAL MEDICAL CENTER,NJ,Acute Care Hospitals,Voluntary non-profit - Private,2,166,15,60,1,67,6,2,33.3
310112,BAYSHORE MEDICAL CENTER,NJ,Acute Care Hospitals,Voluntary non-profit - Private,4,166,15,60,2,77,7,2,28.6
310113,SOUTHERN OCEAN MEDICAL CENTER,NJ,Acute Care Hospitals,Voluntary non-profit - Private,4,166,15,60,2,68,9,0,0.0
310002,NEWARK BETH ISRAEL MEDICAL CENTER,NJ,Acute Care Hospitals,Voluntary non-profit - Private,2,169,18,60,2,81,10,3,30.0
310028,NEWTON MEDICAL CENTER,NJ,Acute Care Hospitals,Voluntary non-profit - Private,4,169,18,60,2,52,10,0,0.0
310064,ATLANTICARE REGIONAL MEDICAL CENTER - CITY CAMPUS,NJ,Acute Care Hospitals,Voluntary non-profit - Private,4,171,20,60,2,66,11,3,27.3
310039,RARITAN BAY MEDICAL CENTER,NJ,Acute Care Hospitals,Voluntary non-profit - Private,4,174,21,60,2,79,7,2,28.6
310110,ROBERT WOOD JOHNSON UNIVERSITY HOSPITAL AT HAMILTON,NJ,Acute Care Hospitals,Voluntary non-profit - Private,4,174,21,60,2,76,10,2,20.0
310115,AHS HOSPITAL CORP,NJ,Acute Care Hospitals,Voluntary non-profit - Private,4,174,21,60,2,66,8,1,12.5
310118,HUDSON REGIONAL HOSPITAL,NJ,Acute Care Hospitals,Proprietary,2,174,21,60,2,98,7,3,42.9
310096,SAINT MICHAEL'S MEDICAL CENTER,NJ,Acute Care Hospitals,Voluntary non-profit - Private,4,176,25,60,2,64,6,1,16.7
310083,CAREWELL HEALTH MEDICAL CENTER,NJ,Acute Care Hospitals,Proprietary,1,180,26,60,2,61,3,2,66.7
310061,VIRTUA WILLINGBORO HOSPITAL,NJ,Acute Care Hospitals,Voluntary non-profit - Private,3,181,27,60,2,69,6,0,0.0
310041,COMMUNITY MEDICAL CENTER,NJ,Acute Care Hospitals,Voluntary non-profit - Private,1,182,28,60,2,79,10,4,40.0
310045,ENGLEWOOD HOSPITAL AND MEDICAL CENTER,NJ,Acute Care Hospitals,Voluntary non-profit - Private,4,182,28,60,2,79,11,2,18.2
310069,INSPIRA MEDICAL CENTER MULLICA HILL,NJ,Acute Care Hospitals,Voluntary non-profit - Private,3,182,28,60,2,60,9,4,44.4
310006,ST MARY'S GENERAL HOSPITAL,NJ,Acute Care Hospitals,Proprietary,3,183,31,60,3,60,7,1,14.3
310048,ROBERT WOOD JOHNSON UNIVERSITY HOSPITAL - SOMERSET,NJ,Acute Care Hospitals,Voluntary non-profit - Private,3,184,32,60,3,82,10,4,40.0
310074,JERSEY CITY MEDICAL CENTER,NJ,Acute Care Hospitals,Voluntary non-profit - Private,3,190,33,60,3,77,10,1,10.0
310051,OVERLOOK MEDICAL CENTER,NJ,Acute Care Hospitals,Voluntary non-profit - Private,5,192,34,60,3,59,10,2,20.0
310108,JFK UNIVERSITY MEDICAL CENTER,NJ,Acute Care Hospitals,Voluntary non-profit - Private,3,196,35,60,3,68,9,2,22.2
310001,HACKENSACK UNIVERSITY MEDICAL CENTER,NJ,Acute Care Hospitals,Voluntary non-profit - Private,5,197,36,60,3,72,11,4,36.4
310038,ROBERT WOOD JOHNSON UNIVERSITY HOSPITAL,NJ,Acute Care Hospitals,Voluntary non-profit - Private,2,197,36,60,3,67,11,4,36.4
310027,TRINITAS REGIONAL MEDICAL CENTER,NJ,Acute Care Hospitals,Voluntary non-profit - Private,3,203,38,60,3,82,8,1,12.5
310032,INSPIRA MEDICAL CENTER VINELAND,NJ,Acute Care Hospitals,Voluntary non-profit - Private,3,204,39,60,3,53,7,2,28.6
310008,HOLY NAME MEDICAL CENTER,NJ,Acute Care Hospitals,Voluntary non-profit - Private,5,205,40,60,3,87,10,1,10.0
310025,CAREPOINT HEALTH - BAYONNE MEDICAL CENTER,NJ,Acute Care Hospitals,Voluntary non-profit - Private,1,206,41,60,3,81,8,1,12.5
310034,RIVERVIEW MEDICAL CENTER,NJ,Acute Care Hospitals,Voluntary non-profit - Private,3,206,41,60,3,72,10,2,20.0
310044,CAPITAL HEALTH MEDICAL CENTER - HOPEWELL,NJ,Acute Care Hospitals,Voluntary non-profit - Private,2,206,41,60,3,73,10,3,30.0
310003,PALISADES MEDICAL CENTER,NJ,Acute Care Hospitals,Voluntary non-profit - Private,2,207,44,60,3,70,6,2,33.3
310040,CAREPOINT HEALTH-HOBOKEN UNIVERSITY MEDICAL CENTER,NJ,Acute Care Hospitals,Voluntary non-profit - Church,1,207,44,60,3,82,5,2,40.0
310057,VIRTUA MOUNT HOLLY HOSPITAL,NJ,Acute Care Hospitals,Voluntary non-profit - Private,3,207,44,60,4,72,9,1,11.1
310070,SAINT PETER'S UNIVERSITY HOSPITAL,NJ,Acute Care Hospitals,Voluntary non-profit - Private,3,207,44,60,4,43,10,3,30.0
310011,CAPE REGIONAL MEDICAL CENTER INC,NJ,Acute Care Hospitals,Voluntary non-profit - Private,3,208,48,60,4,56,6,2,33.3
310073,JERSEY SHORE UNIVERSITY MEDICAL CENTER,NJ,Acute Care Hospitals,Voluntary non-profit - Private,4,208,48,60,4,67,11,2,18.2
310014,COOPER UNIVERSITY HOSPITAL,NJ,Acute Care Hospitals,Voluntary non-profit - Private,2,216,50,60,4,80,11,3,27.3
310111,CENTRASTATE MEDICAL CENTER,NJ,Acute Care Hospitals,Voluntary non-profit - Private,4,219,51,60,4,70,7,3,42.9
310012,VALLEY HOSPITAL,NJ,Acute Care Hospitals,Voluntary non-profit - Private,4,223,52,60,4,45,11,0,0.0
310019,ST JOSEPH'S UNIVERSITY MEDICAL CENTER INC,NJ,Acute Care Hospitals,Voluntary non-profit - Church,3,224,53,60,4,58,11,3,27.3
310010,UNIVERSITY MEDICAL CENTER OF PRINCETON AT PLAINSBORO,NJ,Acute Care Hospitals,Voluntary non-profit - Private,4,225,54,60,4,70,10,2,20.0
310017,CHILTON MEDICAL CENTER,NJ,Acute Care Hospitals,Voluntary non-profit - Private,5,226,55,60,4,70,9,0,0.0
310005,HUNTERDON MEDICAL CENTER,NJ,Acute Care Hospitals,Voluntary non-profit - Private,4,232,56,60,4,56,8,2,25.0
310054,HACKENSACK MERIDIAN MOUNTAINSIDE MEDICAL,NJ,Acute Care Hospitals,Proprietary,4,234,57,60,4,77,10,1,10.0
310086,JEFFERSON STRATFORD HOSPITAL,NJ,Acute Care Hospitals,Voluntary non-profit - Private,2,235,58,60,4,59,10,4,40.0
310015,MORRISTOWN MEDICAL CENTER,NJ,Acute Care Hospitals,Voluntary non-profit - Private,5,240,59,60,4,71,11,0,0.0
310119,THE UNIVERSITY HOSPITAL,NJ,Acute Care Hospitals,Government - State,1,294,60,60,4,31,8,2,25.0
321310,HOLY CROSS HOSPITAL A DIV OF TAOS HEALTH SYSTEMS,NM,Critical Access Hospitals,Voluntary non-profit - Private,1,98,1,32,1,92,5,0,0.0
320030,ARTESIA GENERAL HOSPITAL,NM,Acute Care Hospitals,Voluntary non-profit - Private,Not Available,101,2,32,1,80,6,0,0.0
321308,CIBOLA GENERAL HOSPITAL,NM,Critical Access Hospitals,Voluntary non-profit - Private,Not Available,109,3,32,1,26,3,0,0.0
321302,DR DAN C TRIGG MEMORIAL HOSPITAL,NM,Critical Access Hospitals,Voluntary non-profit - Private,Not Available,112,4,32,1,,1,0,0.0
321307,MINERS' COLFAX MEDICAL CENTER,NM,Critical Access Hospitals,Government - State,Not Available,118,5,32,1,,2,1,50.0
320086,LOVELACE REGIONAL HOSPITAL - ROSWELL,NM,Acute Care Hospitals,Proprietary,2,126,6,32,1,,5,0,0.0
321304,UNION COUNTY GENERAL HOSPITAL,NM,Critical Access Hospitals,Government - Local,Not Available,130,7,32,1,,1,0,0.0
321301,SOCORRO GENERAL HOSPITAL,NM,Critical Access Hospitals,Voluntary non-profit - Private,Not Available,133,8,32,1,,2,0,0.0
321313,REHOBOTH MCKINLEY CHRISTIAN HEALTH CARE SERVICES,NM,Critical Access Hospitals,Voluntary non-profit - Private,Not Available,138,9,32,2,,,,
321309,MIMBRES VALLEY MEDICAL CENTER,NM,Critical Access Hospitals,Proprietary,Not Available,139,10,32,2,89,3,1,33.3
321306,LINCOLN COUNTY MEDICAL CENTER,NM,Critical Access Hospitals,Voluntary non-profit - Private,2,141,11,32,2,,4,2,50.0
320091,THREE CROSSES REGIONAL HOSPITAL LLC,NM,Acute Care Hospitals,Proprietary,3,142,12,32,2,38,6,2,33.3
320074,LOVELACE WESTSIDE HOSPITAL,NM,Acute Care Hospitals,Proprietary,4,154,13,32,2,79,5,0,0.0
320033,LOS ALAMOS MEDICAL CENTER,NM,Acute Care Hospitals,Proprietary,Not Available,164,14,32,2,81,5,0,0.0
320085,MOUNTAIN VIEW REGIONAL MEDICAL CENTER,NM,Acute Care Hospitals,Proprietary,2,166,15,32,2,65,10,3,30.0
320065,COVENANT HEALTH HOBBS HOSPITAL,NM,Acute Care Hospitals,Voluntary non-profit - Private,3,167,16,32,2,61,4,0,0.0
320084,ROOSEVELT GENERAL HOSPITAL,NM,Acute Care Hospitals,Government - Hospital District or Authority,Not Available,167,16,32,3,,3,0,0.0
321300,SIERRA VISTA HOSPITAL,NM,Critical Access Hospitals,Government - Local,Not Available,171,18,32,3,,1,0,0.0
320011,PRESBYTERIAN ESPANOLA HOSPITAL,NM,Acute Care Hospitals,Voluntary non-profit - Private,Not Available,173,19,32,3,37,4,0,0.0
320002,CHRISTUS ST VINCENT REGIONAL MEDICAL CENTER,NM,Acute Care Hospitals,Voluntary non-profit - Private,4,177,20,32,3,78,9,0,0.0
321311,GILA REGIONAL MEDICAL CENTER,NM,Critical Access Hospitals,Government - Local,2,184,21,32,3,67,8,0,0.0
320006,EASTERN NEW MEXICO MEDICAL CENTER,NM,Acute Care Hospitals,Proprietary,1,188,22,32,3,50,7,0,0.0
320005,SAN JUAN REGIONAL MEDICAL CENTER INC,NM,Acute Care Hospitals,Voluntary non-profit - Private,2,190,23,32,3,40,7,0,0.0
320022,PLAINS REGIONAL MEDICAL CENTER,NM,Acute Care Hospitals,Voluntary non-profit - Private,2,190,23,32,3,30,9,1,11.1
320063,CARLSBAD MEDICAL CENTER,NM,Acute Care Hospitals,Voluntary non-profit - Other,1,194,25,32,4,66,6,1,16.7
320017,LOVELACE WOMEN'S HOSPITAL,NM,Acute Care Hospitals,Proprietary,4,199,26,32,4,71,5,0,0.0
320004,CHRISTUS SOUTHERN NEW MEXICO,NM,Acute Care Hospitals,Voluntary non-profit - Private,3,201,27,32,4,64,10,1,10.0
320018,MEMORIAL MEDICAL CENTER,NM,Acute Care Hospitals,Proprietary,2,204,28,32,4,57,10,3,30.0
320009,LOVELACE MEDICAL CENTER,NM,Acute Care Hospitals,Proprietary,2,217,29,32,4,72,9,1,11.1
320090,PRESBYTERIAN SANTA FE MEDICAL CENTER,NM,Acute Care Hospitals,Voluntary non-profit - Private,5,226,30,32,4,43,5,0,0.0
320001,UNM HOSPITAL,NM,Acute Care Hospitals,Government - State,2,279,31,32,4,44,9,0,0.0
320021,PRESBYTERIAN HOSPITAL,NM,Acute Care Hospitals,Voluntary non-profit - Private,2,287,32,32,4,37,11,0,0.0
291301,INCLINE VILLAGE COMMUNITY HOSPITAL,NV,Critical Access Hospitals,Government - Hospital District or Authority,Not Available,83,1,35,1,,,,
291300,MOUNT GRANT GENERAL HOSPITAL,NV,Critical Access Hospitals,Government - Hospital District or Authority,Not Available,84,2,35,1,,1,0,0.0
290058,SAINT ROSE DOMINICAN HOSPITALS - NORTH LAS VEGAS,NV,Acute Care Hospitals,Proprietary,Not Available,92,3,35,1,,2,1,50.0
291314,SOUTH LYON MEDICAL CENTER,NV,Critical Access Hospitals,Voluntary non-profit - Private,Not Available,99,4,35,1,,,,
290012,SAINT ROSE DOMINICAN HOSPITALS - ROSE DE LIMA,NV,Acute Care Hospitals,Voluntary non-profit - Private,Not Available,101,5,35,1,,,,
290047,SOUTHERN HILLS HOSPITAL AND MEDICAL CENTER,NV,Acute Care Hospitals,Proprietary,4,106,6,35,1,76,8,2,25.0
291309,BOULDER CITY HOSPITAL,NV,Critical Access Hospitals,Voluntary non-profit - Private,Not Available,107,7,35,1,,1,0,0.0
291303,BATTLE MOUNTAIN GENERAL HOSPITAL,NV,Critical Access Hospitals,Government - Hospital District or Authority,Not Available,114,8,35,1,,,,
291304,PERSHING GENERAL HOSPITAL,NV,Critical Access Hospitals,Government - Hospital District or Authority,Not Available,114,8,35,1,,,,
291308,HUMBOLDT GENERAL HOSPITAL,NV,Critical Access Hospitals,Government - Hospital District or Authority,2,119,10,35,2,,5,0,0.0
29001F,99th Medical Group (Nellis AFB),NV,Acute Care - Department of Defense,Department of Defense,Not Available,124,11,35,2,65,,,
291313,BANNER CHURCHILL COMMUNITY HOSPITAL,NV,Critical Access Hospitals,Voluntary non-profit - Private,2,124,11,35,2,,5,1,20.0
290005,NORTH VISTA HOSPITAL,NV,Acute Care Hospitals,Voluntary non-profit - Private,3,134,13,35,2,77,4,1,25.0
290009,SAINT MARY'S REGIONAL MEDICAL CENTER,NV,Acute Care Hospitals,Proprietary,4,138,14,35,2,77,10,1,10.0
291307,MESA VIEW REGIONAL HOSPITAL,NV,Critical Access Hospitals,Proprietary,2,139,15,35,2,98,6,1,16.7
290032,NORTHERN NEVADA MEDICAL CENTER,NV,Acute Care Hospitals,Voluntary non-profit - Private,3,143,16,35,2,72,8,0,0.0
291306,CARSON VALLEY HEALTH,NV,Critical Access Hospitals,Voluntary non-profit - Private,5,144,17,35,2,,7,0,0.0
290062,WEST HENDERSON HOSPITAL,NV,Acute Care Hospitals,Proprietary,Not Available,158,18,35,2,86,,,
290039,MOUNTAINVIEW HOSPITAL,NV,Acute Care Hospitals,Proprietary,4,159,19,35,3,55,11,2,18.2
291311,DESERT VIEW HOSPITAL,NV,Critical Access Hospitals,Proprietary,2,160,20,35,3,,5,1,20.0
291312,GROVER C DILS MEDICAL CENTER,NV,Critical Access Hospitals,Voluntary non-profit - Private,Not Available,161,21,35,3,,1,0,0.0
290019,CARSON TAHOE REGIONAL MEDICAL CENTER,NV,Acute Care Hospitals,Voluntary non-profit - Private,2,162,22,35,3,71,10,1,10.0
290057,HENDERSON HOSPITAL,NV,Acute Care Hospitals,Proprietary,2,163,23,35,3,54,8,4,50.0
290003,SUNRISE HOSPITAL AND MEDICAL CENTER,NV,Acute Care Hospitals,Proprietary,2,164,24,35,3,64,8,2,25.0
290053,SAINT ROSE DOMINICAN HOSPITALS - SAN MARTIN CAMPUS,NV,Acute Care Hospitals,Voluntary non-profit - Private,4,166,25,35,3,57,8,0,0.0
290054,CENTENNIAL HILLS HOSPITAL MEDICAL CENTER,NV,Acute Care Hospitals,Proprietary,2,167,26,35,3,59,8,2,25.0
290045,SAINT ROSE DOMINICAN HOSPITALS - SIENA CAMPUS,NV,Acute Care Hospitals,Voluntary non-profit - Private,3,175,27,35,3,66,9,2,22.2
290001,RENOWN REGIONAL MEDICAL CENTER,NV,Acute Care Hospitals,Voluntary non-profit - Private,3,180,28,35,4,70,10,0,0.0
290049,RENOWN SOUTH MEADOWS MEDICAL CENTER,NV,Acute Care Hospitals,Voluntary non-profit - Private,3,180,28,35,4,66,9,1,11.1
290046,SPRING VALLEY HOSPITAL MEDICAL CENTER,NV,Acute Care Hospitals,Proprietary,3,181,30,35,4,48,9,1,11.1
290021,VALLEY HOSPITAL MEDICAL CENTER,NV,Acute Care Hospitals,Proprietary,2,182,31,35,4,80,9,2,22.2
291302,WILLIAM BEE RIRIE HOSPITAL,NV,Critical Access Hospitals,Government - Hospital District or Authority,Not Available,190,32,35,4,,2,0,0.0
290041,SUMMERLIN HOSPITAL MEDICAL CENTER,NV,Acute Care Hospitals,Proprietary,3,208,33,35,4,58,8,2,25.0
290008,NORTHEASTERN NEVADA REGIONAL HOSPITAL,NV,Acute Care Hospitals,Proprietary,3,210,34,35,4,61,7,1,14.3
290007,UNIVERSITY MEDICAL CENTER,NV,Acute Care Hospitals,Voluntary non-profit - Other,2,240,35,35,4,80,8,1,12.5
33025F,Keller ACH (West Point),NY,Acute Care - Department of Defense,Department of Defense,Not Available,65,1,139,1,,,,
331315,GOUVERNEUR HOSPITAL,NY,Critical Access Hospitals,Voluntary non-profit - Private,Not Available,74,2,139,1,,2,0,0.0
331303,GARNET HEALTH MEDICAL CENTER CATSKILLS,NY,Critical Access Hospitals,Voluntary non-profit - Private,Not Available,82,3,139,1,,,,
331305,O'CONNOR HOSPITAL,NY,Critical Access Hospitals,Voluntary non-profit - Private,Not Available,88,4,139,1,,2,0,0.0
331310,ELLENVILLE REGIONAL HOSPITAL,NY,Critical Access Hospitals,Voluntary non-profit - Private,Not Available,92,5,139,1,,3,1,33.3
331312,"DELAWARE VALLEY HOSPITAL, INC",NY,Critical Access Hospitals,Voluntary non-profit - Private,1,106,6,139,1,,3,1,33.3
330033,CHENANGO MEMORIAL HOSPITAL,NY,Acute Care Hospitals,Voluntary non-profit - Private,2,108,7,139,1,79,5,2,40.0
331302,ELIZABETHTOWN COMMUNITY HOSPITAL,NY,Critical Access Hospitals,Voluntary non-profit - Private,4,109,8,139,1,,4,0,0.0
331320,COBLESKILL REGIONAL HOSPITAL,NY,Critical Access Hospitals,Voluntary non-profit - Private,4,109,8,139,1,,5,0,0.0
331311,LITTLE FALLS HOSPITAL,NY,Critical Access Hospitals,Voluntary non-profit - Private,2,110,10,139,1,50,4,1,25.0
331314,SOLDIERS AND SAILORS MEMORIAL HOSPITAL OF YATES,NY,Critical Access Hospitals,Voluntary non-profit - Private,Not Available,110,10,139,1,,2,0,0.0
331313,SCHUYLER HOSPITAL,NY,Critical Access Hospitals,Voluntary non-profit - Private,Not Available,111,12,139,1,,3,1,33.3
331322,"SLHS MASSENA, INC",NY,Critical Access Hospitals,Voluntary non-profit - Private,Not Available,112,13,139,1,63,,,
330166,"WESTFIELD MEMORIAL HOSPITAL, INC",NY,Acute Care Hospitals,Voluntary non-profit - Private,Not Available,114,14,139,1,,3,0,0.0
330085,AURELIA OSBORN FOX MEMORIAL HOSPITAL,NY,Acute Care Hospitals,Voluntary non-profit - Private,3,123,15,139,1,44,8,1,12.5
331319,MEDINA MEMORIAL HOSPITAL,NY,Critical Access Hospitals,Voluntary non-profit - Private,Not Available,127,16,139,1,,1,0,0.0
330151,ST JAMES HOSPITAL,NY,Acute Care Hospitals,Voluntary non-profit - Private,3,136,17,139,1,76,6,2,33.3
330197,CANTON-POTSDAM HOSPITAL,NY,Acute Care Hospitals,Voluntary non-profit - Private,2,137,18,139,1,56,8,2,25.0
330096,JONES MEMORIAL HOSPITAL,NY,Acute Care Hospitals,Voluntary non-profit - Private,4,138,19,139,1,76,8,0,0.0
330103,OLEAN GENERAL HOSPITAL,NY,Acute Care Hospitals,Proprietary,1,141,20,139,1,75,10,3,30.0
331316,"COMMUNITY MEMORIAL HOSPITAL, INC",NY,Critical Access Hospitals,Voluntary non-profit - Private,4,141,20,139,1,,7,0,0.0
330240,HARLEM HOSPITAL CENTER,NY,Acute Care Hospitals,Government - State,2,142,22,139,1,23,5,2,40.0
330079,ADIRONDACK MEDICAL CENTER - SARANAC LAKE,NY,Acute Care Hospitals,Voluntary non-profit - Other,4,143,23,139,1,67,9,1,11.1
331323,WYOMING COUNTY,NY,Critical Access Hospitals,Government - Local,Not Available,143,23,139,1,,,,
330111,BERTRAND CHAFFEE HOSPITAL,NY,Acute Care Hospitals,Voluntary non-profit - Private,Not Available,144,25,139,1,60,3,1,33.3
330181,NORTHWELL HOSPITAL GLEN COVE,NY,Acute Care Hospitals,Voluntary non-profit - Private,5,152,26,139,1,74,6,0,0.0
330047,St Marys Healthcare,NY,Acute Care Hospitals,Voluntary non-profit - Private,3,155,27,139,1,74,8,2,25.0
330135,BON SECOURS COMMUNITY HOSPITAL,NY,Acute Care Hospitals,Voluntary non-profit - Private,2,156,28,139,1,62,5,1,20.0
330229,"BROOKS-TLC HOSPITAL SYSTEM, INC",NY,Acute Care Hospitals,Voluntary non-profit - Private,1,158,29,139,1,49,8,1,12.5
330115,ONEIDA HEALTH HOSPITAL,NY,Acute Care Hospitals,Voluntary non-profit - Private,2,159,30,139,1,68,8,2,25.0
330239,UPMC CHAUTAUQUA AT WCA,NY,Acute Care Hospitals,Voluntary non-profit - Private,2,160,31,139,1,44,9,0,0.0
330205,ST ANTHONY COMMUNITY HOSPITAL,NY,Acute Care Hospitals,Voluntary non-profit - Church,4,161,32,139,1,58,7,0,0.0
330188,MOUNT ST. MARY'S HOSPITAL & HEALTH CENTER,NY,Acute Care Hospitals,Voluntary non-profit - Private,2,163,33,139,1,32,6,2,33.3
330027,NASSAU UNIVERSITY MEDICAL CENTER,NY,Acute Care Hospitals,Government - State,1,164,34,139,1,18,6,3,50.0
330073,UNITED MEMORIAL MEDICAL CENTER,NY,Acute Care Hospitals,Voluntary non-profit - Private,2,164,34,139,1,61,8,1,12.5
330350,SUNY/DOWNSTATE UNIVERSITY HOSPITAL OF BROOKLYN,NY,Acute Care Hospitals,Government - State,1,166,36,139,2,,6,2,33.3
330204,BELLEVUE HOSPITAL CENTER,NY,Acute Care Hospitals,Government - Local,2,168,37,139,2,37,7,2,28.6
330265,CLIFTON SPRINGS HOSPITAL AND CLINIC,NY,Acute Care Hospitals,Voluntary non-profit - Private,2,168,37,139,2,57,7,1,14.3
331321,THE UNIVERSITY OF VERMONT HEALTH NETWORK-ALICE HY,NY,Critical Access Hospitals,Voluntary non-profit - Private,1,169,39,139,2,78,8,1,12.5
330196,SOUTH BROOKLYN HEALTH,NY,Acute Care Hospitals,Voluntary non-profit - Other,2,170,40,139,2,29,7,3,42.9
330175,GUTHRIE CORTLAND REGIONAL MEDICAL CENTER,NY,Acute Care Hospitals,Voluntary non-profit - Private,3,171,41,139,2,42,8,2,25.0
330199,METROPOLITAN HOSPITAL CENTER,NY,Acute Care Hospitals,Government - Local,3,172,42,139,2,35,3,0,0.0
330273,PUTNAM HOSPITAL CENTER,NY,Acute Care Hospitals,Voluntary non-profit - Private,3,172,42,139,2,61,7,0,0.0
330276,NATHAN LITTAUER HOSPITAL,NY,Acute Care Hospitals,Voluntary non-profit - Private,2,172,42,139,2,62,6,0,0.0
330304,WHITE PLAINS HOSPITAL CENTER,NY,Acute Care Hospitals,Voluntary non-profit - Private,5,174,45,139,2,71,11,2,18.2
330184,MONTEFIORE NEW ROCHELLE HOSPITAL,NY,Acute Care Hospitals,Voluntary non-profit - Private,1,179,46,139,2,50,7,2,28.6
330160,STATEN ISLAND UNIVERSITY HOSPITAL,NY,Acute Care Hospitals,Voluntary non-profit - Private,3,180,47,139,2,79,11,3,27.3
330386,GARNET HEALTH  MEDICAL CENTER CATSKILLS,NY,Acute Care Hospitals,Voluntary non-profit - Private,2,180,47,139,2,35,6,2,33.3
330119,LENOX HILL HOSPITAL,NY,Acute Care Hospitals,Voluntary non-profit - Private,5,181,49,139,2,72,11,0,0.0
330215,"ROME MEMORIAL HOSPITAL, INC",NY,Acute Care Hospitals,Voluntary non-profit - Private,2,182,50,139,2,34,6,2,33.3
330058,GENEVA GENERAL HOSPITAL,NY,Acute Care Hospitals,Voluntary non-profit - Other,2,183,51,139,2,57,7,3,42.9
330009,BRONXCARE HOSPITAL CENTER,NY,Acute Care Hospitals,Voluntary non-profit - Private,1,184,52,139,2,64,5,3,60.0
330045,NS/LIJ HS HUNTINGTON HOSPITAL,NY,Acute Care Hospitals,Voluntary non-profit - Private,5,192,53,139,2,68,8,2,25.0
330264,MONTEFIORE ST LUKE'S CORNWALL,NY,Acute Care Hospitals,Voluntary non-profit - Private,2,192,53,139,2,74,10,1,10.0
330019,"NEW YORK COMMUNITY HOSPITAL OF BROOKLYN, INC.",NY,Acute Care Hospitals,Voluntary non-profit - Private,1,193,55,139,2,44,8,3,37.5
330056,BROOKLYN HOSPITAL CENTER - DOWNTOWN CAMPUS,NY,Acute Care Hospitals,Voluntary non-profit - Other,2,193,55,139,2,50,10,2,20.0
330086,MONTEFIORE MOUNT VERNON HOSPITAL,NY,Acute Care Hospitals,Voluntary non-profit - Private,3,194,57,139,2,29,2,0,0.0
330078,SISTERS OF CHARITY HOSPITAL,NY,Acute Care Hospitals,Voluntary non-profit - Private,3,197,58,139,2,27,6,2,33.3
330136,BASSETT HEALTHCARE,NY,Acute Care Hospitals,Voluntary non-profit - Private,2,199,59,139,2,39,11,2,18.2
330049,NORTHERN DUTCHESS HOSPITAL,NY,Acute Care Hospitals,Voluntary non-profit - Private,4,200,60,139,2,51,9,0,0.0
330059,MONTEFIORE MEDICAL CENTER,NY,Acute Care Hospitals,Voluntary non-profit - Private,3,200,60,139,2,15,11,3,27.3
330006,ST JOSEPH'S MEDICAL CENTER,NY,Acute Care Hospitals,Voluntary non-profit - Private,1,202,62,139,2,73,5,2,40.0
330261,PHELPS HOSPITAL,NY,Acute Care Hospitals,Voluntary non-profit - Private,4,202,62,139,2,62,9,0,0.0
330401,ST CATHERINE OF SIENA HOSPITAL,NY,Acute Care Hospitals,Voluntary non-profit - Church,5,202,62,139,2,77,7,1,14.3
330396,WOODHULL MEDICAL & MENTAL HEALTH CENTER,NY,Acute Care Hospitals,Government - Local,2,203,65,139,2,63,3,2,66.7
330162,NORTHERN WESTCHESTER HOSPITAL,NY,Acute Care Hospitals,Voluntary non-profit - Private,5,204,66,139,2,74,10,1,10.0
330267,HUDSON VALLEY HOSPITAL CENTER,NY,Acute Care Hospitals,Voluntary non-profit - Private,5,205,67,139,2,60,10,1,10.0
330028,RICHMOND UNIVERSITY MEDICAL CENTER,NY,Acute Care Hospitals,Voluntary non-profit - Private,1,206,68,139,2,41,10,2,20.0
330030,NEWARK-WAYNE COMMUNITY HOSPITAL,NY,Acute Care Hospitals,Voluntary non-profit - Private,2,206,68,139,2,57,6,2,33.3
330194,MAIMONIDES MEDICAL CENTER,NY,Acute Care Hospitals,Voluntary non-profit - Private,2,206,68,139,2,57,11,4,36.4
330214,NYU LANGONE HOSPITALS,NY,Acute Care Hospitals,Voluntary non-profit - Private,5,206,68,139,3,81,11,2,18.2
330277,CORNING HOSPITAL,NY,Acute Care Hospitals,Voluntary non-profit - Private,3,209,72,139,3,40,8,2,25.0
330332,CHSLI ST JOSEPH HOSPITAL,NY,Acute Care Hospitals,Voluntary non-profit - Private,3,209,72,139,3,83,8,2,25.0
330090,ARNOT OGDEN MEDICAL CENTER,NY,Acute Care Hospitals,Voluntary non-profit - Private,2,212,74,139,3,50,10,2,20.0
330238,NICHOLAS H NOYES MEMORIAL HOSPITAL,NY,Acute Care Hospitals,Voluntary non-profit - Private,3,212,74,139,3,52,6,1,16.7
330218,OSWEGO HOSPITAL,NY,Acute Care Hospitals,Voluntary non-profit - Private,3,214,76,139,3,49,6,1,16.7
330044,WYNN HOSPITAL,NY,Acute Care Hospitals,Voluntary non-profit - Private,1,215,77,139,3,51,9,3,33.3
330107,PECONIC BAY MEDICAL CENTER,NY,Acute Care Hospitals,Voluntary non-profit - Other,2,216,78,139,3,78,8,3,37.5
330127,JACOBI MEDICAL CENTER,NY,Acute Care Hospitals,Government - Local,2,217,79,139,3,40,6,2,33.3
330193,FLUSHING HOSPITAL MEDICAL CENTER,NY,Acute Care Hospitals,Voluntary non-profit - Private,2,217,79,139,3,88,6,1,16.7
330208,ST JOHN'S RIVERSIDE HOSPITAL,NY,Acute Care Hospitals,Voluntary non-profit - Private,3,217,79,139,3,70,9,2,22.2
330182,ST FRANCIS HOSPITAL - THE HEART CENTER,NY,Acute Care Hospitals,Voluntary non-profit - Church,5,220,82,139,3,95,11,4,36.4
330221,WYCKOFF HEIGHTS MEDICAL CENTER,NY,Acute Care Hospitals,Voluntary non-profit - Private,2,220,82,139,3,72,5,1,20.0
330005,KALEIDA HEALTH,NY,Acute Care Hospitals,Voluntary non-profit - Private,3,221,84,139,3,47,11,2,18.2
330198,MOUNT SINAI SOUTH NASSAU,NY,Acute Care Hospitals,Voluntary non-profit - Private,3,221,84,139,3,83,10,2,20.0
330158,GOOD SAMARITAN HOSPITAL OF SUFFERN,NY,Acute Care Hospitals,Voluntary non-profit - Private,3,222,86,139,3,43,11,4,36.4
330235,AUBURN  COMMUNITY  HOSPITAL,NY,Acute Care Hospitals,Voluntary non-profit - Private,2,223,87,139,3,48,9,2,22.2
330393,SUNY/STONY BROOK UNIVERSITY HOSPITAL,NY,Acute Care Hospitals,Government - State,5,225,88,139,3,63,11,2,18.2
330074,F F THOMPSON HOSPITAL,NY,Acute Care Hospitals,Voluntary non-profit - Private,2,226,89,139,3,62,6,2,33.3
330169,MOUNT SINAI BETH ISRAEL,NY,Acute Care Hospitals,Voluntary non-profit - Private,3,227,90,139,3,60,9,4,44.4
330203,CROUSE HOSPITAL,NY,Acute Care Hospitals,Voluntary non-profit - Private,2,227,90,139,3,45,8,2,25.0
330140,ST JOSEPH'S HOSPITAL HEALTH CENTER,NY,Acute Care Hospitals,Voluntary non-profit - Church,2,228,92,139,3,49,9,4,44.4
330233,BROOKDALE HOSPITAL MEDICAL CENTER,NY,Acute Care Hospitals,Voluntary non-profit - Private,1,228,92,139,3,65,6,1,16.7
330395,ST JOHN'S EPISCOPAL HOSPITAL AT SOUTH SHORE,NY,Acute Care Hospitals,Voluntary non-profit - Private,1,229,94,139,3,57,5,3,60.0
330102,KENMORE MERCY HOSPITAL,NY,Acute Care Hospitals,Voluntary non-profit - Private,3,230,95,139,3,29,6,1,16.7
330224,HEALTHALLIANCE HOSPITAL MARYS AVENUE CAMPUS,NY,Acute Care Hospitals,Voluntary non-profit - Private,1,230,95,139,3,79,10,2,20.0
330250,THE UNIVERSITY OF VERMONT HEALTH NETWORK  - CHAMPL,NY,Acute Care Hospitals,Voluntary non-profit - Private,2,230,95,139,3,50,10,2,20.0
330153,ELLIS HOSPITAL,NY,Acute Care Hospitals,Voluntary non-profit - Private,3,232,98,139,3,62,10,1,10.0
330246,ST CHARLES HOSPITAL,NY,Acute Care Hospitals,Voluntary non-profit - Church,5,232,98,139,3,90,7,0,0.0
330094,COLUMBIA MEMORIAL HOSPITAL,NY,Acute Care Hospitals,Voluntary non-profit - Private,1,234,100,139,3,56,9,2,22.2
330394,"UNITED HEALTH SERVICES HOSPITALS, INC",NY,Acute Care Hospitals,Voluntary non-profit - Private,2,234,100,139,3,63,11,4,36.4
330101,NEW YORK-PRESBYTERIAN HOSPITAL,NY,Acute Care Hospitals,Voluntary non-profit - Private,5,235,102,139,3,43,11,2,18.2
330065,NIAGARA FALLS MEMORIAL MEDICAL CENTER,NY,Acute Care Hospitals,Voluntary non-profit - Private,1,236,103,139,3,45,8,1,12.5
330259,MERCY MEDICAL CENTER,NY,Acute Care Hospitals,Voluntary non-profit - Church,5,236,103,139,3,91,9,1,11.1
330286,GOOD SAMARITAN HOSPITAL MEDICAL CENTER,NY,Acute Care Hospitals,Voluntary non-profit - Private,3,236,103,139,3,91,11,3,27.3
330014,JAMAICA HOSPITAL MEDICAL CENTER,NY,Acute Care Hospitals,Voluntary non-profit - Private,1,237,106,139,4,87,7,2,28.6
330125,ROCHESTER GENERAL HOSPITAL,NY,Acute Care Hospitals,Voluntary non-profit - Private,2,237,106,139,4,40,11,3,27.3
330011,"OUR LADY OF LOURDES MEMORIAL HOSPITAL, INC",NY,Acute Care Hospitals,Voluntary non-profit - Private,3,240,108,139,4,50,9,2,22.2
330024,MOUNT SINAI HOSPITAL,NY,Acute Care Hospitals,Voluntary non-profit - Private,4,240,108,139,4,47,11,2,18.2
330285,STRONG MEMORIAL HOSPITAL,NY,Acute Care Hospitals,Voluntary non-profit - Private,3,240,108,139,4,42,10,2,20.0
330331,PLAINVIEW HOSPITAL,NY,Acute Care Hospitals,Voluntary non-profit - Private,4,241,111,139,4,61,8,0,0.0
330234,WESTCHESTER MEDICAL CENTER,NY,Acute Care Hospitals,Voluntary non-profit - Other,2,242,112,139,4,68,11,3,27.3
330180,"SAMARITAN HOSPITAL OF TROY, NEW YORK",NY,Acute Care Hospitals,Voluntary non-profit - Private,3,243,113,139,4,77,9,0,0.0
330185,JOHN T MATHER MEMORIAL HOSPITAL  OF PORT JEFFERSON,NY,Acute Care Hospitals,Voluntary non-profit - Private,5,245,114,139,4,74,8,0,0.0
330104,NYACK HOSPITAL,NY,Acute Care Hospitals,Voluntary non-profit - Private,2,246,115,139,4,66,10,2,20.0
330231,QUEENS HOSPITAL CENTER,NY,Acute Care Hospitals,Voluntary non-profit - Other,2,246,115,139,4,22,4,1,25.0
330080,LINCOLN MEDICAL & MENTAL HEALTH CENTER,NY,Acute Care Hospitals,Government - Local,2,248,117,139,4,34,4,1,25.0
330013,ALBANY MEDICAL CENTER HOSPITAL,NY,Acute Care Hospitals,Voluntary non-profit - Private,1,250,118,139,4,47,11,0,0.0
330106,NORTH SHORE UNIVERSITY HOSPITAL,NY,Acute Care Hospitals,Voluntary non-profit - Private,5,251,119,139,4,65,11,4,36.4
330126,GARNET HEALTH MEDICAL CENTER,NY,Acute Care Hospitals,Voluntary non-profit - Private,4,255,120,139,4,44,11,2,18.2
330191,GLENS FALLS HOSPITAL,NY,Acute Care Hospitals,Voluntary non-profit - Private,3,255,120,139,4,59,9,1,11.1
330195,LONG ISLAND JEWISH MEDICAL CENTER,NY,Acute Care Hospitals,Voluntary non-profit - Private,4,255,120,139,4,60,10,3,30.0
330128,ELMHURST HOSPITAL CENTER,NY,Acute Care Hospitals,Government - Local,2,256,123,139,4,24,5,0,0.0
330307,CAYUGA MEDICAL CENTER AT ITHACA,NY,Acute Care Hospitals,Voluntary non-profit - Private,3,256,123,139,4,34,10,1,10.0
330157,SAMARITAN MEDICAL CENTER,NY,Acute Care Hospitals,Voluntary non-profit - Private,2,260,125,139,4,80,8,1,12.5
330202,KINGS COUNTY HOSPITAL CENTER,NY,Acute Care Hospitals,Government - Local,1,260,125,139,4,45,4,1,25.0
330141,LONG ISLAND COMMUNITY HOSPITAL,NY,Acute Care Hospitals,Voluntary non-profit - Private,4,261,127,139,4,74,8,1,12.5
330043,NS/LIJ HS SOUTHSIDE HOSPITAL,NY,Acute Care Hospitals,Voluntary non-profit - Private,3,269,128,139,4,67,11,3,27.3
330046,MOUNT SINAI WEST,NY,Acute Care Hospitals,Voluntary non-profit - Church,4,278,129,139,4,61,11,3,27.3
330055,NEW YORK-PRESBYTERIAN/QUEENS,NY,Acute Care Hospitals,Voluntary non-profit - Private,5,280,130,139,4,93,10,0,0.0
330241,UNIVERSITY HOSPITAL S U N Y HEALTH SCIENCE CENTER,NY,Acute Care Hospitals,Government - State,3,284,131,139,4,57,11,2,18.2
330226,UNITY HOSPITAL,NY,Acute Care Hospitals,Voluntary non-profit - Private,2,294,132,139,4,29,10,3,30.0
330023,VASSAR BROTHERS MEDICAL CENTER,NY,Acute Care Hospitals,Voluntary non-profit - Private,3,298,133,139,4,37,10,2,20.0
330222,SARATOGA HOSPITAL,NY,Acute Care Hospitals,Voluntary non-profit - Private,3,303,134,139,4,79,10,2,20.0
330279,MERCY HOSPITAL OF BUFFALO,NY,Acute Care Hospitals,Voluntary non-profit - Private,2,309,135,139,4,38,8,2,25.0
330164,HIGHLAND HOSPITAL,NY,Acute Care Hospitals,Voluntary non-profit - Private,3,312,136,139,4,52,9,2,22.2
330399,ST BARNABAS HOSPITAL,NY,Acute Care Hospitals,Voluntary non-profit - Private,1,312,136,139,4,34,4,2,50.0
330219,ERIE COUNTY MEDICAL CENTER,NY,Acute Care Hospitals,Voluntary non-profit - Private,2,346,138,139,4,72,9,3,33.3
330057,ST PETER'S HOSPITAL,NY,Acute Care Hospitals,Voluntary non-profit - Private,2,374,139,139,4,49,11,3,27.3
361300,PAULDING COUNTY HOSPITAL,OH,Critical Access Hospitals,Government - Local,Not Available,77,1,139,1,,3,0,0.0
361311,HARRISON COMMUNITY HOSPITAL,OH,Critical Access Hospitals,Voluntary non-profit - Private,Not Available,84,2,139,1,,2,0,0.0
361334,ADENA PIKE MEDICAL CENTER,OH,Critical Access Hospitals,Voluntary non-profit - Private,Not Available,90,3,139,1,,3,0,0.0
361327,COMMUNITY HOSPITALS AND WELLNESS CENTERS,OH,Critical Access Hospitals,Voluntary non-profit - Private,Not Available,91,4,139,1,,,,
361310,MERCY HEALTH - WILLARD HOSPITAL,OH,Critical Access Hospitals,Voluntary non-profit - Private,Not Available,94,5,139,1,,4,0,0.0
36006F,88th Medical Group (Wright-Patterson AFB),OH,Acute Care - Department of Defense,Department of Defense,Not Available,100,6,139,1,,,,
361306,MERCY ALLEN HOSPITAL,OH,Critical Access Hospitals,Voluntary non-profit - Private,5,100,6,139,1,,4,0,0.0
361309,"HENRY COUNTY HOSPITAL, INC",OH,Critical Access Hospitals,Voluntary non-profit - Private,2,105,8,139,1,,5,1,20.0
360358,DILEY RIDGE MEDICAL CENTER,OH,Acute Care Hospitals,Voluntary non-profit - Private,Not Available,107,9,139,1,,,,
360266,MOUNT CARMEL NEW ALBANY SURGICAL HOSPITAL,OH,Acute Care Hospitals,Proprietary,Not Available,109,10,139,1,,3,0,0.0
361304,GREENFIELD AREA MEDICAL CENTER,OH,Critical Access Hospitals,Voluntary non-profit - Private,Not Available,109,10,139,1,,1,0,0.0
361316,BUCYRUS COMMUNITY HOSPITAL,OH,Critical Access Hospitals,Voluntary non-profit - Other,Not Available,110,12,139,1,,4,0,0.0
361312,MERCY HEALTH - URBANA HOSPITAL,OH,Critical Access Hospitals,Voluntary non-profit - Private,4,112,13,139,1,68,4,1,25.0
361321,"BARNESVILLE HOSPITAL ASSOCIATION, INC",OH,Critical Access Hospitals,Voluntary non-profit - Private,Not Available,113,14,139,1,,3,0,0.0
360026,KETTERING HEALTH GREENE MEMORIAL,OH,Acute Care Hospitals,Voluntary non-profit - Private,5,114,15,139,1,,3,1,33.3
360239,KETTERING HEALTH MIAMISBURG,OH,Acute Care Hospitals,Voluntary non-profit - Church,4,115,16,139,1,84,6,1,16.7
361319,SELBY GENERAL HOSPITAL,OH,Critical Access Hospitals,Voluntary non-profit - Private,Not Available,115,16,139,1,,3,1,33.3
361323,AULTMAN ORRVILLE HOSPITAL,OH,Critical Access Hospitals,Voluntary non-profit - Private,Not Available,115,16,139,1,,5,1,20.0
360058,MERCER COUNTY JOINT TOWNSHIP COMMUNITY HOSPITAL,OH,Acute Care Hospitals,Government - Hospital District or Authority,3,116,19,139,1,62,6,0,0.0
360132,FORT HAMILTON HUGHES MEMORIAL HOSPITAL,OH,Acute Care Hospitals,Voluntary non-profit - Private,3,118,20,139,1,71,9,1,11.1
361332,HIGHLAND DISTRICT HOSPITAL,OH,Critical Access Hospitals,Government - Hospital District or Authority,3,119,21,139,1,,6,1,16.7
360270,MERCY HEALTH - DEFIANCE HOSPITAL,OH,Acute Care Hospitals,Proprietary,4,122,22,139,1,,8,1,12.5
360121,COMMUNITY HOSPITALS AND WELLNESS CENTERS,OH,Acute Care Hospitals,Voluntary non-profit - Other,3,123,23,139,1,57,9,2,22.2
361322,BLUFFTON HOSPITAL,OH,Critical Access Hospitals,Voluntary non-profit - Private,Not Available,126,24,139,1,,1,0,0.0
360065,FISHER-TITUS HOSPITAL,OH,Acute Care Hospitals,Voluntary non-profit - Private,4,127,25,139,1,73,9,1,11.1
360089,MERCY HEALTH - TIFFIN HOSPITAL,OH,Acute Care Hospitals,Voluntary non-profit - Church,3,127,25,139,1,63,8,1,12.5
360107,BELLEVUE HOSPITAL,OH,Acute Care Hospitals,Voluntary non-profit - Other,4,127,25,139,1,42,6,0,0.0
360118,OHIOHEALTH MANSFIELD HOSPITAL,OH,Acute Care Hospitals,Voluntary non-profit - Private,3,127,25,139,1,46,10,2,20.0
360189,MADISON HEALTH,OH,Acute Care Hospitals,Voluntary non-profit - Private,3,127,25,139,1,16,5,0,0.0
360259,BAY PARK COMMUNITY HOSPITAL,OH,Acute Care Hospitals,Voluntary non-profit - Other,3,128,30,139,1,76,8,2,25.0
361303,LODI COMMUNITY HOSPITAL,OH,Critical Access Hospitals,Voluntary non-profit - Private,Not Available,128,30,139,1,,1,0,0.0
361331,ADENA FAYETTE MEDICAL CENTER,OH,Critical Access Hospitals,Government - Local,3,128,30,139,1,54,5,1,20.0
360156,MEMORIAL HOSPITAL,OH,Acute Care Hospitals,Voluntary non-profit - Other,4,129,33,139,1,72,8,0,0.0
360360,SOIN MEDICAL CENTER,OH,Acute Care Hospitals,Voluntary non-profit - Private,4,130,34,139,1,70,7,2,28.6
360368,KETTERING HEALTH TROY,OH,Acute Care Hospitals,Voluntary non-profit - Private,5,130,34,139,1,70,6,0,0.0
361325,GALION COMMUNITY HOSPITAL,OH,Critical Access Hospitals,Voluntary non-profit - Church,3,130,34,139,2,,6,1,16.7
361335,WAYNE HOSPITAL,OH,Critical Access Hospitals,Voluntary non-profit - Private,Not Available,130,34,139,2,67,,,
360374,MERCY HEALTH KINGS MILLS HOSPITAL LLC,OH,Acute Care Hospitals,Voluntary non-profit - Private,Not Available,131,38,139,2,72,1,0,0.0
360046,MCCULLOUGH-HYDE MEMORIAL HOSPITAL,OH,Acute Care Hospitals,Voluntary non-profit - Private,3,132,39,139,2,65,7,1,14.3
361308,UNIVERSITY HOSPITALS CONNEAUT MEDICAL CENTER,OH,Critical Access Hospitals,Voluntary non-profit - Other,4,132,39,139,2,,5,1,20.0
361329,WYANDOT MEMORIAL HOSPITAL,OH,Critical Access Hospitals,Government - Hospital District or Authority,5,132,39,139,2,42,8,0,0.0
360080,EAST OHIO REGIONAL HOSPITAL,OH,Acute Care Hospitals,Voluntary non-profit - Other,2,134,42,139,2,27,5,2,40.0
360133,KETTERING HEALTH DAYTON,OH,Acute Care Hospitals,Voluntary non-profit - Other,4,135,43,139,2,73,11,1,9.1
360234,MERCY HEALTH - WEST HOSPITAL,OH,Acute Care Hospitals,Voluntary non-profit - Private,4,136,44,139,2,61,8,1,12.5
360367,LAKE HEALTH BEACHWOOD MEDICAL CENTER,OH,Acute Care Hospitals,Proprietary,Not Available,136,44,139,2,,2,0,0.0
361333,FULTON COUNTY HEALTH CENTER,OH,Critical Access Hospitals,Voluntary non-profit - Private,3,137,46,139,2,,8,1,12.5
360016,THE JEWISH HOSPITAL-MERCY HEALTH,OH,Acute Care Hospitals,Voluntary non-profit - Private,4,138,47,139,2,65,9,2,22.2
360096,EAST LIVERPOOL CITY HOSPITAL,OH,Acute Care Hospitals,Voluntary non-profit - Private,3,138,47,139,2,68,5,0,0.0
360365,AVITA ONTARIO,OH,Acute Care Hospitals,Voluntary non-profit - Private,4,138,47,139,2,51,6,1,16.7
360002,UNIVERSITY HOSPITALS SAMARITAN MEDICAL CENTER,OH,Acute Care Hospitals,Voluntary non-profit - Other,4,139,50,139,2,50,8,1,12.5
360086,SPRINGFIELD REGIONAL MEDICAL CENTER,OH,Acute Care Hospitals,Voluntary non-profit - Private,4,139,50,139,2,53,10,1,10.0
360236,MERCY HEALTH - CLERMONT HOSPITAL,OH,Acute Care Hospitals,Voluntary non-profit - Church,4,142,52,139,2,67,6,0,0.0
361320,HOLZER MEDICAL CENTER JACKSON,OH,Critical Access Hospitals,Voluntary non-profit - Private,3,142,52,139,2,74,3,0,0.0
360079,KETTERING HEALTH MAIN CAMPUS,OH,Acute Care Hospitals,Voluntary non-profit - Church,3,144,54,139,2,65,8,1,12.5
360035,MOUNT CARMEL EAST & WEST,OH,Acute Care Hospitals,Voluntary non-profit - Private,2,145,55,139,2,65,11,2,18.2
360054,HOLZER MEDICAL CENTER,OH,Acute Care Hospitals,Voluntary non-profit - Private,4,147,56,139,2,72,9,1,11.1
360071,VAN WERT COUNTY HOSPITAL,OH,Acute Care Hospitals,Voluntary non-profit - Private,5,148,57,139,2,61,6,0,0.0
360147,MARIETTA MEMORIAL HOSPITAL,OH,Acute Care Hospitals,Voluntary non-profit - Other,3,148,57,139,2,77,9,1,11.1
361314,MAGRUDER HOSPITAL,OH,Critical Access Hospitals,Voluntary non-profit - Private,3,148,57,139,2,,8,2,25.0
360032,GRAND LAKE HEALTH SYSTEM,OH,Acute Care Hospitals,Voluntary non-profit - Private,4,149,60,139,2,,6,0,0.0
360109,COSHOCTON REGIONAL MEDICAL CENTER,OH,Acute Care Hospitals,Voluntary non-profit - Private,4,149,60,139,2,61,4,0,0.0
360087,LUTHERAN HOSPITAL,OH,Acute Care Hospitals,Voluntary non-profit - Private,3,150,62,139,2,68,5,2,40.0
360013,WILSON MEMORIAL HOSPITAL,OH,Acute Care Hospitals,Voluntary non-profit - Private,2,151,63,139,2,54,6,1,16.7
360072,FAIRFIELD MEDICAL CENTER,OH,Acute Care Hospitals,Voluntary non-profit - Other,2,151,63,139,2,70,11,2,18.2
360179,BETHESDA NORTH,OH,Acute Care Hospitals,Voluntary non-profit - Church,3,151,63,139,2,52,9,2,22.2
360361,KINGS DAUGHTERS MEDICAL CENTER OHIO,OH,Acute Care Hospitals,Voluntary non-profit - Private,Not Available,151,63,139,2,,2,0,0.0
360059,METROHEALTH SYSTEM,OH,Acute Care Hospitals,Voluntary non-profit - Other,3,152,67,139,2,40,9,3,33.3
360112,MERCY ST VINCENT MEDICAL CENTER,OH,Acute Care Hospitals,Voluntary non-profit - Church,3,152,67,139,2,52,11,2,18.2
360009,LIMA MEMORIAL HEALTH SYSTEM,OH,Acute Care Hospitals,Voluntary non-profit - Other,3,153,69,139,2,70,10,3,30.0
360172,MERCY REGIONAL MEDICAL CENTER,OH,Acute Care Hospitals,Voluntary non-profit - Private,2,153,69,139,2,63,8,1,12.5
360001,MERCY HEALTH-ANDERSON HOSPITAL,OH,Acute Care Hospitals,Voluntary non-profit - Private,4,156,71,139,3,71,9,1,11.1
360092,MEMORIAL HOSPITAL,OH,Acute Care Hospitals,Government - Local,5,157,72,139,3,66,8,1,12.5
360134,GOOD SAMARITAN HOSPITAL,OH,Acute Care Hospitals,Voluntary non-profit - Private,4,157,72,139,3,52,10,0,0.0
360210,GRADY MEMORIAL HOSPITAL,OH,Acute Care Hospitals,Voluntary non-profit - Private,4,157,72,139,3,69,8,0,0.0
360017,GRANT MEDICAL CENTER,OH,Acute Care Hospitals,Voluntary non-profit - Church,2,158,75,139,3,47,11,2,18.2
360082,EUCLID HOSPITAL,OH,Acute Care Hospitals,Voluntary non-profit - Other,4,158,75,139,3,70,7,2,28.6
360174,UPPER VALLEY MEDICAL CENTER,OH,Acute Care Hospitals,Voluntary non-profit - Private,4,158,75,139,3,78,7,2,28.6
360076,ATRIUM MEDICAL CENTER,OH,Acute Care Hospitals,Voluntary non-profit - Private,4,160,78,139,3,78,7,1,14.3
360150,SUMMA WESTERN RESERVE HOSPITAL,OH,Acute Care Hospitals,Voluntary non-profit - Other,3,160,78,139,3,70,6,1,16.7
360175,TRIHEALTH CLINTON REGIONAL HOSPITAL,OH,Acute Care Hospitals,Government - Local,2,160,78,139,3,79,8,2,25.0
360029,WOOD COUNTY HOSPITAL,OH,Acute Care Hospitals,Voluntary non-profit - Private,4,161,81,139,3,72,9,0,0.0
360051,MIAMI VALLEY HOSPITAL,OH,Acute Care Hospitals,Voluntary non-profit - Private,3,161,81,139,3,70,11,3,27.3
360163,CHRIST HOSPITAL,OH,Acute Care Hospitals,Voluntary non-profit - Private,5,163,83,139,3,65,11,1,9.1
360056,MERCY HEALTH - FAIRFIELD HOSPITAL,OH,Acute Care Hospitals,Voluntary non-profit - Private,3,164,84,139,3,70,9,1,11.1
360098,LAKE HEALTH,OH,Acute Care Hospitals,Voluntary non-profit - Private,3,165,85,139,3,58,11,3,27.3
360066,MERCY HEALTH ST RITAS MEDICAL CENTER,OH,Acute Care Hospitals,Voluntary non-profit - Private,4,166,86,139,3,55,11,2,18.2
360131,ALLIANCE COMMUNITY HOSPITAL,OH,Acute Care Hospitals,Voluntary non-profit - Private,4,167,87,139,3,,6,0,0.0
360027,AKRON GENERAL MEDICAL CENTER,OH,Acute Care Hospitals,Voluntary non-profit - Private,5,169,88,139,3,46,11,0,0.0
360036,WOOSTER COMMUNITY HOSPITAL,OH,Acute Care Hospitals,Government - Local,4,170,89,139,3,65,10,0,0.0
360197,MARY RUTAN HOSPITAL,OH,Acute Care Hospitals,Voluntary non-profit - Private,4,170,89,139,3,74,6,0,0.0
360144,SOUTH POINTE HOSPITAL,OH,Acute Care Hospitals,Voluntary non-profit - Other,5,173,91,139,3,67,8,2,25.0
360025,FIRELANDS REGIONAL MEDICAL CENTER,OH,Acute Care Hospitals,Voluntary non-profit - Private,4,174,92,139,3,74,9,0,0.0
360152,DOCTORS HOSPITAL,OH,Acute Care Hospitals,Voluntary non-profit - Church,4,174,92,139,3,72,9,0,0.0
360012,MOUNT CARMEL ST ANN'S,OH,Acute Care Hospitals,Voluntary non-profit - Private,3,175,94,139,3,70,8,1,12.5
360203,SOUTHEASTERN OHIO REGIONAL MEDICAL CENTER,OH,Acute Care Hospitals,Voluntary non-profit - Private,4,178,95,139,3,60,8,0,0.0
360068,PROMEDICA TOLEDO HOSPITAL,OH,Acute Care Hospitals,Voluntary non-profit - Private,4,179,96,139,3,54,11,0,0.0
360091,MEDINA HOSPITAL,OH,Acute Care Hospitals,Voluntary non-profit - Private,5,180,97,139,3,56,7,0,0.0
360095,BLANCHARD VALLEY HOSPITAL,OH,Acute Care Hospitals,Voluntary non-profit - Other,3,180,97,139,3,60,11,1,9.1
360148,POMERENE HOSPITAL,OH,Acute Care Hospitals,Voluntary non-profit - Private,3,182,99,139,3,65,5,0,0.0
361326,ADAMS COUNTY REGIONAL MEDICAL CENTER,OH,Critical Access Hospitals,Government - Local,3,182,99,139,3,,5,0,0.0
360048,UNIVERSITY OF TOLEDO MEDICAL CENTER,OH,Acute Care Hospitals,Government - State,3,183,101,139,3,73,10,0,0.0
360145,UNIVERSITY HOSPITALS - ELYRIA MEDICAL CENTER,OH,Acute Care Hospitals,Voluntary non-profit - Private,4,184,102,139,3,71,9,1,11.1
360161,MH ST JOSEPH WARREN HOSPITAL,OH,Acute Care Hospitals,Voluntary non-profit - Private,3,189,103,139,3,36,9,0,0.0
361307,UHHS MEMORIAL HOSPITAL OF GENEVA,OH,Critical Access Hospitals,Voluntary non-profit - Private,4,189,103,139,3,57,6,1,16.7
360011,MARION GENERAL HOSPITAL,OH,Acute Care Hospitals,Voluntary non-profit - Private,4,190,105,139,3,59,9,3,33.3
360218,LICKING MEMORIAL HOSPITAL,OH,Acute Care Hospitals,Voluntary non-profit - Private,2,190,105,139,4,84,10,2,20.0
360075,UH REGIONAL HOSPITALS,OH,Acute Care Hospitals,Proprietary,4,191,107,139,4,54,9,0,0.0
360125,ASHTABULA COUNTY MEDICAL CENTER,OH,Acute Care Hospitals,Voluntary non-profit - Private,3,191,107,139,4,47,9,4,44.4
360143,MARYMOUNT HOSPITAL,OH,Acute Care Hospitals,Voluntary non-profit - Private,5,193,109,139,4,58,7,1,14.3
360020,SUMMA HEALTH SYSTEM,OH,Acute Care Hospitals,Voluntary non-profit - Private,3,194,110,139,4,82,11,2,18.2
360180,CLEVELAND CLINIC,OH,Acute Care Hospitals,Voluntary non-profit - Private,4,195,111,139,4,65,11,3,27.3
360159,ADENA REGIONAL MEDICAL CENTER,OH,Acute Care Hospitals,Voluntary non-profit - Private,3,196,112,139,4,50,11,1,9.1
360170,BERGER HOSPITAL,OH,Acute Care Hospitals,Government - Local,3,196,112,139,4,54,8,1,12.5
360064,MH ST ELIZABETH YOUNGSTOWN HOSPITAL,OH,Acute Care Hospitals,Voluntary non-profit - Church,3,199,114,139,4,41,10,2,20.0
360155,SOUTHWEST GENERAL HEALTH CENTER,OH,Acute Care Hospitals,Voluntary non-profit - Private,4,199,114,139,4,89,10,1,10.0
360040,KNOX COMMUNITY HOSPITAL,OH,Acute Care Hospitals,Voluntary non-profit - Other,3,200,116,139,4,60,9,0,0.0
360230,HILLCREST HOSPITAL,OH,Acute Care Hospitals,Voluntary non-profit - Private,5,200,116,139,4,58,11,1,9.1
360010,UNION HOSPITAL,OH,Acute Care Hospitals,Voluntary non-profit - Other,3,202,118,139,4,57,8,0,0.0
360039,GENESIS HOSPITAL,OH,Acute Care Hospitals,Voluntary non-profit - Private,5,203,119,139,4,63,10,0,0.0
360014,OHIOHEALTH O'BLENESS HOSPITAL,OH,Acute Care Hospitals,Voluntary non-profit - Other,3,204,120,139,4,74,8,0,0.0
360084,AULTMAN HOSPITAL,OH,Acute Care Hospitals,Voluntary non-profit - Other,4,204,120,139,4,77,10,0,0.0
360211,TRINITY MEDICAL CTR EAST &TRINITY MEDICAL CTR WEST,OH,Acute Care Hospitals,Voluntary non-profit - Other,2,205,122,139,4,63,11,4,36.4
360055,INSIGHT HOSPITAL AND MEDICAL CENTER TRUMBULL,OH,Acute Care Hospitals,Proprietary,2,207,123,139,4,62,7,2,28.6
360008,SOUTHERN OHIO MEDICAL CENTER,OH,Acute Care Hospitals,Voluntary non-profit - Other,4,218,124,139,4,77,11,0,0.0
360354,WEST CHESTER HOSPITAL,OH,Acute Care Hospitals,Voluntary non-profit - Private,3,218,124,139,4,60,10,3,30.0
360006,RIVERSIDE METHODIST HOSPITAL,OH,Acute Care Hospitals,Voluntary non-profit - Private,4,222,126,139,4,45,11,0,0.0
360123,UH ST JOHN MEDICAL CENTER,OH,Acute Care Hospitals,Voluntary non-profit - Private,4,222,126,139,4,65,10,0,0.0
360078,UNIVERSITY HOSPITALS PORTAGE MEDICAL CENTER,OH,Acute Care Hospitals,Voluntary non-profit - Private,3,223,128,139,4,76,9,3,33.3
360185,SALEM REGIONAL MEDICAL CENTER,OH,Acute Care Hospitals,Voluntary non-profit - Private,3,223,128,139,4,61,8,0,0.0
360041,PARMA COMMUNITY GENERAL HOSPITAL,OH,Acute Care Hospitals,Voluntary non-profit - Private,4,225,130,139,4,50,10,2,20.0
360348,DUBLIN METHODIST HOSPITAL,OH,Acute Care Hospitals,Voluntary non-profit - Private,4,226,131,139,4,57,6,0,0.0
360077,FAIRVIEW HOSPITAL,OH,Acute Care Hospitals,Voluntary non-profit - Private,5,241,132,139,4,65,11,1,9.1
360137,UH CLEVELAND MEDICAL CENTER,OH,Acute Care Hospitals,Voluntary non-profit - Private,3,245,133,139,4,57,11,3,27.3
360359,UNIVERSITY HOSPITALS AHUJA MEDICAL CENTER,OH,Acute Care Hospitals,Voluntary non-profit - Private,3,247,134,139,4,54,9,3,33.3
360364,CLEVELAND CLINIC AVON HOSPITAL,OH,Acute Care Hospitals,Voluntary non-profit - Private,5,254,135,139,4,63,7,0,0.0
360070,MERCY MEDICAL CENTER,OH,Acute Care Hospitals,Voluntary non-profit - Private,3,265,136,139,4,71,11,1,9.1
360276,HMHP ST ELIZABETH BOARDMAN HEALTH CENTER,OH,Acute Care Hospitals,Voluntary non-profit - Church,2,272,137,139,4,51,8,3,37.5
360003,"UNIVERSITY OF CINCINNATI MEDICAL CENTER, LLC",OH,Acute Care Hospitals,Voluntary non-profit - Private,3,276,138,139,4,50,11,2,18.2
360085,OHIO STATE UNIVERSITY STATE HEALTH SYSTEM,OH,Acute Care Hospitals,Government - State,3,312,139,139,4,51,11,0,0.0
370240,INTEGRIS COMMUNITY HOSPITAL - COUNCIL CROSSING,OK,Acute Care Hospitals,Proprietary,Not Available,62,1,98,1,,2,0,0.0
370222,MCBRIDE ORTHOPEDIC HOSPITAL,OK,Acute Care Hospitals,Physician,Not Available,63,2,98,1,,3,1,33.3
371304,MERCY HOSPITAL TISHOMINGO INC,OK,Critical Access Hospitals,Voluntary non-profit - Church,Not Available,67,3,98,1,,,,
371317,MERCY HOSPITAL LOGAN COUNTY,OK,Critical Access Hospitals,Voluntary non-profit - Private,Not Available,68,4,98,1,,1,0,0.0
370158,PURCELL MUNICIPAL HOSPITAL,OK,Acute Care Hospitals,Government - Local,3,69,5,98,1,,4,0,0.0
371310,"MERCY HOSPITAL HEALDTON, INC.",OK,Critical Access Hospitals,Voluntary non-profit - Private,Not Available,69,5,98,1,,1,0,0.0
371334,CARNEGIE TRI-COUNTY MUNICIPAL HOSPITAL,OK,Critical Access Hospitals,Government - Hospital District or Authority,Not Available,73,7,98,1,,2,0,0.0
371330,MANGUM REGIONAL MEDICAL CENTER,OK,Critical Access Hospitals,Government - Hospital District or Authority,Not Available,74,8,98,1,,2,0,0.0
371313,"MERCY HOSPITAL KINGFISHER, INC",OK,Critical Access Hospitals,Voluntary non-profit - Private,Not Available,75,9,98,1,,2,0,0.0
371326,ALLIANCEHEALTH MADILL,OK,Critical Access Hospitals,Voluntary non-profit - Other,Not Available,76,10,98,1,,2,0,0.0
371320,CLEVELAND AREA HOSPITAL,OK,Critical Access Hospitals,Government - Hospital District or Authority,Not Available,79,11,98,1,,,,
370246,CARRUS LAKESIDE HOSPITAL,OK,Acute Care Hospitals,Proprietary,Not Available,82,12,98,1,,,,
371311,JEFFERSON COUNTY HOSPITAL,OK,Critical Access Hospitals,Voluntary non-profit - Private,Not Available,82,12,98,1,,,,
370203,"COMMUNITY HOSPITAL, LLC",OK,Acute Care Hospitals,Physician,4,84,14,98,1,,4,0,0.0
371314,THE PHYSICIANS' HOSPITAL IN ANADARKO,OK,Critical Access Hospitals,Proprietary,Not Available,84,14,98,1,,1,0,0.0
371342,MCCURTAIN MEMORIAL HOSPITAL,OK,Critical Access Hospitals,Voluntary non-profit - Private,4,84,14,98,1,,4,0,0.0
370019,GREAT PLAINS REGIONAL MEDICAL CENTER,OK,Acute Care Hospitals,Voluntary non-profit - Private,2,87,17,98,1,59,6,0,0.0
370004,INTEGRIS MIAMI HOSPITAL,OK,Acute Care Hospitals,Voluntary non-profit - Other,4,88,18,98,1,55,6,0,0.0
371322,BEAVER COUNTY MEMORIAL HOSPITAL,OK,Critical Access Hospitals,Government - Hospital District or Authority,Not Available,88,18,98,1,,1,0,0.0
370015,HILLCREST HOSPITAL PRYOR,OK,Acute Care Hospitals,Proprietary,4,89,20,98,1,,5,1,20.0
371309,"PAWHUSKA HOSPITAL, INC",OK,Critical Access Hospitals,Voluntary non-profit - Private,Not Available,89,20,98,1,,1,0,0.0
370178,MEMORIAL HOSPITAL,OK,Acute Care Hospitals,Voluntary non-profit - Private,4,91,22,98,1,,3,0,0.0
370183,HILLCREST HOSPITAL HENRYETTA,OK,Acute Care Hospitals,Proprietary,Not Available,91,22,98,1,,3,1,33.3
371305,ASCENSION ST JOHN NOWATA,OK,Critical Access Hospitals,Voluntary non-profit - Private,Not Available,91,22,98,1,,1,0,0.0
371333,CREEK NATION COMMUNITY HOSPITAL,OK,Critical Access Hospitals,Tribal,Not Available,92,25,98,1,,2,0,0.0
370099,HILLCREST HOSPITAL CUSHING,OK,Acute Care Hospitals,Proprietary,4,94,26,98,2,,4,0,0.0
371302,"MERCY HOSPITAL WATONGA, INC",OK,Critical Access Hospitals,Proprietary,Not Available,94,26,98,2,,,,
370106,INTEGRIS SOUTHWEST MEDICAL CENTER,OK,Acute Care Hospitals,Voluntary non-profit - Private,2,95,28,98,2,52,10,0,0.0
371321,HOLDENVILLE GENERAL HOSPITAL,OK,Critical Access Hospitals,Government - Hospital District or Authority,Not Available,96,29,98,2,,3,0,0.0
371316,RURAL WELLNESS STROUD HOSPITAL,OK,Critical Access Hospitals,Proprietary,Not Available,99,30,98,2,,,,
371331,DRUMRIGHT REGIONAL HOSPITAL,OK,Critical Access Hospitals,Government - Local,Not Available,99,30,98,2,,2,1,50.0
371332,SEILING MUNICIPAL HOSPITAL,OK,Critical Access Hospitals,Government - Hospital District or Authority,Not Available,100,32,98,2,,2,0,0.0
370078,OKLAHOMA STATE UNIVERSITY MEDICAL CENTER,OK,Acute Care Hospitals,Government - Hospital District or Authority,2,101,33,98,2,75,8,1,12.5
371319,"COAL COUNTY GENERAL HOSPITAL, INC.",OK,Critical Access Hospitals,Voluntary non-profit - Private,4,102,34,98,2,,3,0,0.0
371329,FAIRVIEW REGIONAL MEDICAL CENTER AUTHORITY,OK,Critical Access Hospitals,Government - Hospital District or Authority,Not Available,102,34,98,2,,2,0,0.0
370237,"SAINT FRANCIS HOSPITAL VINITA, INC",OK,Acute Care Hospitals,Voluntary non-profit - Private,3,104,36,98,2,64,4,1,25.0
371301,PRAGUE REGIONAL MEMORIAL HOSPITAL,OK,Critical Access Hospitals,Government - Local,Not Available,105,37,98,2,,,,
371307,CIMARRON MEMORIAL HOSPITAL,OK,Critical Access Hospitals,Government - Hospital District or Authority,Not Available,107,38,98,2,,1,0,0.0
370245,CLINTON REGIONAL HOSPITAL,OK,Acute Care Hospitals,Government - Local,Not Available,108,39,98,2,,1,0,0.0
370002,Integris Health Woodward Hospital,OK,Acute Care Hospitals,Proprietary,3,110,40,98,2,25,7,0,0.0
371338,HARMON MEMORIAL HOSPITAL,OK,Critical Access Hospitals,Voluntary non-profit - Other,Not Available,110,40,98,2,,2,0,0.0
370166,WAGONER COMMUNITY HOSPITAL,OK,Acute Care Hospitals,Government - Hospital District or Authority,2,111,42,98,2,,4,0,0.0
370054,GRADY MEMORIAL HOSPITAL,OK,Acute Care Hospitals,Government - Hospital District or Authority,2,113,43,98,2,55,7,0,0.0
370022,JACKSON COUNTY MEMORIAL HOSPITAL AUTHORITY,OK,Acute Care Hospitals,Voluntary non-profit - Other,3,114,44,98,2,74,7,1,14.3
370113,INTEGRIS GROVE HOSPITAL,OK,Acute Care Hospitals,Voluntary non-profit - Private,4,117,45,98,2,66,8,0,0.0
371328,ARBUCKLE MEMORIAL HOSPITAL AUTHORITY,OK,Critical Access Hospitals,Government - Local,4,118,46,98,2,,3,0,0.0
370056,MEMORIAL HEALTH,OK,Acute Care Hospitals,Government - Hospital District or Authority,2,120,47,98,2,54,11,5,45.5
371323,"WEATHERFORD REGIONAL HOSPITAL, INC OF WEATHERFORD",OK,Critical Access Hospitals,Government - Hospital District or Authority,Not Available,121,48,98,2,,5,0,0.0
371337,EASTERN OKLAHOMA MEDICAL CENTER,OK,Critical Access Hospitals,Government - Local,4,121,48,98,2,,3,0,0.0
371325,CORDELL MEMORIAL HOSPITAL,OK,Critical Access Hospitals,Government - Hospital District or Authority,Not Available,122,50,98,2,,1,0,0.0
371335,"HASKELL REGIONAL HOSPITAL, INC",OK,Critical Access Hospitals,Voluntary non-profit - Private,Not Available,123,51,98,3,,2,0,0.0
370089,NORTHEASTERN HEALTH SYSTEM,OK,Acute Care Hospitals,Government - Hospital District or Authority,2,124,52,98,3,58,10,0,0.0
371300,ATOKA COUNTY MEDICAL CENTER,OK,Critical Access Hospitals,Government - Local,4,124,52,98,3,,3,0,0.0
370236,INTEGRIS HEALTH EDMOND HOSPITAL,OK,Acute Care Hospitals,Voluntary non-profit - Private,2,125,54,98,3,51,7,0,0.0
370149,SSM HEALTH ST ANTHONY HOSPITAL - SHAWNEE,OK,Acute Care Hospitals,Voluntary non-profit - Private,3,126,55,98,3,44,9,0,0.0
371336,NEWMAN MEMORIAL HOSPITAL,OK,Critical Access Hospitals,Government - Hospital District or Authority,Not Available,126,55,98,3,,3,0,0.0
370026,ST MARY'S REGIONAL MEDICAL CENTER,OK,Acute Care Hospitals,Proprietary,3,132,57,98,3,84,10,0,0.0
370112,SEQUOYAH COUNTY-CITY OF SALLISAW HOSPITAL AUTHORIT,OK,Acute Care Hospitals,Government - Local,3,132,57,98,3,,4,0,0.0
370225,"SUMMIT MEDICAL CENTER, LLC",OK,Acute Care Hospitals,Physician,Not Available,132,57,98,3,,2,0,0.0
370037,SSM HEALTH ST ANTHONY HOSPITAL - OKLAHOMA CITY,OK,Acute Care Hospitals,Voluntary non-profit - Church,4,134,60,98,3,57,11,0,0.0
371312,ASCENSION ST JOHN SAPULPA,OK,Critical Access Hospitals,Voluntary non-profit - Private,Not Available,136,61,98,3,58,2,0,0.0
370016,INTEGRIS HEALTH ENID HOSPITAL,OK,Acute Care Hospitals,Voluntary non-profit - Private,3,137,62,98,3,50,9,1,11.1
370008,NORMAN REGIONAL,OK,Acute Care Hospitals,Government - Hospital District or Authority,2,139,63,98,3,59,11,1,9.1
370020,MERCY HOSPITAL ADA,OK,Acute Care Hospitals,Voluntary non-profit - Private,4,139,63,98,3,87,9,1,11.1
370097,SOUTHWESTERN MEDICAL CENTER,OK,Acute Care Hospitals,Proprietary,2,139,63,98,3,44,6,1,16.7
371303,ROGER MILLS MEMORIAL HOSPITAL,OK,Critical Access Hospitals,Voluntary non-profit - Private,Not Available,139,63,98,3,,2,0,0.0
370039,HILLCREST HOSPITAL CLAREMORE,OK,Acute Care Hospitals,Proprietary,4,140,67,98,3,70,6,0,0.0
370047,"MERCY HOSPITAL ARDMORE, INC",OK,Acute Care Hospitals,Voluntary non-profit - Church,4,140,67,98,3,84,8,1,12.5
370057,MUSCOGEE (CREEK) NATION MEDICAL CENTER,OK,Acute Care Hospitals,Tribal,Not Available,140,67,98,3,,4,0,0.0
371327,OKEENE MUNICIPAL HOSPITAL,OK,Critical Access Hospitals,Government - Local,Not Available,140,67,98,3,,2,0,0.0
371340,MEMORIAL HOSPITAL OF TEXAS COUNTY AUTHORITY,OK,Critical Access Hospitals,Government - Hospital District or Authority,Not Available,140,67,98,3,,3,1,33.3
370211,INTEGRIS CANADIAN VALLEY HOSPITAL,OK,Acute Care Hospitals,Voluntary non-profit - Private,4,141,72,98,3,43,6,0,0.0
370234,"OKLAHOMA HEART HOSPITAL SOUTH, LLC",OK,Acute Care Hospitals,Physician,5,141,72,98,3,50,6,0,0.0
371341,SHARE MEDICAL CENTER,OK,Critical Access Hospitals,Government - Hospital District or Authority,Not Available,141,72,98,3,,3,0,0.0
370006,INTEGRIS HEALTH PONCA CITY,OK,Acute Care Hospitals,Voluntary non-profit - Other,2,142,75,98,4,23,7,1,14.3
370028,"INTEGRIS BAPTIST MEDICAL CENTER, INC",OK,Acute Care Hospitals,Voluntary non-profit - Private,3,143,76,98,4,49,11,1,9.1
370014,ALLIANCEHEALTH DURANT,OK,Acute Care Hospitals,Proprietary,1,144,77,98,4,28,8,2,25.0
370034,MCALESTER REGIONAL HEALTH CENTER,OK,Acute Care Hospitals,Government - Hospital District or Authority,3,147,78,98,4,64,7,1,14.3
370023,"DUNCAN REGIONAL HOSPITAL, INC",OK,Acute Care Hospitals,Voluntary non-profit - Private,3,148,79,98,4,62,7,2,28.6
370227,ST JOHN OWASSO,OK,Acute Care Hospitals,Voluntary non-profit - Private,5,148,79,98,4,57,5,0,0.0
370083,PUSHMATAHA HOSPITAL,OK,Acute Care Hospitals,Government - Hospital District or Authority,3,151,81,98,4,,4,0,0.0
370013,"MERCY HOSPITAL OKLAHOMA CITY, INC",OK,Acute Care Hospitals,Voluntary non-profit - Church,4,152,82,98,4,76,9,0,0.0
370100,CHOCTAW MEMORIAL HOSPITAL,OK,Acute Care Hospitals,Voluntary non-profit - Other,1,152,82,98,4,,5,1,20.0
370215,"OKLAHOMA HEART HOSPITAL, LLC",OK,Acute Care Hospitals,Physician,4,153,84,98,4,,7,2,28.6
370049,STILLWATER MEDICAL CENTER,OK,Acute Care Hospitals,Government - Hospital District or Authority,4,154,85,98,4,73,10,3,30.0
370094,SSM HEALTH ST ANTHONY HOSPITAL - MIDWEST,OK,Acute Care Hospitals,Voluntary non-profit - Private,2,157,86,98,4,54,10,3,30.0
370228,"BAILEY MEDICAL CENTER, LLC",OK,Acute Care Hospitals,Proprietary,5,166,87,98,4,84,6,0,0.0
370018,ASCENSION ST JOHN JANE PHILLIPS,OK,Acute Care Hospitals,Voluntary non-profit - Private,3,169,88,98,4,37,8,0,0.0
370235,ASCENSION ST JOHN BROKEN ARROW,OK,Acute Care Hospitals,Voluntary non-profit - Private,4,176,89,98,4,37,6,1,16.7
370218,"SAINT FRANCIS HOSPITAL SOUTH, LLC",OK,Acute Care Hospitals,Voluntary non-profit - Private,5,178,90,98,4,58,7,0,0.0
370202,HILLCREST HOSPITAL SOUTH,OK,Acute Care Hospitals,Proprietary,3,190,91,98,4,73,8,0,0.0
370210,"OKLAHOMA SURGICAL HOSPITAL, LLC",OK,Acute Care Hospitals,Physician,5,192,92,98,4,,6,0,0.0
370114,ASCENSION ST JOHN MEDICAL CENTER,OK,Acute Care Hospitals,Voluntary non-profit - Private,3,195,93,98,4,45,10,1,10.0
370025,SAINT FRANCIS HOSPITAL MUSKOGEE,OK,Acute Care Hospitals,Voluntary non-profit - Private,3,198,94,98,4,49,10,0,0.0
370093,O U MEDICAL CENTER,OK,Acute Care Hospitals,Voluntary non-profit - Private,2,203,95,98,4,78,10,3,30.0
370216,TULSA SPINE & SPECIALTY HOSPITAL,OK,Acute Care Hospitals,Proprietary,Not Available,208,96,98,4,,4,1,25.0
370001,HILLCREST MEDICAL CENTER,OK,Acute Care Hospitals,Proprietary,3,232,97,98,4,71,11,1,9.1
370091,"SAINT FRANCIS HOSPITAL, INC",OK,Acute Care Hospitals,Voluntary non-profit - Private,5,234,98,98,4,44,11,0,0.0
381307,HARNEY DISTRICT HOSPITAL,OR,Critical Access Hospitals,Government - Hospital District or Authority,Not Available,93,1,54,1,,3,0,0.0
381315,ST. ALPHONSUS MEDICAL CENTER - BAKER CITY,OR,Critical Access Hospitals,Voluntary non-profit - Church,1,94,2,54,1,,5,0,0.0
381304,SOUTHERN COOS HOSPITAL & HEALTH CENTER,OR,Critical Access Hospitals,Government - Hospital District or Authority,2,99,3,54,1,,3,0,0.0
381305,BLUE MOUNTAIN HOSPITAL,OR,Critical Access Hospitals,Government - Hospital District or Authority,Not Available,102,4,54,1,,1,0,0.0
381318,PROVIDENCE HOOD RIVER MEMORIAL HOSPITAL,OR,Critical Access Hospitals,Voluntary non-profit - Church,4,103,5,54,1,51,6,1,16.7
381311,LOWER UMPQUA HOSPITAL DISTRICT,OR,Critical Access Hospitals,Government - Hospital District or Authority,Not Available,105,6,54,1,,1,0,0.0
381321,GRANDE RONDE HOSPITAL,OR,Critical Access Hospitals,Voluntary non-profit - Private,5,105,6,54,1,77,7,0,0.0
381322,CURRY GENERAL HOSPITAL,OR,Critical Access Hospitals,Government - Hospital District or Authority,2,107,8,54,1,84,4,1,25.0
381306,WALLOWA MEMORIAL HOSPITAL,OR,Critical Access Hospitals,Government - Hospital District or Authority,3,108,9,54,1,,6,2,33.3
380056,SANTIAM HOSPITAL & CLINICS,OR,Acute Care Hospitals,Voluntary non-profit - Private,Not Available,110,10,54,1,58,4,0,0.0
381308,SALEM HEALTH WEST VALLEY,OR,Critical Access Hospitals,Voluntary non-profit - Private,Not Available,110,10,54,1,,1,0,0.0
381309,LAKE DISTRICT HOSPITAL,OR,Critical Access Hospitals,Government - Hospital District or Authority,Not Available,117,12,54,1,,2,0,0.0
380052,SAINT ALPHONSUS MEDICAL CENTER ONTARIO,OR,Acute Care Hospitals,Voluntary non-profit - Church,2,120,13,54,1,68,8,0,0.0
381301,PEACEHEALTH COTTAGE GROVE COMMUNITY MEDICAL CENTER,OR,Critical Access Hospitals,Voluntary non-profit - Church,Not Available,121,14,54,1,,1,0,0.0
381316,PEACE HARBOR MEDICAL CENTER,OR,Critical Access Hospitals,Voluntary non-profit - Church,5,121,14,54,2,41,3,0,0.0
381312,COQUILLE VALLEY HOSPITAL,OR,Critical Access Hospitals,Government - Hospital District or Authority,Not Available,122,16,54,2,,4,0,0.0
381313,ST CHARLES MEDICAL CENTER PRINEVILLE,OR,Critical Access Hospitals,Voluntary non-profit - Private,3,123,17,54,2,,4,1,25.0
380001,MID-COLUMBIA MEDICAL CENTER,OR,Acute Care Hospitals,Voluntary non-profit - Other,4,124,18,54,2,64,8,0,0.0
380005,ASANTE ASHLAND COMMUNITY HOSPITAL,OR,Acute Care Hospitals,Government - Local,Not Available,126,19,54,2,49,5,1,20.0
381324,ST CHARLES MADRAS,OR,Critical Access Hospitals,Voluntary non-profit - Private,Not Available,131,20,54,2,,4,1,25.0
381310,PIONEER MEMORIAL HOSPITAL,OR,Critical Access Hospitals,Government - Hospital District or Authority,Not Available,132,21,54,2,,,,
381320,COLUMBIA MEMORIAL HOSPITAL,OR,Critical Access Hospitals,Proprietary,Not Available,132,21,54,2,,,,
380029,LEGACY SILVERTON MEDICAL CENTER,OR,Acute Care Hospitals,Voluntary non-profit - Private,Not Available,140,23,54,2,27,4,1,25.0
381303,PROVIDENCE SEASIDE HOSPITAL,OR,Critical Access Hospitals,Voluntary non-profit - Church,3,144,24,54,2,49,6,1,16.7
381319,ST ANTHONY HOSPITAL,OR,Critical Access Hospitals,Voluntary non-profit - Church,3,144,24,54,2,81,8,1,12.5
381302,SAMARITAN NORTH LINCOLN HOSPITAL,OR,Critical Access Hospitals,Voluntary non-profit - Private,3,146,26,54,2,59,7,1,14.3
380025,LEGACY MOUNT HOOD MEDICAL CENTER,OR,Acute Care Hospitals,Voluntary non-profit - Private,3,154,27,54,2,27,6,1,16.7
381325,GOOD SHEPHERD MEDICAL CENTER,OR,Critical Access Hospitals,Voluntary non-profit - Private,Not Available,155,28,54,2,73,,,
380090,BAY AREA HOSPITAL,OR,Acute Care Hospitals,Government - Hospital District or Authority,2,160,29,54,3,59,10,2,20.0
380007,LEGACY EMANUEL MEDICAL CENTER,OR,Acute Care Hospitals,Voluntary non-profit - Private,3,166,30,54,3,25,8,2,25.0
380020,MCKENZIE-WILLAMETTE MEDICAL CENTER,OR,Acute Care Hospitals,Voluntary non-profit - Private,4,168,31,54,3,73,9,1,11.1
380071,WILLAMETTE VALLEY MEDICAL CENTER,OR,Acute Care Hospitals,Voluntary non-profit - Private,2,171,32,54,3,49,6,0,0.0
380047,ST CHARLES MEDICAL CENTER - BEND,OR,Acute Care Hospitals,Voluntary non-profit - Private,4,174,33,54,3,40,11,1,9.1
380089,LEGACY MERIDIAN PARK MEDICAL CENTER,OR,Acute Care Hospitals,Voluntary non-profit - Private,2,175,34,54,3,22,8,1,12.5
380022,SAMARITAN ALBANY GENERAL HOSPITAL,OR,Acute Care Hospitals,Voluntary non-profit - Church,4,182,35,54,3,66,9,0,0.0
380027,MERCY MEDICAL CENTER,OR,Acute Care Hospitals,Government - Hospital District or Authority,4,184,36,54,3,67,7,0,0.0
380082,PROVIDENCE MILWAUKIE HOSPITAL,OR,Acute Care Hospitals,Voluntary non-profit - Church,3,185,37,54,3,49,5,1,20.0
380017,LEGACY GOOD SAMARITAN MEDICAL CENTER,OR,Acute Care Hospitals,Voluntary non-profit - Private,4,186,38,54,3,21,10,0,0.0
381314,SAMARITAN PACIFIC COMMUNITY HOSPITAL,OR,Critical Access Hospitals,Voluntary non-profit - Private,1,190,39,54,3,73,7,2,28.6
381323,SAMARITAN LEBANON COMMUNITY HOSPITAL,OR,Critical Access Hospitals,Voluntary non-profit - Church,3,191,40,54,3,72,8,2,25.0
380037,PROVIDENCE NEWBERG MEDICAL CENTER,OR,Acute Care Hospitals,Voluntary non-profit - Church,4,192,41,54,3,50,5,0,0.0
380050,SKY LAKES MEDICAL CENTER,OR,Acute Care Hospitals,Voluntary non-profit - Private,2,194,42,54,4,51,10,1,10.0
380021,HILLSBORO MEDICAL CENTER,OR,Acute Care Hospitals,Voluntary non-profit - Private,3,200,43,54,4,79,8,0,0.0
380002,ASANTE THREE RIVERS MEDICAL CENTER,OR,Acute Care Hospitals,Voluntary non-profit - Other,3,204,44,54,4,48,8,0,0.0
380060,ADVENTIST HEALTH PORTLAND,OR,Acute Care Hospitals,Voluntary non-profit - Church,4,206,45,54,4,72,8,0,0.0
380061,PROVIDENCE PORTLAND MEDICAL CENTER,OR,Acute Care Hospitals,Voluntary non-profit - Private,4,215,46,54,4,54,10,0,0.0
380014,GOOD SAMARITAN REGIONAL MEDICAL CENTER,OR,Acute Care Hospitals,Voluntary non-profit - Private,3,222,47,54,4,65,11,1,9.1
380075,PROVIDENCE MEDFORD MEDICAL CENTER,OR,Acute Care Hospitals,Voluntary non-profit - Church,2,225,48,54,4,58,10,1,10.0
380004,PROVIDENCE ST VINCENT MEDICAL CENTER,OR,Acute Care Hospitals,Voluntary non-profit - Private,4,233,49,54,4,56,9,2,22.2
380009,OHSU HOSPITAL AND CLINICS,OR,Acute Care Hospitals,Voluntary non-profit - Other,3,234,50,54,4,36,10,1,10.0
380018,ASANTE ROGUE REGIONAL MEDICAL CENTER,OR,Acute Care Hospitals,Voluntary non-profit - Private,4,236,51,54,4,39,10,0,0.0
380051,SALEM HOSPITAL,OR,Acute Care Hospitals,Voluntary non-profit - Other,3,243,52,54,4,72,9,2,22.2
380038,PROVIDENCE WILLAMETTE FALLS MEDICAL CENTER,OR,Acute Care Hospitals,Voluntary non-profit - Private,4,245,53,54,4,56,8,0,0.0
380102,SACRED HEART MEDICAL CENTER - RIVERBEND,OR,Acute Care Hospitals,Voluntary non-profit - Private,4,250,54,54,4,44,9,0,0.0
390184,PENN HIGHLANDS CONNELLSVILLE,PA,Acute Care Hospitals,Voluntary non-profit - Private,Not Available,72,1,138,1,,2,0,0.0
391309,BARNES-KASSON COUNTY HOSPITAL,PA,Critical Access Hospitals,Voluntary non-profit - Private,Not Available,78,2,138,1,,2,0,0.0
391304,BUCKTAIL MEDICAL CENTER,PA,Critical Access Hospitals,Voluntary non-profit - Private,Not Available,82,3,138,1,,,,
391302,CONEMAUGH MEYERSDALE MEDICAL CENTER,PA,Critical Access Hospitals,Proprietary,Not Available,86,4,138,1,,1,0,0.0
390333,"AHN EMERUS WESTMORELAND, LLC",PA,Acute Care Hospitals,Proprietary,Not Available,95,5,138,1,71,2,1,50.0
391318,UPMC KANE,PA,Critical Access Hospitals,Voluntary non-profit - Private,Not Available,95,5,138,1,,,,
391303,FULTON COUNTY MEDICAL CENTER,PA,Critical Access Hospitals,Voluntary non-profit - Private,3,101,7,138,1,,5,1,20.0
391307,PENN HIGHLANDS TYRONE,PA,Critical Access Hospitals,Voluntary non-profit - Private,Not Available,106,8,138,1,60,3,0,0.0
390162,ST LUKE'S HOSPITAL - EASTON CAMPUS,PA,Acute Care Hospitals,Voluntary non-profit - Private,4,108,9,138,1,86,6,0,0.0
391317,CONEMAUGH MINERS MEDICAL CENTER,PA,Critical Access Hospitals,Proprietary,Not Available,114,11,138,1,,2,0,0.0
390430,LEHIGH VALLEY HOSPITAL - MACUNGIE,PA,Acute Care Hospitals,Proprietary,Not Available,117,12,138,1,,,,
391301,UPMC MUNCY,PA,Critical Access Hospitals,Voluntary non-profit - Private,4,118,13,138,1,81,5,0,0.0
390150,UPMC GREENE,PA,Acute Care Hospitals,Voluntary non-profit - Private,Not Available,120,14,138,1,,2,0,0.0
390198,LECOM MEDICAL CENTER AND BEHAVIORAL HEALTH PAV,PA,Acute Care Hospitals,Voluntary non-profit - Private,1,120,14,138,1,,5,1,20.0
390332,GEISINGER ST. LUKE'S  HOSPITAL,PA,Acute Care Hospitals,Voluntary non-profit - Private,5,120,14,138,1,83,6,0,0.0
391300,GEISINGER JERSEY SHORE HOSPITAL,PA,Critical Access Hospitals,Voluntary non-profit - Private,3,120,14,138,1,66,5,2,40.0
390217,EXCELA HEALTH - FRICK HOSPITAL,PA,Acute Care Hospitals,Voluntary non-profit - Other,3,124,18,138,1,62,7,0,0.0
391306,ENDLESS MOUNTAINS HEALTH SYSTEMS,PA,Critical Access Hospitals,Voluntary non-profit - Private,1,126,19,138,1,,6,1,16.7
390049,ST LUKES HOSPITAL,PA,Acute Care Hospitals,Voluntary non-profit - Private,5,127,20,138,1,84,11,3,27.3
390211,SHARON REGIONAL MEDICAL CENTER,PA,Acute Care Hospitals,Proprietary,3,129,21,138,1,39,8,0,0.0
390037,HERITAGE VALLEY SEWICKLEY,PA,Acute Care Hospitals,Voluntary non-profit - Private,4,132,22,138,1,64,9,0,0.0
391312,PENN HIGHLANDS BROOKVILLE,PA,Critical Access Hospitals,Voluntary non-profit - Private,4,132,22,138,1,33,3,0,0.0
390112,CHAN SOON- SHIONG MEDICAL CENTER AT WINDBER,PA,Acute Care Hospitals,Voluntary non-profit - Private,2,133,24,138,1,52,5,1,20.0
390183,ST LUKE'S MINERS MEMORIAL HOSPITAL,PA,Acute Care Hospitals,Voluntary non-profit - Private,4,133,24,138,1,85,8,1,12.5
391305,TROY COMMUNITY HOSPITAL,PA,Critical Access Hospitals,Voluntary non-profit - Private,4,133,24,138,1,,5,0,0.0
390199,PUNXSUTAWNEY AREA HOSPITAL,PA,Acute Care Hospitals,Voluntary non-profit - Private,2,136,27,138,1,59,7,1,14.3
391314,TITUSVILLE AREA HOSPITAL,PA,Critical Access Hospitals,Voluntary non-profit - Private,2,136,27,138,1,72,3,0,0.0
390091,UPMC NORTHWEST,PA,Acute Care Hospitals,Voluntary non-profit - Other,4,139,29,138,1,69,9,1,11.1
390117,UPMC BEDFORD MEMORIAL,PA,Acute Care Hospitals,Voluntary non-profit - Private,4,140,30,138,1,74,8,0,0.0
390138,WELLSPAN WAYNESBORO HOSPITAL,PA,Acute Care Hospitals,Voluntary non-profit - Private,4,140,30,138,1,69,6,1,16.7
390056,PENN HIGHLANDS HUNTINGDON,PA,Acute Care Hospitals,Voluntary non-profit - Private,3,142,32,138,1,63,6,0,0.0
390335,ST LUKE'S HOSPITAL - CARBON CAMPUS,PA,Acute Care Hospitals,Voluntary non-profit - Private,5,142,32,138,1,82,7,1,14.3
390062,CONEMAUGH NASON MEDICAL CENTER,PA,Acute Care Hospitals,Voluntary non-profit - Other,5,145,34,138,1,54,6,0,0.0
390045,UPMC WILLIAMSPORT,PA,Acute Care Hospitals,Voluntary non-profit - Private,3,146,35,138,1,79,11,1,9.1
390065,GETTYSBURG HOSPITAL,PA,Acute Care Hospitals,Voluntary non-profit - Private,4,146,35,138,2,61,9,0,0.0
390266,GROVE CITY MEDICAL CENTER,PA,Acute Care Hospitals,Voluntary non-profit - Private,4,147,37,138,2,74,7,1,14.3
391308,LECOM HEALTH CORRY MEMORIAL HOSPITAL,PA,Critical Access Hospitals,Government - Hospital District or Authority,Not Available,151,38,138,2,,2,1,50.0
391313,UPMC COLE,PA,Critical Access Hospitals,Voluntary non-profit - Private,4,151,38,138,2,76,7,0,0.0
390070,LOWER BUCKS HOSPITAL,PA,Acute Care Hospitals,Voluntary non-profit - Private,3,154,40,138,2,68,4,1,25.0
390160,CANONSBURG GENERAL HOSPITAL,PA,Acute Care Hospitals,Voluntary non-profit - Private,3,155,41,138,2,66,5,1,20.0
390093,INDEPENDENCE HEALTH SYSTEM CLARION HOSPITAL,PA,Acute Care Hospitals,Voluntary non-profit - Private,2,158,42,138,2,62,8,1,12.5
390068,UPMC LITITZ,PA,Acute Care Hospitals,Voluntary non-profit - Other,4,160,43,138,2,80,9,0,0.0
390006,GEISINGER MEDICAL CENTER,PA,Acute Care Hospitals,Voluntary non-profit - Private,4,162,44,138,2,52,11,2,18.2
390003,GEISINGER-BLOOMSBURG HOSPITAL,PA,Acute Care Hospitals,Voluntary non-profit - Private,4,163,45,138,2,56,6,0,0.0
390116,SUBURBAN COMMUNITY HOSPITAL,PA,Acute Care Hospitals,Voluntary non-profit - Private,4,163,45,138,2,76,4,1,25.0
390173,INDIANA REGIONAL MEDICAL CENTER,PA,Acute Care Hospitals,Voluntary non-profit - Private,2,163,45,138,2,64,10,1,10.0
390178,UPMC HORIZON,PA,Acute Care Hospitals,Voluntary non-profit - Private,4,163,45,138,2,44,9,0,0.0
390086,PENN HIGHLANDS DUBOIS,PA,Acute Care Hospitals,Voluntary non-profit - Private,2,164,49,138,2,49,11,0,0.0
390079,ROBERT PACKER HOSPITAL,PA,Acute Care Hospitals,Voluntary non-profit - Private,2,166,50,138,2,43,11,2,18.2
390330,ST LUKE'S HOSPITAL - MONROE CAMPUS,PA,Acute Care Hospitals,Voluntary non-profit - Private,5,168,51,138,2,85,10,2,20.0
390338,LEHIGH VALLEY HOSPITAL - DICKSON CITY,PA,Acute Care Hospitals,Voluntary non-profit - Private,3,170,52,138,2,48,6,1,16.7
390016,UPMC JAMESON,PA,Acute Care Hospitals,Voluntary non-profit - Other,3,172,53,138,2,45,9,1,11.1
390265,JEFFERSON HOSPITAL,PA,Acute Care Hospitals,Voluntary non-profit - Private,4,172,53,138,2,70,11,2,18.2
390110,CONEMAUGH MEMORIAL MEDICAL CENTER,PA,Acute Care Hospitals,Proprietary,2,173,55,138,2,40,10,1,10.0
390030,SCHUYLKILL MEDICAL CENTER - SOUTH JACKSON STREET,PA,Acute Care Hospitals,Voluntary non-profit - Private,4,174,56,138,2,40,9,1,11.1
390151,WELLSPAN CHAMBERSBURG HOSPITAL,PA,Acute Care Hospitals,Voluntary non-profit - Private,4,177,57,138,2,57,7,1,14.3
390127,PHOENIXVILLE HOSPITAL,PA,Acute Care Hospitals,Voluntary non-profit - Private,3,178,58,138,2,47,9,3,33.3
390145,EXCELA HEALTH WESTMORELAND REGIONAL HOSPITAL,PA,Acute Care Hospitals,Voluntary non-profit - Other,3,180,59,138,2,54,9,1,11.1
390048,GEISINGER-LEWISTOWN HOSPITAL,PA,Acute Care Hospitals,Voluntary non-profit - Private,5,181,60,138,2,69,8,0,0.0
390133,LEHIGH VALLEY HOSPITAL,PA,Acute Care Hospitals,Voluntary non-profit - Private,4,182,61,138,2,54,11,3,27.3
390304,ROXBOROUGH MEMORIAL HOSPITAL,PA,Acute Care Hospitals,Proprietary,2,182,61,138,2,57,4,1,25.0
390147,PENN HIGHLANDS MON VALLEY,PA,Acute Care Hospitals,Voluntary non-profit - Private,1,184,63,138,2,64,6,2,33.3
390036,HERITAGE VALLEY BEAVER,PA,Acute Care Hospitals,Voluntary non-profit - Private,3,185,64,138,2,62,11,1,9.1
390237,REGIONAL HOSPITAL OF SCRANTON,PA,Acute Care Hospitals,Proprietary,2,186,65,138,2,54,10,2,20.0
390334,AHN WEXFORD HOSPITAL,PA,Acute Care Hospitals,Voluntary non-profit - Private,5,186,65,138,2,59,7,0,0.0
390035,ST LUKE'S HOSPITAL - UPPER BUCKS CAMPUS,PA,Acute Care Hospitals,Proprietary,5,187,67,138,2,88,9,1,11.1
391316,UPMC WELLSBORO,PA,Critical Access Hospitals,Voluntary non-profit - Private,3,187,67,138,2,66,9,1,11.1
390219,EXCELA HEALTH LATROBE HOSPITAL,PA,Acute Care Hospitals,Voluntary non-profit - Private,4,188,69,138,2,55,7,0,0.0
390268,MOUNT NITTANY MEDICAL CENTER,PA,Acute Care Hospitals,Voluntary non-profit - Private,5,188,69,138,2,74,8,1,12.5
390041,UNIONTOWN HOSPITAL,PA,Acute Care Hospitals,Voluntary non-profit - Private,2,189,71,138,3,61,9,1,11.1
390225,WELLSPAN EPHRATA COMMUNITY HOSPITAL,PA,Acute Care Hospitals,Voluntary non-profit - Other,5,190,72,138,3,69,9,0,0.0
391315,PENN HIGHLANDS ELK,PA,Critical Access Hospitals,Voluntary non-profit - Private,4,190,72,138,3,60,6,0,0.0
390063,UPMC HAMOT,PA,Acute Care Hospitals,Voluntary non-profit - Private,3,191,74,138,3,56,11,0,0.0
390168,INDEPENDENCE HEALTH SYSTEM BUTLER MEMORIAL HOSPITA,PA,Acute Care Hospitals,Voluntary non-profit - Private,2,194,75,138,3,49,10,1,10.0
390185,LEHIGH VALLEY HOSPITAL - HAZLETON,PA,Acute Care Hospitals,Voluntary non-profit - Other,2,194,75,138,3,54,9,1,11.1
390228,ST CLAIR HOSPITAL,PA,Acute Care Hospitals,Voluntary non-profit - Private,4,195,77,138,3,55,10,1,10.0
390066,WELLSPAN GOOD SAMARITAN HOSPITAL,PA,Acute Care Hospitals,Voluntary non-profit - Private,5,197,78,138,3,54,10,0,0.0
390097,HOLY REDEEMER HOSPITAL AND MEDICAL CENTER,PA,Acute Care Hospitals,Voluntary non-profit - Church,3,197,78,138,3,56,10,1,10.0
390336,PENN STATE HEALTH HAMPDEN MEDICAL CENTER,PA,Acute Care Hospitals,Voluntary non-profit - Private,4,197,78,138,3,59,6,1,16.7
390107,UPMC PASSAVANT,PA,Acute Care Hospitals,Voluntary non-profit - Private,4,198,81,138,3,64,11,0,0.0
390163,ACMH HOSPITAL,PA,Acute Care Hospitals,Voluntary non-profit - Private,3,198,81,138,3,42,8,1,12.5
390113,MEADVILLE MEDICAL CENTER,PA,Acute Care Hospitals,Voluntary non-profit - Private,4,199,83,138,3,55,10,0,0.0
390114,MAGEE WOMENS HOSPITAL OF UPMC HEALTH SYSTEM,PA,Acute Care Hospitals,Voluntary non-profit - Other,4,200,84,138,3,79,8,1,12.5
390123,POTTSTOWN HOSPITAL,PA,Acute Care Hospitals,Voluntary non-profit - Private,2,200,84,138,3,45,9,2,22.2
390032,ALLEGHENY VALLEY HOSPITAL,PA,Acute Care Hospitals,Voluntary non-profit - Private,4,201,86,138,3,53,8,0,0.0
390270,GEISINGER WYOMING VALLEY MEDICAL CENTER,PA,Acute Care Hospitals,Voluntary non-profit - Private,4,202,87,138,3,45,11,1,9.1
390073,UPMC ALTOONA,PA,Acute Care Hospitals,Voluntary non-profit - Private,3,203,88,138,3,51,11,1,9.1
390090,WEST PENN HOSPITAL,PA,Acute Care Hospitals,Voluntary non-profit - Private,3,203,88,138,3,55,7,1,14.3
390001,GEISINGER-COMMUNITY MEDICAL CENTER,PA,Acute Care Hospitals,Voluntary non-profit - Private,2,204,90,138,3,52,11,2,18.2
390058,UPMC CARLISLE,PA,Acute Care Hospitals,Voluntary non-profit - Private,4,204,90,138,3,73,9,0,0.0
390100,LANCASTER GENERAL HOSPITAL,PA,Acute Care Hospitals,Voluntary non-profit - Private,5,206,92,138,3,65,11,0,0.0
390139,BRYN MAWR HOSPITAL,PA,Acute Care Hospitals,Voluntary non-profit - Private,5,207,93,138,3,60,10,2,20.0
390137,WILKES-BARRE GENERAL HOSPITAL,PA,Acute Care Hospitals,Proprietary,2,208,94,138,3,66,11,1,9.1
390002,UPMC MCKEESPORT HOSPITAL,PA,Acute Care Hospitals,Voluntary non-profit - Private,3,209,95,138,3,60,7,0,0.0
390146,WARREN GENERAL HOSPITAL,PA,Acute Care Hospitals,Voluntary non-profit - Private,3,210,96,138,3,90,9,1,11.1
390009,SAINT VINCENT HOSPITAL,PA,Acute Care Hospitals,Voluntary non-profit - Private,4,212,97,138,3,65,11,1,9.1
390067,UPMC PINNACLE HOSPITALS,PA,Acute Care Hospitals,Voluntary non-profit - Private,4,213,98,138,3,80,11,1,9.1
390156,MERCY CATHOLIC MEDICAL CENTER- MERCY FITZGERALD,PA,Acute Care Hospitals,Voluntary non-profit - Private,2,213,98,138,3,77,8,2,25.0
390125,WAYNE MEMORIAL HOSPITAL,PA,Acute Care Hospitals,Voluntary non-profit - Private,2,214,100,138,3,49,8,0,0.0
390153,PAOLI HOSPITAL,PA,Acute Care Hospitals,Voluntary non-profit - Private,5,215,101,138,3,55,10,0,0.0
390012,JEFFERSON LANSDALE HOSPITAL,PA,Acute Care Hospitals,Voluntary non-profit - Private,3,216,102,138,3,53,6,2,33.3
390096,PENN STATE HEALTH ST. JOSEPH,PA,Acute Care Hospitals,Voluntary non-profit - Private,3,216,102,138,3,57,10,0,0.0
390204,NAZARETH HOSPITAL,PA,Acute Care Hospitals,Voluntary non-profit - Private,2,216,102,138,3,82,7,1,14.3
390039,UPMC SOMERSET,PA,Acute Care Hospitals,Voluntary non-profit - Private,4,217,105,138,4,45,7,0,0.0
390057,ST LUKE'S HOSPITAL - GRAND VIEW CAMPUS,PA,Acute Care Hospitals,Voluntary non-profit - Other,4,218,106,138,4,53,8,0,0.0
390233,UPMC HANOVER,PA,Acute Care Hospitals,Voluntary non-profit - Private,4,218,106,138,4,79,10,0,0.0
390026,TEMPLE HEALTH - CHESTNUT HILL HOSPITAL,PA,Acute Care Hospitals,Voluntary non-profit - Private,2,220,108,138,4,71,7,2,28.6
390028,UPMC MERCY,PA,Acute Care Hospitals,Voluntary non-profit - Private,4,222,109,138,4,65,8,0,0.0
390203,DOYLESTOWN HOSPITAL,PA,Acute Care Hospitals,Voluntary non-profit - Private,4,224,110,138,4,26,11,2,18.2
390102,UPMC ST MARGARET,PA,Acute Care Hospitals,Voluntary non-profit - Private,3,226,111,138,4,41,9,1,11.1
390027,TEMPLE UNIVERSITY HOSPITAL,PA,Acute Care Hospitals,Voluntary non-profit - Private,4,228,112,138,4,58,11,1,9.1
390164,UPMC PRESBYTERIAN SHADYSIDE,PA,Acute Care Hospitals,Voluntary non-profit - Private,4,229,113,138,4,55,11,0,0.0
390258,ST MARY MEDICAL CENTER,PA,Acute Care Hospitals,Voluntary non-profit - Private,2,229,113,138,4,80,11,3,27.3
390339,PENN STATE HEALTH LANCASTER MEDICAL CENTER,PA,Acute Care Hospitals,Voluntary non-profit - Private,3,229,113,138,4,56,6,1,16.7
390044,READING HOSPITAL,PA,Acute Care Hospitals,Voluntary non-profit - Private,4,238,116,138,4,46,11,2,18.2
390180,CROZER CHESTER MEDICAL CENTER,PA,Acute Care Hospitals,Voluntary non-profit - Other,1,238,116,138,4,51,9,0,0.0
390328,UPMC EAST,PA,Acute Care Hospitals,Voluntary non-profit - Private,4,238,116,138,4,55,10,1,10.0
390201,LEHIGH VALLEY HOSPITAL - POCONO,PA,Acute Care Hospitals,Voluntary non-profit - Private,3,239,119,138,4,60,11,2,18.2
390179,CHESTER COUNTY HOSPITAL,PA,Acute Care Hospitals,Voluntary non-profit - Private,5,247,120,138,4,59,11,0,0.0
390004,PENN STATE HEALTH HOLY SPIRIT MEDICAL CENTER,PA,Acute Care Hospitals,Voluntary non-profit - Private,3,250,121,138,4,54,9,1,11.1
390267,FORBES HOSPITAL,PA,Acute Care Hospitals,Voluntary non-profit - Private,3,252,122,138,4,56,11,1,9.1
390174,THOMAS JEFFERSON UNIVERSITY HOSPITAL,PA,Acute Care Hospitals,Voluntary non-profit - Private,3,253,123,138,4,49,11,6,54.5
390256,MILTON S HERSHEY MEDICAL CENTER,PA,Acute Care Hospitals,Voluntary non-profit - Private,4,253,123,138,4,46,11,2,18.2
390046,WELLSPAN YORK HOSPITAL,PA,Acute Care Hospitals,Voluntary non-profit - Private,4,255,125,138,4,45,10,0,0.0
390013,WELLSPAN EVANGELICAL COMMUNITY HOSPITAL,PA,Acute Care Hospitals,Voluntary non-profit - Private,4,256,126,138,4,56,10,0,0.0
390042,"WASHINGTON HOSPITAL, THE",PA,Acute Care Hospitals,Voluntary non-profit - Private,4,258,127,138,4,81,9,0,0.0
390231,JEFFERSON ABINGTON HOSPITAL,PA,Acute Care Hospitals,Voluntary non-profit - Private,3,262,128,138,4,48,11,3,27.3
390142,JEFFERSON EINSTEIN PHILADELPHIA HOSPITAL,PA,Acute Care Hospitals,Voluntary non-profit - Other,3,269,129,138,4,50,11,2,18.2
390101,UPMC MEMORIAL,PA,Acute Care Hospitals,Voluntary non-profit - Private,4,270,130,138,4,68,8,0,0.0
390226,PENNSYLVANIA HOSPITAL,PA,Acute Care Hospitals,Voluntary non-profit - Private,4,272,131,138,4,52,9,1,11.1
390050,ALLEGHENY GENERAL HOSPITAL,PA,Acute Care Hospitals,Voluntary non-profit - Private,3,274,132,138,4,35,11,0,0.0
390111,HOSPITAL OF UNIV OF PENNSYLVANIA,PA,Acute Care Hospitals,Voluntary non-profit - Private,5,280,133,138,4,69,10,1,10.0
390222,RIDDLE MEMORIAL HOSPITAL,PA,Acute Care Hospitals,Voluntary non-profit - Private,4,282,134,138,4,57,8,1,12.5
390115,JEFFERSON HEALTH- NORTHEAST,PA,Acute Care Hospitals,Voluntary non-profit - Private,2,290,135,138,4,26,11,4,36.4
390329,JEFFERSON EINSTEIN MONTGOMERY HOSPITAL,PA,Acute Care Hospitals,Voluntary non-profit - Private,4,293,136,138,4,78,10,2,20.0
390195,MAIN LINE HOSPITAL LANKENAU,PA,Acute Care Hospitals,Voluntary non-profit - Private,4,300,137,138,4,64,11,1,9.1
390223,PENN PRESBYTERIAN MEDICAL CENTER,PA,Acute Care Hospitals,Voluntary non-profit - Other,4,316,138,138,4,39,11,1,9.1
400138,PUERTO RICO WOMEN AND CHILDREN HOSPITAL LLC,PR,Acute Care Hospitals,Proprietary,Not Available,86,1,7,,,,,
400022,HOSPITAL DAMAS INC,PR,Acute Care Hospitals,Voluntary non-profit - Private,Not Available,229,2,7,,,2,0,0.0
400032,BAYAMON MEDICAL CENTER,PR,Acute Care Hospitals,Proprietary,Not Available,285,3,7,,,2,0,0.0
400048,HOSPITAL MENONITA GUAYAMA,PR,Acute Care Hospitals,Voluntary non-profit - Private,Not Available,286,4,7,,,1,0,0.0
400132,DOCTORS CENTER HOSPITAL  CAROLINA LLC,PR,Acute Care Hospitals,Proprietary,Not Available,315,5,7,,,1,0,0.0
400137,DOCTORS CENTER HOSPITAL ORLANDO HEALTH DORADO,PR,Acute Care Hospitals,Proprietary,2,328,6,7,,27,1,0,0.0
400114,MANATI MEDICAL CENTER DR OTERO LOPEZ,PR,Acute Care Hospitals,Voluntary non-profit - Private,1,443,7,7,,97,1,0,0.0
410013,WESTERLY HOSPITAL,RI,Acute Care Hospitals,Voluntary non-profit - Private,4,131,1,10,1,52,8,0,0.0
410006,NEWPORT HOSPITAL,RI,Acute Care Hospitals,Voluntary non-profit - Private,4,175,2,10,1,55,7,1,14.3
410005,OUR LADY OF FATIMA HOSPITAL,RI,Acute Care Hospitals,Proprietary,3,192,3,10,1,75,7,0,0.0
410008,SOUTH COUNTY HOSPITAL INC,RI,Acute Care Hospitals,Voluntary non-profit - Private,4,204,4,10,2,60,9,1,11.1
410004,ROGER WILLIAMS MEDICAL CENTER,RI,Acute Care Hospitals,Proprietary,3,216,5,10,2,76,8,0,0.0
410010,WOMEN & INFANTS HOSPITAL OF RHODE ISLAND,RI,Acute Care Hospitals,Voluntary non-profit - Private,4,229,6,10,2,,5,0,0.0
410011,LANDMARK MEDICAL CENTER,RI,Acute Care Hospitals,Voluntary non-profit - Private,2,229,6,10,3,61,9,3,33.3
410007,RHODE ISLAND HOSPITAL,RI,Acute Care Hospitals,Voluntary non-profit - Private,4,262,8,10,3,59,10,1,10.0
410009,KENT COUNTY MEMORIAL HOSPITAL,RI,Acute Care Hospitals,Proprietary,3,264,9,10,4,65,10,1,10.0
410012,THE MIRIAM HOSPITAL,RI,Acute Care Hospitals,Voluntary non-profit - Private,4,303,10,10,4,59,10,0,0.0
421304,EDGEFIELD COUNTY HEALTHCARE AN AFFILIATE OF SELF R,SC,Critical Access Hospitals,Voluntary non-profit - Private,Not Available,83,1,52,1,,1,0,0.0
420087,ROPER HOSPITAL,SC,Acute Care Hospitals,Voluntary non-profit - Private,4,97,2,52,1,74,9,2,22.2
420053,NEWBERRY COUNTY MEMORIAL HOSPITAL,SC,Acute Care Hospitals,Voluntary non-profit - Other,3,109,3,52,1,75,8,1,12.5
420011,CANNON MEMORIAL HOSPITAL,SC,Acute Care Hospitals,Voluntary non-profit - Private,Not Available,116,4,52,1,55,3,0,0.0
421301,ABBEVILLE AREA MEDICAL CENTER,SC,Critical Access Hospitals,Voluntary non-profit - Other,Not Available,118,5,52,1,71,3,0,0.0
420079,TRIDENT MEDICAL CENTER,SC,Acute Care Hospitals,Proprietary,3,120,6,52,1,84,11,2,18.2
420055,MUSC HEALTH MARION MEDICAL CENTER,SC,Acute Care Hospitals,Government - State,3,123,7,52,1,82,5,0,0.0
420030,COLLETON MEDICAL CENTER,SC,Acute Care Hospitals,Proprietary,3,124,8,52,1,79,7,2,28.6
420101,COASTAL CAROLINA HOSPITAL,SC,Acute Care Hospitals,Proprietary,4,126,9,52,1,63,8,0,0.0
420104,MOUNT PLEASANT HOSPITAL,SC,Acute Care Hospitals,Voluntary non-profit - Private,5,129,10,52,1,81,7,2,28.6
420107,MCLEOD HEALTH CHERAW,SC,Acute Care Hospitals,Voluntary non-profit - Private,3,129,10,52,1,62,6,1,16.7
420085,GRAND STRAND REGIONAL MEDICAL CENTER,SC,Acute Care Hospitals,Proprietary,2,130,12,52,1,70,9,1,11.1
420049,CONWAY MEDICAL CENTER,SC,Acute Care Hospitals,Voluntary non-profit - Private,2,134,13,52,1,76,9,1,11.1
420105,MCLEOD LORIS  HOSPITAL,SC,Acute Care Hospitals,Voluntary non-profit - Private,4,135,14,52,2,74,8,2,25.0
420110,ROPER ST FRANCIS HOSPITAL-BERKELEY INC,SC,Acute Care Hospitals,Voluntary non-profit - Private,5,136,15,52,2,71,7,0,0.0
420026,MUSC HEALTH COLUMBIA MEDICAL CENTER DOWNTOWN,SC,Acute Care Hospitals,Voluntary non-profit - Private,3,138,16,52,2,49,9,1,11.1
420010,CAROLINA PINES REGIONAL MEDICAL CENTER,SC,Acute Care Hospitals,Proprietary,2,140,17,52,2,90,6,2,33.3
420036,MUSC HEALTH LANCASTER MEDICAL CENTER,SC,Acute Care Hospitals,Proprietary,4,141,18,52,2,72,6,1,16.7
420038,PRISMA HEALTH LAURENS COUNTY HOSPITAL,SC,Acute Care Hospitals,Voluntary non-profit - Private,4,142,19,52,2,70,5,0,0.0
420019,MUSC HEALTH CHESTER MEDICAL CENTER,SC,Acute Care Hospitals,Proprietary,Not Available,143,20,52,2,69,4,0,0.0
420065,BON SECOURS-ST FRANCIS XAVIER HOSPITAL,SC,Acute Care Hospitals,Voluntary non-profit - Private,3,144,21,52,2,76,8,2,25.0
420089,NOVANT HEALTH EAST COOPER MEDICAL CENTER,SC,Acute Care Hospitals,Proprietary,4,144,21,52,2,84,6,0,0.0
420009,PRISMA HEALTH OCONEE MEMORIAL HOSPITAL,SC,Acute Care Hospitals,Voluntary non-profit - Private,4,154,23,52,2,69,7,1,14.3
420108,UNION MEDICAL CENTER,SC,Acute Care Hospitals,Voluntary non-profit - Other,Not Available,156,24,52,2,,2,0,0.0
420086,PRISMA HEALTH BAPTIST,SC,Acute Care Hospitals,Voluntary non-profit - Private,4,159,25,52,2,62,7,0,0.0
420023,ST FRANCIS-DOWNTOWN,SC,Acute Care Hospitals,Voluntary non-profit - Private,4,160,26,52,2,58,11,1,9.1
420020,TIDELANDS GEORGETOWN MEMORIAL HOSPITAL,SC,Acute Care Hospitals,Voluntary non-profit - Private,2,161,27,52,3,34,9,1,11.1
420043,CHEROKEE MEDICAL CENTER,SC,Acute Care Hospitals,Government - Hospital District or Authority,2,162,28,52,3,64,5,1,20.0
420106,PRISMA HEALTH BAPTIST PARKRIDGE,SC,Acute Care Hospitals,Voluntary non-profit - Private,4,165,29,52,3,68,5,0,0.0
420048,KERSHAWHEALTH,SC,Acute Care Hospitals,Proprietary,3,169,30,52,3,53,7,0,0.0
420005,MCLEOD MEDICAL CENTER - DILLON,SC,Acute Care Hospitals,Voluntary non-profit - Private,3,171,31,52,3,75,6,2,33.3
420080,NOVANT HEALTH HILTON HEAD MEDICAL CENTER,SC,Acute Care Hospitals,Voluntary non-profit - Other,2,172,32,52,3,49,11,1,9.1
420015,PRISMA HEALTH BAPTIST EASLEY HOSPITAL,SC,Acute Care Hospitals,Voluntary non-profit - Private,4,173,33,52,3,64,6,0,0.0
420103,PELHAM MEDICAL CENTER,SC,Acute Care Hospitals,Government - Hospital District or Authority,5,173,33,52,3,68,6,1,16.7
420082,AIKEN REGIONAL MEDICAL CENTER,SC,Acute Care Hospitals,Proprietary,2,175,35,52,3,57,7,0,0.0
420037,PRISMA HEALTH HILLCREST HOSPITAL,SC,Acute Care Hospitals,Voluntary non-profit - Private,4,176,36,52,3,66,6,0,0.0
420070,PRISMA HEALTH TUOMEY HOSPITAL,SC,Acute Care Hospitals,Voluntary non-profit - Private,3,177,37,52,3,60,6,1,16.7
420098,TIDELANDS WACCAMAW COMMUNITY HOSPITAL,SC,Acute Care Hospitals,Voluntary non-profit - Private,4,178,38,52,3,54,7,0,0.0
420007,SPARTANBURG MEDICAL CENTER,SC,Acute Care Hospitals,Government - Hospital District or Authority,2,180,39,52,3,54,11,3,27.3
420072,HAMPTON REGIONAL MEDICAL CENTER,SC,Acute Care Hospitals,Voluntary non-profit - Private,Not Available,186,40,52,4,43,4,0,0.0
420091,MUSC HEALTH FLORENCE MEDICAL CENTER,SC,Acute Care Hospitals,Government - State,3,187,41,52,4,66,9,1,11.1
420002,PIEDMONT MEDICAL CENTER,SC,Acute Care Hospitals,Proprietary,2,188,42,52,4,32,9,2,22.2
420071,SELF REGIONAL HEALTHCARE,SC,Acute Care Hospitals,Voluntary non-profit - Private,4,204,43,52,4,66,11,1,9.1
420004,MUSC MEDICAL CENTER,SC,Acute Care Hospitals,Government - Hospital District or Authority,2,205,44,52,4,45,11,2,18.2
420033,PRISMA HEALTH GREER MEMORIAL HOSPITAL,SC,Acute Care Hospitals,Voluntary non-profit - Private,5,207,45,52,4,60,6,1,16.7
420067,BEAUFORT COUNTY MEMORIAL HOSPITAL,SC,Acute Care Hospitals,Government - Local,4,217,46,52,4,81,10,0,0.0
420109,MCLEOD HEALTH CLARENDON,SC,Acute Care Hospitals,Voluntary non-profit - Private,3,220,47,52,4,63,6,0,0.0
420018,PRISMA HEALTH RICHLAND HOSPITAL,SC,Acute Care Hospitals,Voluntary non-profit - Private,3,224,48,52,4,57,8,1,12.5
420073,LEXINGTON MEDICAL CENTER,SC,Acute Care Hospitals,Voluntary non-profit - Private,3,224,48,52,4,66,11,3,27.3
420078,PRISMA HEALTH GREENVILLE MEMORIAL HOSPITAL,SC,Acute Care Hospitals,Voluntary non-profit - Private,4,227,50,52,4,53,10,0,0.0
420051,MCLEOD REGIONAL MEDICAL CENTER-PEE DEE,SC,Acute Care Hospitals,Voluntary non-profit - Private,3,230,51,52,4,68,11,2,18.2
420027,ANMED HEALTH,SC,Acute Care Hospitals,Voluntary non-profit - Private,4,258,52,52,4,60,10,0,0.0
431339,COTEAU DES PRAIRIES HEALTH CARE SYSTEM,SD,Critical Access Hospitals,Voluntary non-profit - Private,4,48,1,50,1,,3,0,0.0
431314,BENNETT COUNTY HOSPITAL AND NURSING HOME - CAH,SD,Critical Access Hospitals,Voluntary non-profit - Private,Not Available,78,2,50,1,,,,
431325,MOBRIDGE REGIONAL HOSPITAL - CAH,SD,Critical Access Hospitals,Voluntary non-profit - Private,Not Available,84,3,50,1,,2,0,0.0
431329,SANFORD CHAMBERLAIN MEDICAL CENTER,SD,Critical Access Hospitals,Voluntary non-profit - Private,Not Available,87,4,50,1,,2,0,0.0
431319,HANS P PETERSON MEMORIAL HOSPITAL - CAH,SD,Critical Access Hospitals,Voluntary non-profit - Private,Not Available,92,5,50,1,,2,0,0.0
431318,BOWDLE HOSPITAL - CAH,SD,Critical Access Hospitals,Government - Local,Not Available,98,6,50,1,,,,
431316,COMMUNITY MEMORIAL HOSPITAL,SD,Critical Access Hospitals,Government - Local,4,99,7,50,1,,4,0,0.0
431320,MONUMENT HEALTH LEAD-DEADWOOD HOSPITAL,SD,Critical Access Hospitals,Voluntary non-profit - Private,Not Available,99,7,50,1,,1,0,0.0
430008,BROOKINGS HEALTH SYSTEM,SD,Acute Care Hospitals,Government - Local,4,100,9,50,1,78,8,0,0.0
431307,SANFORD CLEAR LAKE MEDICAL CENTER,SD,Critical Access Hospitals,Voluntary non-profit - Private,Not Available,100,9,50,1,,,,
431322,FALL RIVER HOSPITAL - CAH,SD,Critical Access Hospitals,Government - Local,Not Available,101,11,50,1,,2,0,0.0
431335,HURON REGIONAL MEDICAL CENTER,SD,Critical Access Hospitals,Voluntary non-profit - Private,2,101,11,50,1,56,5,0,0.0
431340,AVERA QUEEN OF PEACE,SD,Critical Access Hospitals,Voluntary non-profit - Private,4,103,13,50,1,89,9,0,0.0
431300,MADISON REGIONAL HEALTH SYSTEM,SD,Critical Access Hospitals,Voluntary non-profit - Private,Not Available,104,14,50,2,,2,0,0.0
431312,MARSHALL COUNTY HEALTHCARE CENTER - CAH,SD,Critical Access Hospitals,Voluntary non-profit - Private,Not Available,105,15,50,2,,2,0,0.0
431331,AVERA DELLS AREA HOSPITAL  - CAH,SD,Critical Access Hospitals,Voluntary non-profit - Private,Not Available,105,15,50,2,,2,0,0.0
431336,SANFORD VERMILLION MEDICAL CENTER,SD,Critical Access Hospitals,Voluntary non-profit - Private,Not Available,107,17,50,2,,2,0,0.0
430095,AVERA HEART HOSPITAL OF SOUTH DAKOTA,SD,Acute Care Hospitals,Proprietary,5,108,18,50,2,,5,0,0.0
431334,WINNER REGIONAL HEALTHCARE CENTER - CAH,SD,Critical Access Hospitals,Voluntary non-profit - Private,Not Available,108,18,50,2,,3,0,0.0
431330,AVERA ST BENEDICT HEALTH CENTER - CAH,SD,Critical Access Hospitals,Voluntary non-profit - Private,5,110,20,50,2,,3,0,0.0
431311,SANFORD HOSPITAL WEBSTER - CAH,SD,Critical Access Hospitals,Voluntary non-profit - Private,Not Available,111,21,50,2,,2,0,0.0
431310,AVERA FLANDREAU HOSPITAL - CAH,SD,Critical Access Hospitals,Voluntary non-profit - Private,Not Available,112,22,50,2,,3,0,0.0
431328,PIONEER MEMORIAL HOSPITAL - CAH,SD,Critical Access Hospitals,Voluntary non-profit - Private,Not Available,114,23,50,2,,,,
431337,AVERA HAND COUNTY MEMORIAL HOSPITAL AND CLINIC,SD,Critical Access Hospitals,Voluntary non-profit - Private,Not Available,114,23,50,2,,3,0,0.0
431305,DOUGLAS COUNTY MEMORIAL HOSPITAL-CAH,SD,Critical Access Hospitals,Voluntary non-profit - Private,Not Available,115,25,50,2,,1,0,0.0
431383,EAGLE BUTTE INDIAN HEALTH SERVICE HOSPITAL,SD,Critical Access Hospitals,Government - Federal,Not Available,115,25,50,2,,,,
430012,AVERA SACRED HEART HOSPITAL,SD,Acute Care Hospitals,Voluntary non-profit - Private,3,116,27,50,3,80,6,0,0.0
431315,WAGNER COMMUNITY MEMORIAL HOSPITAL - CAH,SD,Critical Access Hospitals,Voluntary non-profit - Private,Not Available,116,27,50,3,,1,0,0.0
431327,ST MICHAEL'S HOSPITAL - CAH,SD,Critical Access Hospitals,Government - Local,Not Available,116,27,50,3,,2,0,0.0
430016,AVERA MCKENNAN HOSPITAL & UNIVERSITY HEALTH CENTER,SD,Acute Care Hospitals,Voluntary non-profit - Private,4,117,30,50,3,61,9,1,11.1
431302,AVERA MISSOURI RIVER HEALTH CENTER,SD,Critical Access Hospitals,Voluntary non-profit - Private,Not Available,117,30,50,3,,2,0,0.0
430005,"PRAIRIE LAKES HEALTHCARE SYSTEM, INC",SD,Acute Care Hospitals,Voluntary non-profit - Private,3,118,32,50,3,81,9,1,11.1
431301,FAULKTON AREA MEDICAL CENTER,SD,Critical Access Hospitals,Voluntary non-profit - Private,Not Available,118,32,50,3,,2,0,0.0
431332,AVERA DE SMET MEMORIAL HOSPITAL - CAH,SD,Critical Access Hospitals,Voluntary non-profit - Private,Not Available,119,34,50,3,,,,
430014,AVERA ST LUKES,SD,Acute Care Hospitals,Voluntary non-profit - Church,4,123,35,50,3,73,9,1,11.1
431333,SANFORD CANTON-INWOOD MEDICAL CENTER - CAH,SD,Critical Access Hospitals,Voluntary non-profit - Private,Not Available,124,36,50,3,,1,0,0.0
431326,MILBANK AREA HOSPITAL/AVERA HEALTH,SD,Critical Access Hospitals,Voluntary non-profit - Private,Not Available,125,37,50,3,,2,0,0.0
431308,EUREKA COMMUNITY HEALTH SERVICES - CAH,SD,Critical Access Hospitals,Voluntary non-profit - Other,Not Available,126,38,50,3,,2,0,0.0
431313,FREEMAN MEDICAL CENTER - CAH,SD,Critical Access Hospitals,Voluntary non-profit - Private,Not Available,126,38,50,4,,1,0,0.0
431306,PLATTE HEALTH CENTER,SD,Critical Access Hospitals,Voluntary non-profit - Private,Not Available,128,40,50,4,,3,0,0.0
430015,AVERA ST MARY'S HOSPITAL,SD,Acute Care Hospitals,Voluntary non-profit - Private,2,129,41,50,4,81,9,0,0.0
430097,SANFORD MEDICAL CENTER ABERDEEN,SD,Acute Care Hospitals,Voluntary non-profit - Private,4,134,42,50,4,56,8,0,0.0
431321,MONUMENT HEALTH STURGIS HOSPITAL,SD,Critical Access Hospitals,Voluntary non-profit - Other,Not Available,134,42,50,4,75,4,0,0.0
431323,MONUMENT HEALTH CUSTER HOSPITAL,SD,Critical Access Hospitals,Voluntary non-profit - Private,Not Available,134,42,50,4,,2,0,0.0
431309,COMMUNITY MEMORIAL HOSPITAL,SD,Critical Access Hospitals,Voluntary non-profit - Private,Not Available,135,45,50,4,,1,0,0.0
431324,AVERA WESKOTA MEMORIAL MEDICAL CENTER - CAH,SD,Critical Access Hospitals,Voluntary non-profit - Private,Not Available,138,46,50,4,,1,0,0.0
430048,MONUMENT HEALTH SPEARFISH HOSPITAL,SD,Acute Care Hospitals,Voluntary non-profit - Private,4,140,47,50,4,57,5,1,20.0
431338,AVERA GREGORY HOSPITAL,SD,Critical Access Hospitals,Voluntary non-profit - Private,Not Available,140,47,50,4,,3,0,0.0
430077,MONUMENT HEALTH RAPID CITY HOSPITAL,SD,Acute Care Hospitals,Voluntary non-profit - Private,3,160,49,50,4,65,11,1,9.1
430027,SANFORD USD MEDICAL CENTER,SD,Acute Care Hospitals,Voluntary non-profit - Private,5,196,50,50,4,42,11,0,0.0
441301,HIGHPOINT HEALTH-TROUSDALE WITH ASCENSION SAINT,TN,Critical Access Hospitals,Voluntary non-profit - Other,Not Available,80,1,90,1,,1,0,0.0
440200,STONES RIVER HOSPITAL,TN,Acute Care Hospitals,Proprietary,Not Available,90,2,90,1,,1,0,0.0
441307,HIGHPOINT HEALTH-RIVERVIEW WITH ASCENSION SAINT TH,TN,Critical Access Hospitals,Proprietary,4,95,3,90,1,74,5,0,0.0
441306,ERLANGER BLEDSOE HOSPITAL,TN,Critical Access Hospitals,Government - Hospital District or Authority,Not Available,97,4,90,1,,2,0,0.0
441313,HANCOCK COUNTY HOSPITAL,TN,Critical Access Hospitals,Voluntary non-profit - Other,Not Available,106,5,90,1,,,,
440148,DEKALB COMMUNITY HOSPITAL,TN,Acute Care Hospitals,Voluntary non-profit - Church,Not Available,107,6,90,1,,3,0,0.0
441305,MACON COMMUNITY HOSPITAL,TN,Critical Access Hospitals,Voluntary non-profit - Private,3,108,7,90,1,,5,2,40.0
440156,PARKRIDGE MEDICAL CENTER,TN,Acute Care Hospitals,Proprietary,4,110,8,90,1,68,9,3,33.3
441322,HOUSTON COUNTY COMMUNITY HOSPITAL,TN,Critical Access Hospitals,Government - Local,Not Available,111,9,90,1,,1,0,0.0
440032,HAWKINS COUNTY MEMORIAL HOSPITAL,TN,Acute Care Hospitals,Voluntary non-profit - Private,Not Available,112,10,90,1,77,3,0,0.0
440187,LIVINGSTON REGIONAL HOSPITAL,TN,Acute Care Hospitals,Proprietary,2,114,11,90,1,63,5,1,20.0
440161,TRISTAR CENTENNIAL MEDICAL CENTER,TN,Acute Care Hospitals,Proprietary,4,115,12,90,1,75,11,3,27.3
440046,TRISTAR HORIZON MEDICAL CENTER,TN,Acute Care Hospitals,Proprietary,3,116,13,90,1,69,8,2,25.0
441314,LAUDERDALE COMMUNITY HOSPITAL,TN,Critical Access Hospitals,Proprietary,Not Available,116,13,90,1,,1,0,0.0
441309,MARSHALL MEDICAL CENTER,TN,Critical Access Hospitals,Government - Hospital District or Authority,Not Available,117,15,90,1,,3,0,0.0
440016,BAPTIST MEMORIAL HOSPITAL - CARROLL COUNTY,TN,Acute Care Hospitals,Voluntary non-profit - Private,4,118,16,90,1,72,5,1,20.0
440137,VANDERBILT BEDFORD HOSPITAL,TN,Acute Care Hospitals,Proprietary,4,123,17,90,1,88,6,0,0.0
440197,TRISTAR SOUTHERN HILLS MEDICAL CENTER,TN,Acute Care Hospitals,Proprietary,4,124,18,90,1,74,5,1,20.0
441303,ASCENSION SAINT THOMAS THREE RIVERS,TN,Critical Access Hospitals,Voluntary non-profit - Private,Not Available,124,18,90,1,,2,0,0.0
440007,UNITY MEDICAL CENTER,TN,Acute Care Hospitals,Voluntary non-profit - Private,3,126,20,90,1,,4,0,0.0
440020,SOUTHERN TENNESSEE REGIONAL HEALTH SYSTEM PULASKI,TN,Acute Care Hospitals,Proprietary,3,126,20,90,1,76,6,0,0.0
440102,LINCOLN MEDICAL CENTER,TN,Acute Care Hospitals,Government - Local,3,126,20,90,1,67,4,1,25.0
441304,JOHNSON COUNTY COMMUNITY HOSPITAL,TN,Critical Access Hospitals,Voluntary non-profit - Private,Not Available,126,20,90,1,,,,
441316,WEST TENNESSEE HEALTHCARE CAMDEN HOSPITAL,TN,Critical Access Hospitals,Government - Hospital District or Authority,Not Available,127,24,90,2,,2,0,0.0
441320,WEST TENNESSEE HEALTHCARE BOLIVAR HOSPITAL,TN,Critical Access Hospitals,Government - Hospital District or Authority,Not Available,128,25,90,2,,,,
440175,SOUTHERN TENNESSEE REGIONAL HEALTH SYSTEM LAWRENCE,TN,Acute Care Hospitals,Voluntary non-profit - Other,3,130,26,90,2,74,6,0,0.0
440238,HAYWOOD COUNTY COMMUNITY HOSPITAL,TN,Acute Care Hospitals,Proprietary,Not Available,130,26,90,2,,1,0,0.0
440111,METRO NASHVILLE GENERAL HOSPITAL,TN,Acute Care Hospitals,Government - Hospital District or Authority,4,134,28,90,2,39,1,0,0.0
440065,TRISTAR NORTHCREST MEDICAL CENTER,TN,Acute Care Hospitals,Voluntary non-profit - Other,3,137,29,90,2,74,6,1,16.7
440130,BAPTIST MEMORIAL HOSPITAL UNION CITY,TN,Acute Care Hospitals,Voluntary non-profit - Private,4,139,30,90,2,68,6,0,0.0
440057,CLAIBORNE MEDICAL CENTER,TN,Acute Care Hospitals,Government - Local,Not Available,142,31,90,2,57,4,1,25.0
440058,SOUTHERN TENNESSEE REGIONAL HEALTH SYSTEM WINCHEST,TN,Acute Care Hospitals,Proprietary,3,142,31,90,2,42,8,0,0.0
440003,HIGHPOINT HEALTH-SUMNER WITH ASCENSION SAINT THOMA,TN,Acute Care Hospitals,Proprietary,3,145,33,90,2,71,6,0,0.0
440033,LAFOLLETTE MEDICAL CENTER,TN,Acute Care Hospitals,Voluntary non-profit - Church,3,145,33,90,2,47,4,0,0.0
440068,STARR REGIONAL MEDICAL CENTER ATHENS,TN,Acute Care Hospitals,Proprietary,3,145,33,90,2,51,8,0,0.0
440176,INDIAN PATH COMMUNITY HOSPITAL,TN,Acute Care Hospitals,Voluntary non-profit - Private,Not Available,147,36,90,2,77,5,1,20.0
440131,BAPTIST MEMORIAL HOSPITAL TIPTON,TN,Acute Care Hospitals,Voluntary non-profit - Church,3,149,37,90,2,64,7,2,28.6
440008,HENDERSON COUNTY COMMUNITY HOSPITAL,TN,Acute Care Hospitals,Proprietary,Not Available,150,38,90,2,,2,0,0.0
440150,TRISTAR SUMMIT MEDICAL CENTER,TN,Acute Care Hospitals,Proprietary,4,150,38,90,2,70,8,0,0.0
440183,ST FRANCIS HOSPITAL,TN,Acute Care Hospitals,Proprietary,1,153,40,90,2,34,10,2,20.0
440018,SYCAMORE SHOALS HOSPITAL,TN,Acute Care Hospitals,Voluntary non-profit - Private,2,154,41,90,2,66,7,1,14.3
440109,HARDIN MEDICAL CENTER,TN,Acute Care Hospitals,Government - Local,2,154,41,90,2,69,6,1,16.7
440194,TRISTAR HENDERSONVILLE MEDICAL CENTER,TN,Acute Care Hospitals,Proprietary,4,156,43,90,2,65,8,0,0.0
441310,RHEA MEDICAL CENTER,TN,Critical Access Hospitals,Government - Local,2,156,43,90,2,,4,0,0.0
440060,WEST TENNESSEE HEALTHCARE MILAN HOSPITAL,TN,Acute Care Hospitals,Government - Local,Not Available,158,45,90,2,,3,0,0.0
440050,GREENEVILLE COMMUNITY HOSPITAL,TN,Acute Care Hospitals,Voluntary non-profit - Private,2,159,46,90,2,52,6,1,16.7
440061,VOLUNTEER COMMUNITY HOSPITAL,TN,Acute Care Hospitals,Proprietary,2,162,47,90,3,52,5,0,0.0
440228,SAINT FRANCIS BARTLETT MEDICAL CENTER,TN,Acute Care Hospitals,Proprietary,1,164,48,90,3,40,7,1,14.3
440056,TENNOVA HEALTHCARE-JEFFERSON MEMORIAL HOSPITAL,TN,Acute Care Hospitals,Proprietary,2,165,49,90,3,64,6,1,16.7
440193,VANDERBILT WILSON COUNTY HOSPITAL,TN,Acute Care Hospitals,Voluntary non-profit - Private,5,165,49,90,3,82,10,0,0.0
441323,BIG SOUTH FORK MEDICAL CENTER,TN,Critical Access Hospitals,Proprietary,Not Available,168,51,90,3,,,,
440104,ERLANGER MEDICAL CENTER,TN,Acute Care Hospitals,Government - Hospital District or Authority,4,169,52,90,3,74,11,1,9.1
440072,DYERSBURG REGIONAL MEDICAL CENTER,TN,Acute Care Hospitals,Proprietary,4,170,53,90,3,67,6,1,16.7
440110,FORT LOUDOUN MEDICAL CENTER,TN,Acute Care Hospitals,Voluntary non-profit - Other,4,170,53,90,3,66,6,0,0.0
440192,SAINT THOMAS HIGHLANDS HOSPITAL,TN,Acute Care Hospitals,Proprietary,Not Available,170,53,90,3,,5,0,0.0
441300,SAINT THOMAS HICKMAN HOSPITAL,TN,Critical Access Hospitals,Voluntary non-profit - Private,Not Available,171,56,90,3,,1,0,0.0
440006,TRISTAR SKYLINE MEDICAL CENTER,TN,Acute Care Hospitals,Voluntary non-profit - Private,2,173,57,90,3,67,7,1,14.3
440144,VANDERBILT TULLAHOMA-HARTON HOSPITAL,TN,Acute Care Hospitals,Voluntary non-profit - Other,3,173,57,90,3,87,7,1,14.3
440031,ROANE MEDICAL CENTER,TN,Acute Care Hospitals,Government - Hospital District or Authority,4,174,59,90,3,71,6,1,16.7
440048,BAPTIST MEMORIAL HOSPITAL,TN,Acute Care Hospitals,Voluntary non-profit - Private,3,174,59,90,3,62,11,2,18.2
440053,SAINT THOMAS RUTHERFORD HOSPITAL,TN,Acute Care Hospitals,Voluntary non-profit - Church,3,174,59,90,3,41,9,0,0.0
440184,FRANKLIN WOODS COMMUNITY HOSPITAL,TN,Acute Care Hospitals,Voluntary non-profit - Private,3,176,62,90,3,71,5,0,0.0
440035,VANDERBILT CLARKSVILLE HOSPITAL,TN,Acute Care Hospitals,Proprietary,1,178,63,90,3,42,7,3,42.9
440227,TRISTAR STONECREST MEDICAL CENTER,TN,Acute Care Hospitals,Proprietary,4,180,64,90,3,59,7,1,14.3
440132,WEST TENNESSEE HEALTHCARE HENRY COUNTY HOSPITAL,TN,Acute Care Hospitals,Government - Hospital District or Authority,3,182,65,90,3,47,6,0,0.0
440029,WILLIAMSON MEDICAL CENTER,TN,Acute Care Hospitals,Government - Hospital District or Authority,5,183,66,90,3,74,8,0,0.0
440034,METHODIST MEDICAL CENTER OF OAK RIDGE,TN,Acute Care Hospitals,Voluntary non-profit - Private,4,184,67,90,3,61,9,0,0.0
440153,TENNOVA HEALTHCARE - NEWPORT MEDICAL CENTER,TN,Acute Care Hospitals,Proprietary,4,184,67,90,3,60,5,0,0.0
440151,SAINT THOMAS RIVER PARK HOSPITAL,TN,Acute Care Hospitals,Voluntary non-profit - Private,3,185,69,90,4,58,6,1,16.7
440084,SWEETWATER HOSPITAL ASSOCIATION,TN,Acute Care Hospitals,Voluntary non-profit - Private,1,189,70,90,4,50,6,2,33.3
440012,WELLMONT BRISTOL REGIONAL MEDICAL CENTER,TN,Acute Care Hospitals,Government - Hospital District or Authority,2,192,71,90,4,53,11,2,18.2
440081,LECONTE MEDICAL CENTER,TN,Acute Care Hospitals,Voluntary non-profit - Other,5,195,72,90,4,66,8,0,0.0
440082,ASCENSION SAINT THOMAS HOSPITAL,TN,Acute Care Hospitals,Voluntary non-profit - Private,3,195,72,90,4,48,11,1,9.1
440120,PHYSICIANS REGIONAL MEDICAL CENTER,TN,Acute Care Hospitals,Proprietary,3,198,74,90,4,54,9,3,33.3
440030,MORRISTOWN HAMBLEN HOSPITAL ASSOCIATION,TN,Acute Care Hospitals,Government - Local,2,199,75,90,4,52,8,2,25.0
440009,CUMBERLAND MEDICAL CENTER,TN,Acute Care Hospitals,Voluntary non-profit - Private,4,201,76,90,4,50,8,1,12.5
440011,BLOUNT MEMORIAL HOSPITAL,TN,Acute Care Hospitals,Government - Local,2,203,77,90,4,46,10,1,10.0
440185,AFFILIATE OF VITRUVIAN HEALTH,TN,Acute Care Hospitals,Proprietary,2,205,78,90,4,38,8,1,12.5
440017,WELLMONT HOLSTON VALLEY MEDICAL CENTER,TN,Acute Care Hospitals,Voluntary non-profit - Private,2,207,79,90,4,52,9,0,0.0
440063,JOHNSON CITY MEDICAL CENTER,TN,Acute Care Hospitals,Voluntary non-profit - Private,1,208,80,90,4,39,11,0,0.0
440073,MAURY REGIONAL HOSPITAL,TN,Acute Care Hospitals,Government - Local,3,208,80,90,4,66,10,1,10.0
440091,"MEMORIAL HEALTHCARE SYSTEM, INC",TN,Acute Care Hospitals,Voluntary non-profit - Church,5,214,82,90,4,72,11,0,0.0
440002,JACKSON-MADISON COUNTY GENERAL HOSPITAL,TN,Acute Care Hospitals,Government - Hospital District or Authority,3,235,83,90,4,55,10,1,10.0
440049,METHODIST HOSPITALS OF MEMPHIS,TN,Acute Care Hospitals,Voluntary non-profit - Church,3,237,84,90,4,63,11,1,9.1
440125,FORT SANDERS REGIONAL MEDICAL CENTER,TN,Acute Care Hospitals,Voluntary non-profit - Private,3,242,85,90,4,60,11,2,18.2
440015,"UNIVERSITY HEALTH SYSTEM, INC",TN,Acute Care Hospitals,Voluntary non-profit - Private,4,245,86,90,4,53,11,0,0.0
440059,COOKEVILLE REGIONAL MEDICAL CENTER,TN,Acute Care Hospitals,Government - Local,2,249,87,90,4,46,11,3,27.3
440173,PARKWEST MEDICAL CENTER,TN,Acute Care Hospitals,Voluntary non-profit - Private,3,259,88,90,4,66,9,0,0.0
440039,VANDERBILT UNIVERSITY MEDICAL CENTER,TN,Acute Care Hospitals,Voluntary non-profit - Private,5,277,89,90,4,55,11,0,0.0
440152,REGIONAL ONE HEALTH,TN,Acute Care Hospitals,Government - Hospital District or Authority,1,290,90,90,4,34,4,0,0.0
451342,MITCHELL COUNTY HOSPITAL DISTRICT,TX,Critical Access Hospitals,Government - Hospital District or Authority,Not Available,47,1,328,1,,1,0,0.0
450874,BAYLOR SURGICAL HOSPITAL AT LAS COLINAS,TX,Acute Care Hospitals,Proprietary,Not Available,71,2,328,1,,3,0,0.0
450235,MEMORIAL HOSPITAL,TX,Acute Care Hospitals,Government - Hospital District or Authority,Not Available,72,3,328,1,,4,0,0.0
451399,SEYMOUR HOSPITAL,TX,Critical Access Hospitals,Government - Hospital District or Authority,Not Available,72,3,328,1,,2,0,0.0
450584,WILBARGER GENERAL HOSPITAL,TX,Acute Care Hospitals,Government - Hospital District or Authority,Not Available,78,5,328,1,11,3,0,0.0
451332,PALACIOS COMMUNITY MEDICAL CENTER,TX,Critical Access Hospitals,Voluntary non-profit - Private,Not Available,78,5,328,1,,,,
450659,HCA HOUSTON HEALTHCARE MEDICAL CENTER,TX,Acute Care Hospitals,Proprietary,4,80,7,328,1,60,5,1,20.0
451305,BURLESON ST JOSEPH HEALTH CENTER,TX,Critical Access Hospitals,Voluntary non-profit - Private,Not Available,80,7,328,1,,,,
451314,WINKLER COUNTY MEMORIAL HOSPITAL,TX,Critical Access Hospitals,Government - Hospital District or Authority,Not Available,82,9,328,1,,,,
451386,MEMORIAL HOSPITAL,TX,Critical Access Hospitals,Government - Hospital District or Authority,Not Available,82,9,328,1,,5,0,0.0
450055,ROLLING PLAINS MEMORIAL HOSPITAL,TX,Acute Care Hospitals,Government - Hospital District or Authority,Not Available,84,11,328,1,85,5,0,0.0
451318,STONEWALL MEMORIAL HOSPITAL DISTRICT,TX,Critical Access Hospitals,Government - Hospital District or Authority,Not Available,85,12,328,1,,,,
450400,PARKVIEW REGIONAL HOSPITAL,TX,Acute Care Hospitals,Proprietary,Not Available,86,13,328,1,73,2,0,0.0
451371,ASCENSION SETON EDGAR B DAVIS,TX,Critical Access Hospitals,Voluntary non-profit - Private,Not Available,89,14,328,1,,3,0,0.0
670124,THE HOSPITALS OF PROVIDENCE HORIZON CITY CAMPUS,TX,Acute Care Hospitals,Proprietary,Not Available,89,14,328,1,85,2,0,0.0
450698,LAMB HEALTHCARE CENTER,TX,Acute Care Hospitals,Government - Local,Not Available,90,16,328,1,,,,
450883,BAYLOR MEDICAL CENTER AT TROPHY CLUB,TX,Acute Care Hospitals,Proprietary,Not Available,90,16,328,1,,3,1,33.3
451307,IRAAN GENERAL HOSPITAL,TX,Critical Access Hospitals,Government - Hospital District or Authority,Not Available,90,16,328,1,,,,
451346,YOAKUM COMMUNITY HOSPITAL,TX,Critical Access Hospitals,Voluntary non-profit - Private,3,90,16,328,1,,5,0,0.0
670062,BAYLOR SCOTT & WHITE EMERGENCY HOSPITAL,TX,Acute Care Hospitals,Proprietary,Not Available,90,16,328,1,,2,0,0.0
451359,OCHILTREE GENERAL HOSPITAL,TX,Critical Access Hospitals,Government - Hospital District or Authority,Not Available,91,21,328,1,,2,0,0.0
451354,HAMILTON HOSPITAL,TX,Critical Access Hospitals,Government - Hospital District or Authority,Not Available,92,22,328,1,,2,0,0.0
451384,COGDELL MEMORIAL HOSPITAL,TX,Critical Access Hospitals,Government - Hospital District or Authority,Not Available,92,22,328,1,,2,0,0.0
670069,METHODIST MCKINNEY HOSPITAL,TX,Acute Care Hospitals,Physician,Not Available,92,22,328,1,,3,1,33.3
450194,UT HEALTH EAST TEXAS JACKSONVILLE HOSPITAL,TX,Acute Care Hospitals,Proprietary,Not Available,93,25,328,1,73,5,1,20.0
450755,COVENANT HOSPITAL LEVELLAND,TX,Acute Care Hospitals,Voluntary non-profit - Private,Not Available,93,25,328,1,,2,0,0.0
450210,UT HEALTH EAST TEXAS CARTHAGE HOSPITAL,TX,Acute Care Hospitals,Proprietary,5,94,27,328,1,,4,0,0.0
451319,CHRISTUS MOTHER FRANCES HOSPITAL- JACKSONVILLE,TX,Critical Access Hospitals,Voluntary non-profit - Private,Not Available,94,27,328,1,85,4,0,0.0
451322,GRIMES ST JOSEPH HEALTH CENTER,TX,Critical Access Hospitals,Voluntary non-profit - Private,Not Available,94,27,328,1,,,,
451340,SHAMROCK GENERAL HOSPITAL,TX,Critical Access Hospitals,Proprietary,Not Available,94,27,328,1,,,,
670107,BAYLOR SCOTT AND WHITE EMERGENCY HOSPITAL,TX,Acute Care Hospitals,Proprietary,Not Available,95,31,328,1,,,,
451344,HANSFORD COUNTY HOSPITAL,TX,Critical Access Hospitals,Government - Hospital District or Authority,Not Available,96,32,328,1,,2,1,50.0
450155,HEREFORD REGIONAL MEDICAL CENTER,TX,Acute Care Hospitals,Government - Hospital District or Authority,Not Available,97,33,328,1,,2,0,0.0
451311,SWEENY COMMUNITY HOSPITAL,TX,Critical Access Hospitals,Government - Hospital District or Authority,Not Available,97,33,328,1,,1,0,0.0
451352,HARDEMAN COUNTY MEMORIAL HOSPITAL,TX,Critical Access Hospitals,Government - Hospital District or Authority,Not Available,97,33,328,1,,,,
451328,RICELAND MEDICAL CENTER,TX,Critical Access Hospitals,Proprietary,Not Available,100,36,328,1,,,,
451338,CULBERSON HOSPITAL,TX,Critical Access Hospitals,Voluntary non-profit - Other,Not Available,100,36,328,1,,,,
450253,BELLVILLE MEDICAL CENTER,TX,Acute Care Hospitals,Government - Hospital District or Authority,Not Available,101,38,328,1,,3,0,0.0
450422,BAYLOR SCOTT AND WHITE MEDICAL CENTER UPTOWN,TX,Acute Care Hospitals,Proprietary,Not Available,101,38,328,1,,3,0,0.0
450565,PALO PINTO GENERAL HOSPITAL,TX,Acute Care Hospitals,Government - Hospital District or Authority,3,101,38,328,1,54,6,0,0.0
451304,SCHLEICHER COUNTY MEDICAL CENTER,TX,Critical Access Hospitals,Proprietary,Not Available,102,41,328,1,,,,
451312,RICE MEDICAL CENTER,TX,Critical Access Hospitals,Proprietary,Not Available,102,41,328,1,,1,0,0.0
451382,COMANCHE COUNTY MEDICAL CENTER,TX,Critical Access Hospitals,Voluntary non-profit - Private,3,102,41,328,1,,5,0,0.0
670109,BAYTOWN MEDICAL CENTER LP,TX,Acute Care Hospitals,Proprietary,Not Available,102,41,328,1,,1,0,0.0
451323,ADVENTHEALTH ROLLINS BROOK,TX,Critical Access Hospitals,Voluntary non-profit - Church,4,103,45,328,1,,4,1,25.0
451335,MUENSTER MEMORIAL HOSPITAL,TX,Critical Access Hospitals,Government - Hospital District or Authority,Not Available,103,45,328,1,,,,
670314,ST MICHAELS MEDICAL HOSPITAL LLC,TX,Acute Care Hospitals,Proprietary,Not Available,103,45,328,1,,,,
450144,PERMIAN REGIONAL MEDICAL CENTER ANDREWS COUNTY HO,TX,Acute Care Hospitals,Government - Hospital District or Authority,Not Available,104,48,328,1,,3,0,0.0
450641,NOCONA GENERAL HOSPITAL,TX,Acute Care Hospitals,Government - Hospital District or Authority,1,104,48,328,1,65,4,1,25.0
450711,RIO GRANDE REGIONAL HOSPITAL,TX,Acute Care Hospitals,Proprietary,4,104,48,328,1,87,5,0,0.0
451316,MADISON ST JOSEPH HEALTH CENTER,TX,Critical Access Hospitals,Voluntary non-profit - Private,Not Available,104,48,328,1,,,,
451398,PAMPA REGIONAL MEDICAL CENTER,TX,Critical Access Hospitals,Voluntary non-profit - Private,Not Available,104,48,328,1,,2,0,0.0
450102,CHRISTUS MOTHER FRANCES HOSPITAL,TX,Acute Care Hospitals,Voluntary non-profit - Private,4,105,53,328,1,81,11,1,9.1
450330,OAKBEND MEDICAL CENTER,TX,Acute Care Hospitals,Government - Hospital District or Authority,3,106,54,328,1,60,6,0,0.0
450451,GLEN ROSE MEDICAL CENTER,TX,Acute Care Hospitals,Government - Hospital District or Authority,Not Available,106,54,328,1,,3,1,33.3
450804,TEXAS ORTHOPEDIC HOSPITAL,TX,Acute Care Hospitals,Voluntary non-profit - Other,Not Available,106,54,328,1,,3,0,0.0
451317,REFUGIO COUNTY MEMORIAL HOSPITAL,TX,Critical Access Hospitals,Government - Hospital District or Authority,Not Available,106,54,328,1,,,,
451320,BAYSIDE COMMUNITY HOSPITAL,TX,Critical Access Hospitals,Voluntary non-profit - Other,Not Available,106,54,328,1,,,,
670131,BAYLOR SCOTT & WHITE MEDICAL CENTER - BUDA,TX,Acute Care Hospitals,Voluntary non-profit - Private,Not Available,106,54,328,1,81,1,0,0.0
671302,STEPHENS MEMORIAL HOSPITAL,TX,Critical Access Hospitals,Government - Hospital District or Authority,Not Available,106,54,328,1,,,,
450489,MEDICAL ARTS HOSPITAL,TX,Acute Care Hospitals,Government - Hospital District or Authority,Not Available,107,61,328,1,,1,0,0.0
451313,FISHER COUNTY HOSPITAL DISTRICT,TX,Critical Access Hospitals,Government - Hospital District or Authority,Not Available,107,61,328,1,,,,
451329,RANKIN HOSPITAL MEDICAL CLINIC,TX,Critical Access Hospitals,Government - Hospital District or Authority,Not Available,107,61,328,1,,,,
670049,NORTH CENTRAL SURGICAL CENTER LLP,TX,Acute Care Hospitals,Voluntary non-profit - Other,Not Available,107,61,328,1,,4,0,0.0
450834,"PHYSICIANS CENTRE,THE",TX,Acute Care Hospitals,Proprietary,Not Available,108,65,328,1,,3,1,33.3
451350,PLAINS MEMORIAL HOSPITAL,TX,Critical Access Hospitals,Government - Local,Not Available,108,65,328,1,,,,
450119,SOUTH TEXAS HEALTH SYSTEM,TX,Acute Care Hospitals,Proprietary,4,109,67,328,1,68,8,1,12.5
451303,LIMESTONE MEDICAL CENTER,TX,Critical Access Hospitals,Government - Hospital District or Authority,Not Available,109,67,328,1,,2,0,0.0
451375,LIBERTY DAYTON REGIONAL MEDICAL CENTER,TX,Critical Access Hospitals,Government - Hospital District or Authority,Not Available,109,67,328,1,,1,0,0.0
670103,MEDICAL CITY ALLIANCE,TX,Acute Care Hospitals,Voluntary non-profit - Private,3,109,67,328,1,67,6,2,33.3
451343,ELECTRA MEMORIAL HOSPITAL,TX,Critical Access Hospitals,Government - Hospital District or Authority,Not Available,110,71,328,1,,2,0,0.0
451372,MULESHOE AREA MEDICAL CENTER,TX,Critical Access Hospitals,Proprietary,Not Available,110,71,328,1,,,,
450399,BROWNFIELD REGIONAL MEDICAL CENTER,TX,Acute Care Hospitals,Government - Hospital District or Authority,Not Available,111,73,328,1,,2,1,50.0
450644,HCA HOUSTON HEALTHCARE WEST,TX,Acute Care Hospitals,Proprietary,1,112,74,328,1,68,5,2,40.0
450853,BAYLOR SCOTT & WHITE MEDICAL CENTER - FRISCO,TX,Acute Care Hospitals,Proprietary,3,112,74,328,1,,4,0,0.0
450888,TEXAS HEALTH HARRIS METHODIST HOSPITAL SOUTHLAKE,TX,Acute Care Hospitals,Proprietary,Not Available,112,74,328,1,,3,0,0.0
451392,HAMILTON GENERAL HOSPITAL,TX,Critical Access Hospitals,Government - Hospital District or Authority,Not Available,112,74,328,1,,3,0,0.0
670285,ELITE HOSPITAL KINGWOOD,TX,Acute Care Hospitals,Proprietary,Not Available,112,74,328,1,,,,
670326,BRUSHY CREEK FAMILY HOSPITAL LLC,TX,Acute Care Hospitals,Proprietary,Not Available,112,74,328,1,,,,
450658,FREESTONE MEDICAL CENTER,TX,Acute Care Hospitals,Government - Hospital District or Authority,Not Available,113,80,328,1,,3,0,0.0
451341,HASKELL MEMORIAL HOSPITAL,TX,Critical Access Hospitals,Government - Hospital District or Authority,Not Available,114,81,328,1,,1,0,0.0
451361,SABINE COUNTY HOSPITAL,TX,Critical Access Hospitals,Proprietary,Not Available,114,81,328,1,,2,0,0.0
451396,MID COAST MEDICAL CENTER - CENTRAL,TX,Critical Access Hospitals,Physician,Not Available,114,81,328,2,,,,
670078,BAPTIST NEIGHBORHOOD HOSPITAL THOUSAND OAKS,TX,Acute Care Hospitals,Proprietary,5,114,81,328,2,80,3,0,0.0
450165,METHODIST HOSPITAL ATASCOSA,TX,Acute Care Hospitals,Proprietary,3,115,85,328,2,71,4,0,0.0
450653,SCENIC MOUNTAIN MEDICAL CENTER,TX,Acute Care Hospitals,Proprietary,Not Available,115,85,328,2,51,4,1,25.0
450672,MEDICAL CITY FORT WORTH,TX,Acute Care Hospitals,Proprietary,2,115,85,328,2,69,9,5,55.6
451325,CONCHO COUNTY HOSPITAL,TX,Critical Access Hospitals,Government - Local,Not Available,115,85,328,2,,,,
451355,COLLINGSWORTH GENERAL HOSPITAL,TX,Critical Access Hospitals,Proprietary,Not Available,115,85,328,2,,1,0,0.0
450324,TEXOMA MEDICAL CENTER,TX,Acute Care Hospitals,Proprietary,4,116,90,328,2,58,9,3,33.3
450617,HCA HOUSTON HEALTHCARE CLEAR LAKE,TX,Acute Care Hospitals,Proprietary,4,116,90,328,2,69,9,2,22.2
450880,BAYLOR SCOTT AND WHITE SURGICAL HOSPITAL FORTWORTH,TX,Acute Care Hospitals,Physician,Not Available,116,90,328,2,,3,1,33.3
451333,MARTIN COUNTY HOSPITAL DISTRICT,TX,Critical Access Hospitals,Government - Hospital District or Authority,Not Available,116,90,328,2,,1,0,0.0
450108,CONNALLY MEMORIAL MEDICAL CENTER,TX,Acute Care Hospitals,Government - Hospital District or Authority,3,117,94,328,2,68,5,0,0.0
450670,HCA HOUSTON HEALTHCARE TOMBALL,TX,Acute Care Hospitals,Proprietary,3,117,94,328,2,81,9,4,44.4
450694,EL CAMPO MEMORIAL HOSPITAL,TX,Acute Care Hospitals,Voluntary non-profit - Other,3,117,94,328,2,53,4,0,0.0
450825,CORNERSTONE REGIONAL HOSPITAL,TX,Acute Care Hospitals,Proprietary,Not Available,117,94,328,2,,1,0,0.0
670067,BAYLOR SCOTT AND WHITE ORTHOPEDIC AND SPINE HOSPI,TX,Acute Care Hospitals,Proprietary,Not Available,117,94,328,2,,3,1,33.3
670136,BAYLOR SCOTT & WHITE MEDICAL CENTER- AUSTIN,TX,Acute Care Hospitals,Voluntary non-profit - Private,Not Available,117,94,328,2,80,4,1,25.0
451353,CRANE COUNTY HOSPITAL DISTRICT,TX,Critical Access Hospitals,Government - Hospital District or Authority,Not Available,118,100,328,2,,,,
670331,MID COAST MEDICAL CENTER-TRINITY,TX,Acute Care Hospitals,Voluntary non-profit - Other,Not Available,118,100,328,2,,,,
450369,CHILDRESS REGIONAL MEDICAL CENTER,TX,Acute Care Hospitals,Government - Hospital District or Authority,Not Available,119,102,328,2,,5,0,0.0
451393,CROCKETT MEDICAL CENTER,TX,Critical Access Hospitals,Physician,Not Available,119,102,328,2,,1,0,0.0
450775,HCA HOUSTON HEALTHCARE KINGWOOD,TX,Acute Care Hospitals,Proprietary,3,120,104,328,2,65,9,2,22.2
450893,THE HEART HOSPITAL BAYLOR DENTON,TX,Acute Care Hospitals,Physician,5,120,104,328,2,,5,0,0.0
670073,METHODIST HOSPITAL FOR SURGERY,TX,Acute Care Hospitals,Proprietary,4,120,104,328,2,,3,0,0.0
670076,BAYLOR SCOTT AND WHITE SURGICAL HOSPITAL AT SHERMA,TX,Acute Care Hospitals,Physician,3,120,104,328,2,,4,0,0.0
450090,NORTH TEXAS MEDICAL CENTER,TX,Acute Care Hospitals,Voluntary non-profit - Private,4,121,108,328,2,79,7,0,0.0
451330,MEDINA REGIONAL HOSPITAL,TX,Critical Access Hospitals,Government - Hospital District or Authority,Not Available,121,108,328,2,,2,0,0.0
451349,SWISHER MEMORIAL HOSPITAL,TX,Critical Access Hospitals,Voluntary non-profit - Private,Not Available,121,108,328,2,,,,
451365,ASCENSION SETON HIGHLAND LAKES,TX,Critical Access Hospitals,Voluntary non-profit - Private,5,121,108,328,2,,6,0,0.0
451376,LAVACA MEDICAL CENTER,TX,Critical Access Hospitals,Government - Hospital District or Authority,4,121,108,328,2,,3,0,0.0
671301,HEMPHILL COUNTY HOSPITAL,TX,Critical Access Hospitals,Government - Hospital District or Authority,Not Available,121,108,328,2,,,,
450087,MEDICAL CITY NORTH HILLS,TX,Acute Care Hospitals,Proprietary,2,122,115,328,2,70,8,1,12.5
450465,MATAGORDA REGIONAL MEDICAL CENTER,TX,Acute Care Hospitals,Government - Hospital District or Authority,5,122,115,328,2,71,5,0,0.0
450669,MEDICAL CITY LEWISVILLE,TX,Acute Care Hospitals,Voluntary non-profit - Private,3,122,115,328,2,81,7,1,14.3
670106,HCA HOUSTON HEALTHCARE PEARLAND,TX,Acute Care Hospitals,Proprietary,3,122,115,328,2,74,5,0,0.0
450097,HCA HOUSTON HEALTHCARE SOUTHEAST,TX,Acute Care Hospitals,Proprietary,3,123,119,328,2,84,7,1,14.3
450643,DOCTORS HOSPITAL OF LAREDO,TX,Acute Care Hospitals,Proprietary,4,123,119,328,2,51,6,1,16.7
450107,LAS PALMAS MEDICAL CENTER A CAMPUS OF LPDS HEALTHC,TX,Acute Care Hospitals,Proprietary,2,124,121,328,2,80,11,2,18.2
451324,LILLIAN M HUDSPETH MEMORIAL HOSPITAL,TX,Critical Access Hospitals,Government - Hospital District or Authority,Not Available,124,121,328,2,,,,
451378,BIG BEND REGIONAL MEDICAL CENTER,TX,Critical Access Hospitals,Proprietary,Not Available,124,121,328,2,98,3,0,0.0
450241,FAITH COMMUNITY HOSPITAL,TX,Acute Care Hospitals,Government - Hospital District or Authority,Not Available,125,124,328,2,,2,0,0.0
450833,ENNIS REGIONAL MEDICAL CENTER,TX,Acute Care Hospitals,Proprietary,Not Available,125,124,328,2,46,4,1,25.0
451300,PARMER COUNTY COMMUNITY HOSPITAL,TX,Critical Access Hospitals,Voluntary non-profit - Private,Not Available,125,124,328,2,,,,
451363,JACKSON HEALTHCARE CENTER,TX,Critical Access Hospitals,Government - Hospital District or Authority,Not Available,125,124,328,2,,2,0,0.0
451373,WARD MEMORIAL HOSPITAL,TX,Critical Access Hospitals,Government - Local,Not Available,125,124,328,2,,2,1,50.0
451391,FRIO REGIONAL HOSPITAL,TX,Critical Access Hospitals,Voluntary non-profit - Private,Not Available,125,124,328,2,57,1,0,0.0
450675,MEDICAL CITY ARLINGTON,TX,Acute Care Hospitals,Proprietary,2,126,130,328,2,61,7,3,42.9
450351,TEXAS HEALTH HARRIS METHODIST HOSPITAL STEPHENVILL,TX,Acute Care Hospitals,Voluntary non-profit - Private,4,127,131,328,2,82,5,1,20.0
670059,CHI ST LUKES LAKESIDE HOSPITAL,TX,Acute Care Hospitals,Voluntary non-profit - Other,Not Available,127,131,328,2,,2,0,0.0
450196,PARIS REGIONAL MEDICAL CENTER,TX,Acute Care Hospitals,Proprietary,1,128,133,328,2,47,8,1,12.5
450596,LAKE GRANBURY MEDICAL CENTER,TX,Acute Care Hospitals,Proprietary,3,128,133,328,2,69,6,1,16.7
450147,DE TAR HOSPITAL NAVARRO,TX,Acute Care Hospitals,Proprietary,2,129,135,328,2,61,9,1,11.1
450634,MEDICAL CITY DENTON,TX,Acute Care Hospitals,Proprietary,4,129,135,328,2,70,9,4,44.4
451351,LYNN COUNTY HOSPITAL DISTRICT,TX,Critical Access Hospitals,Government - Hospital District or Authority,Not Available,129,135,328,2,,1,0,0.0
670320,EAST HOUSTON MEDICAL CENTER,TX,Acute Care Hospitals,Proprietary,Not Available,129,135,328,2,,,,
450229,HENDRICK MEDICAL CENTER,TX,Acute Care Hospitals,Voluntary non-profit - Private,3,130,139,328,2,49,11,0,0.0
450460,TYLER COUNTY HOSPITAL,TX,Acute Care Hospitals,Government - Hospital District or Authority,Not Available,130,139,328,2,,2,0,0.0
450475,UT HEALTH EAST TEXAS HENDERSON HOSPITAL,TX,Acute Care Hospitals,Proprietary,5,130,139,328,2,82,4,0,0.0
450203,MEDICAL CITY WEATHERFORD,TX,Acute Care Hospitals,Proprietary,2,131,142,328,2,69,8,2,25.0
450702,LONGVIEW REGIONAL MEDICAL CENTER,TX,Acute Care Hospitals,Proprietary,3,131,142,328,2,38,9,1,11.1
451380,UT HEALTH EAST TEXAS QUITMAN HOSPITAL,TX,Critical Access Hospitals,Voluntary non-profit - Other,4,131,142,328,2,,6,0,0.0
450032,CHRISTUS GOOD SHEPHERD MEDICAL CENTER,TX,Acute Care Hospitals,Voluntary non-profit - Private,4,132,145,328,2,94,8,2,25.0
450788,"CORPUS CHRISTI MEDICAL CENTER,THE",TX,Acute Care Hospitals,Voluntary non-profit - Other,4,132,145,328,2,72,8,0,0.0
450856,SOUTH TEXAS SPINE AND SURGICAL HOSPITAL,TX,Acute Care Hospitals,Physician,Not Available,132,145,328,2,,3,1,33.3
451379,CORYELL MEMORIAL HOSPITAL,TX,Critical Access Hospitals,Government - Hospital District or Authority,Not Available,132,145,328,2,56,3,0,0.0
450379,DALLAS MEDICAL CENTER,TX,Acute Care Hospitals,Proprietary,3,133,149,328,2,61,3,1,33.3
451394,KNOX COUNTY HOSPITAL,TX,Critical Access Hospitals,Government - Local,Not Available,133,149,328,2,,,,
671300,GRAHAM REGIONAL MEDICAL CENTER,TX,Critical Access Hospitals,Government - Hospital District or Authority,Not Available,133,149,328,2,,5,0,0.0
450388,METHODIST HOSPITAL,TX,Acute Care Hospitals,Proprietary,4,134,152,328,2,57,11,4,36.4
450395,CHI ST LUKES HEALTH MEMORIAL LIVINGSTON,TX,Acute Care Hospitals,Voluntary non-profit - Private,4,134,152,328,2,89,6,1,16.7
450747,PALESTINE REGIONAL MEDICAL CENTER,TX,Acute Care Hospitals,Proprietary,1,134,152,328,2,57,6,0,0.0
450865,ASCENSION SETON  SOUTHWEST,TX,Acute Care Hospitals,Voluntary non-profit - Private,Not Available,134,152,328,2,,4,0,0.0
451347,COLEMAN COUNTY MEDICAL CENTER COMPANY,TX,Critical Access Hospitals,Proprietary,Not Available,134,152,328,2,,4,0,0.0
670043,ASCENSION SETON CEDAR PARK,TX,Acute Care Hospitals,Voluntary non-profit - Private,3,134,152,328,2,63,8,1,12.5
450209,NORTHWEST TEXAS HOSPITAL,TX,Acute Care Hospitals,Voluntary non-profit - Private,3,135,158,328,2,41,8,0,0.0
450419,TEXAS HEALTH HARRIS METHODIST HOSPITAL AZLE,TX,Acute Care Hospitals,Voluntary non-profit - Private,4,135,158,328,2,92,5,0,0.0
451310,BALLINGER MEMORIAL HOSPITAL,TX,Critical Access Hospitals,Government - Hospital District or Authority,Not Available,135,158,328,2,,1,0,0.0
451367,UT HEALTH EAST TEXAS PITTSBURG HOSPITAL,TX,Critical Access Hospitals,Proprietary,3,136,161,328,2,,5,0,0.0
670132,METHODIST SOUTHLAKE MEDICAL CENTER,TX,Acute Care Hospitals,Proprietary,Not Available,136,161,328,2,,2,0,0.0
450272,CHRISTUS SANTA ROSA HOSPITAL-SAN MARCOS,TX,Acute Care Hospitals,Voluntary non-profit - Church,4,137,163,328,2,78,6,1,16.7
450822,MEDICAL CITY LAS COLINAS,TX,Acute Care Hospitals,Proprietary,4,137,163,328,2,72,6,0,0.0
670128,BAYLOR SCOTT & WHITE MEDICAL CENTER PFLUGERVILLE,TX,Acute Care Hospitals,Voluntary non-profit - Private,4,137,163,328,3,72,5,1,20.0
450651,MEDICAL CITY PLANO,TX,Acute Care Hospitals,Proprietary,3,138,166,328,3,53,9,2,22.2
451385,GOODALL WITCHER HOSPITAL,TX,Critical Access Hospitals,Government - Hospital District or Authority,Not Available,138,166,328,3,,2,0,0.0
450148,TEXAS HEALTH HARRIS METHODIST HOSPITAL CLEBURNE,TX,Acute Care Hospitals,Voluntary non-profit - Private,5,139,168,328,3,78,6,0,0.0
450236,CHRISTUS MOTHER FRANCES HOSPITAL SULPHUR SPRINGS,TX,Acute Care Hospitals,Voluntary non-profit - Private,4,139,168,328,3,81,9,1,11.1
450403,MEDICAL CENTER OF MCKINNEY,TX,Acute Care Hospitals,Proprietary,3,139,168,328,3,62,8,2,25.0
450718,ROUND ROCK MEDICAL CENTER,TX,Acute Care Hospitals,Proprietary,3,139,168,328,3,77,8,1,12.5
450638,HCA HOUSTON HEALTHCARE NORTHWEST,TX,Acute Care Hospitals,Proprietary,2,140,172,328,3,74,5,2,40.0
450647,MEDICAL CITY DALLAS HOSPITAL,TX,Acute Care Hospitals,Proprietary,3,140,172,328,3,59,11,2,18.2
450840,TEXAS HEALTH PRESBYTERIAN HOSPITAL ALLEN,TX,Acute Care Hospitals,Voluntary non-profit - Private,4,140,172,328,3,70,8,0,0.0
450128,KNAPP MEDICAL CENTER,TX,Acute Care Hospitals,Voluntary non-profit - Private,5,141,175,328,3,73,4,0,0.0
451306,KIMBLE HOSPITAL,TX,Critical Access Hospitals,Proprietary,Not Available,141,175,328,3,,1,0,0.0
450028,VALLEY BAPTIST MEDICAL CENTER- BROWNSVILLE,TX,Acute Care Hospitals,Proprietary,3,142,177,328,3,61,7,0,0.0
450152,ADVENTHEALTH CENTRAL TEXAS,TX,Acute Care Hospitals,Voluntary non-profit - Church,3,142,177,328,3,45,7,1,14.3
450742,BAYLOR SCOTT AND WHITE MEDICAL CENTER LAKE POINTE,TX,Acute Care Hospitals,Voluntary non-profit - Private,4,142,177,328,3,81,8,1,12.5
450082,CHRISTUS SPOHN HOSPITAL BEEVILLE,TX,Acute Care Hospitals,Voluntary non-profit - Private,2,144,180,328,3,84,4,0,0.0
450484,WOODLAND HEIGHTS MEDICAL CENTER,TX,Acute Care Hospitals,Proprietary,3,144,180,328,3,38,9,1,11.1
450571,SHANNON MEDICAL CENTER,TX,Acute Care Hospitals,Voluntary non-profit - Private,3,144,180,328,3,65,11,0,0.0
450690,UNIVERSITY OF TEXAS HEALTH SCIENCE CENTER AT TYLER,TX,Acute Care Hospitals,Government - State,4,144,180,328,3,,7,0,0.0
450864,BAYLOR SCOTT & WHITE TEXAS SPINE & JOINT HOSPITAL,TX,Acute Care Hospitals,Physician,5,145,184,328,3,,3,1,33.3
670098,RESOLUTE HEALTH HOSPITAL,TX,Acute Care Hospitals,Proprietary,4,145,184,328,3,68,8,2,25.0
450639,TEXAS HEALTH HARRIS METHODIST HURST-EULESS-BEDFORD,TX,Acute Care Hospitals,Voluntary non-profit - Private,4,146,186,328,3,79,8,2,25.0
670031,ST LUKE'S PATIENTS MEDICAL CENTER,TX,Acute Care Hospitals,Proprietary,3,147,187,328,3,62,6,2,33.3
450292,TEXAS HEALTH PRESBYTERIAN HOSPITAL KAUFMAN,TX,Acute Care Hospitals,Voluntary non-profit - Private,Not Available,148,188,328,3,84,4,0,0.0
451389,PECOS COUNTY MEMORIAL HOSPITAL,TX,Critical Access Hospitals,Government - Local,Not Available,148,188,328,3,,,,
670115,CLEVELAND EMERGENCY HOSPITAL,TX,Acute Care Hospitals,Proprietary,Not Available,148,188,328,3,,,,
450389,UT HEALTH EAST TEXAS ATHENS HOSPITAL,TX,Acute Care Hospitals,Proprietary,2,149,191,328,3,81,6,1,16.7
450713,ST DAVID'S SOUTH AUSTIN MEDICAL CENTER,TX,Acute Care Hospitals,Proprietary,3,149,191,328,3,85,11,2,18.2
450872,USMD HOSPITAL AT ARLINGTON L P,TX,Acute Care Hospitals,Physician,Not Available,149,191,328,3,,3,0,0.0
450064,TEXAS HEALTH ARLINGTON MEMORIAL HOSPITAL,TX,Acute Care Hospitals,Voluntary non-profit - Private,4,150,194,328,3,80,6,0,0.0
450079,BAYLOR SCOTT & WHITE MEDICAL CENTER AT IRVING,TX,Acute Care Hospitals,Voluntary non-profit - Private,5,150,194,328,3,93,7,0,0.0
670068,TEXAS HEALTH PRESBYTERIAN HOSPITAL FLOWER MOUND,TX,Acute Care Hospitals,Proprietary,5,150,194,328,3,71,6,1,16.7
450176,MISSION REGIONAL MEDICAL CENTER,TX,Acute Care Hospitals,Voluntary non-profit - Private,4,151,197,328,3,56,6,1,16.7
450656,NACOGDOCHES MEDICAL CENTER,TX,Acute Care Hospitals,Voluntary non-profit - Other,3,151,197,328,3,65,9,1,11.1
450132,MEDICAL CENTER HOSPITAL,TX,Acute Care Hospitals,Government - Hospital District or Authority,3,153,199,328,3,67,8,1,12.5
450469,WILSON N JONES REGIONAL MEDICAL CENTER,TX,Acute Care Hospitals,Proprietary,2,153,199,328,3,58,5,1,20.0
450661,ODESSA REGIONAL MEDICAL CENTER,TX,Acute Care Hospitals,Proprietary,3,153,199,328,3,50,7,0,0.0
450885,BAYLOR SCOTT &  WHITE MEDICAL CENTER - CENTENNIAL,TX,Acute Care Hospitals,Voluntary non-profit - Private,5,153,199,328,3,85,6,1,16.7
450033,VHS HARLINGEN HOSPITAL COMPANY LLC,TX,Acute Care Hospitals,Proprietary,2,154,203,328,3,58,10,2,20.0
450801,CHRISTUS ST MICHAEL HEALTH SYSTEM,TX,Acute Care Hospitals,Voluntary non-profit - Private,3,154,203,328,3,73,11,3,27.3
450072,CHI ST LUKE'S HEALTH BRAZOSPORT,TX,Acute Care Hospitals,Voluntary non-profit - Private,4,155,205,328,3,68,8,1,12.5
670309,TEXAS HEALTH HOSPITAL MANSFIELD,TX,Acute Care Hospitals,Voluntary non-profit - Private,5,155,205,328,3,90,5,0,0.0
450222,HCA HOUSTON HEALTHCARE CONROE,TX,Acute Care Hospitals,Proprietary,2,156,207,328,3,71,8,3,37.5
450709,HOUSTON METHODIST CLEAR LAKE HOSPITAL,TX,Acute Care Hospitals,Voluntary non-profit - Private,5,156,207,328,3,67,9,3,33.3
450809,NORTH AUSTIN MEDICAL CENTER,TX,Acute Care Hospitals,Proprietary,3,156,207,328,3,68,8,1,12.5
670267,THE WOODLANDS SPECIALTY HOSPITAL,TX,Acute Care Hospitals,Proprietary,Not Available,156,207,328,3,,1,0,0.0
670260,TEXAS HEALTH HOSPITAL FRISCO,TX,Acute Care Hospitals,Voluntary non-profit - Private,4,157,211,328,3,78,6,1,16.7
450011,CHI ST JOSEPH HEALTH REGIONAL HOSPITAL,TX,Acute Care Hospitals,Voluntary non-profit - Private,2,158,212,328,3,73,9,1,11.1
450083,UT HEALTH EAST TEXAS TYLER REGIONAL HOSPITAL,TX,Acute Care Hospitals,Proprietary,2,158,212,328,3,73,11,4,36.4
450539,COVENANT HOSPITAL PLAINVIEW,TX,Acute Care Hospitals,Voluntary non-profit - Private,4,158,212,328,3,71,5,0,0.0
450604,HILL COUNTRY MEMORIAL HOSPITAL,TX,Acute Care Hospitals,Proprietary,4,158,212,328,3,66,7,0,0.0
450743,TEXAS HEALTH PRESBYTERIAN HOSPITAL DENTON,TX,Acute Care Hospitals,Voluntary non-profit - Private,5,158,212,328,3,89,8,0,0.0
450891,TEXAS HEALTH CENTER FOR DIAGNOSTICS & SURGERY PLAN,TX,Acute Care Hospitals,Physician,Not Available,158,212,328,3,,3,0,0.0
450867,ASCENSION SETON NORTHWEST,TX,Acute Care Hospitals,Voluntary non-profit - Private,4,159,218,328,3,53,7,2,28.6
670008,MEMORIAL HERMANN HOUSTON PHYSICIANS HOSPITAL,TX,Acute Care Hospitals,Physician,Not Available,159,218,328,3,,4,1,25.0
670025,BAYLOR SCOTT & WHITE THE HEART HOSPITAL PLANO,TX,Acute Care Hospitals,Physician,4,159,218,328,3,,6,0,0.0
670108,BAYLOR SCOTT & WHITE MEDICAL CENTER - MARBLE FALLS,TX,Acute Care Hospitals,Voluntary non-profit - Private,4,159,218,328,3,70,9,0,0.0
450431,ST DAVID'S MEDICAL CENTER,TX,Acute Care Hospitals,Proprietary,4,161,222,328,3,77,9,1,11.1
450573,CHRISTUS JASPER MEMORIAL HOSPITAL,TX,Acute Care Hospitals,Voluntary non-profit - Private,4,162,223,328,3,51,5,0,0.0
450007,PETERSON REGIONAL MEDICAL CENTER,TX,Acute Care Hospitals,Voluntary non-profit - Private,4,163,224,328,3,71,7,1,14.3
450040,COVENANT MEDICAL CENTER,TX,Acute Care Hospitals,Voluntary non-profit - Private,3,163,224,328,3,58,8,0,0.0
450855,HARLINGEN MEDICAL CENTER,TX,Acute Care Hospitals,Proprietary,4,163,224,328,3,49,8,1,12.5
670047,THE HOSPITALS OF PROVIDENCE - EAST CAMPUS,TX,Acute Care Hospitals,Proprietary,2,163,224,328,3,41,6,2,33.3
670090,CRESCENT MEDICAL CENTER LANCASTER,TX,Acute Care Hospitals,Proprietary,2,163,224,328,3,,1,0,0.0
670300,METHODIST MIDLOTHIAN MEDICAL CENTER,TX,Acute Care Hospitals,Voluntary non-profit - Private,4,163,224,328,3,92,5,0,0.0
451387,UVALDE MEMORIAL HOSPITAL,TX,Critical Access Hospitals,Government - Hospital District or Authority,3,164,230,328,3,83,7,1,14.3
450462,TEXAS HEALTH PRESBYTERIAN HOSPITAL DALLAS,TX,Acute Care Hospitals,Voluntary non-profit - Private,4,165,231,328,3,68,9,1,11.1
450597,CUERO REGIONAL HOSPITAL,TX,Acute Care Hospitals,Government - Hospital District or Authority,4,165,231,328,3,66,5,0,0.0
670056,ASCENSION  SETON HAYS,TX,Acute Care Hospitals,Voluntary non-profit - Private,3,165,231,328,3,43,8,1,12.5
450010,UNITED REGIONAL HEALTH CARE SYSTEM,TX,Acute Care Hospitals,Voluntary non-profit - Private,3,166,234,328,3,67,11,0,0.0
450193,Baylor St Lukes Medical Center,TX,Acute Care Hospitals,Voluntary non-profit - Church,4,166,234,328,3,63,10,1,10.0
450358,HOUSTON METHODIST HOSPITAL,TX,Acute Care Hospitals,Voluntary non-profit - Private,5,166,234,328,3,57,11,3,27.3
451390,DIMMIT REGIONAL HOSPITAL,TX,Critical Access Hospitals,Voluntary non-profit - Private,Not Available,167,237,328,3,,,,
450668,SIERRA MEDICAL CENTER,TX,Acute Care Hospitals,Proprietary,2,168,238,328,3,46,8,0,0.0
450688,DALLAS REGIONAL MEDICAL CENTER,TX,Acute Care Hospitals,Proprietary,3,168,238,328,3,65,5,1,20.0
450862,ST LUKE'S THE WOODLANDS HOSPITAL,TX,Acute Care Hospitals,Voluntary non-profit - Private,3,168,238,328,3,62,10,1,10.0
450876,LUBBOCK HEART HOSPITAL LP,TX,Acute Care Hospitals,Government - Hospital District or Authority,2,168,238,328,3,,8,1,12.5
670053,ST LUKE'S SUGAR LAND HOSPITAL,TX,Acute Care Hospitals,Voluntary non-profit - Private,3,168,238,328,3,65,5,1,20.0
450002,THE HOSPITALS OF PROVIDENCE - MEMORIAL CAMPUS,TX,Acute Care Hospitals,Proprietary,2,169,243,328,3,47,7,1,14.3
450135,TEXAS HEALTH HARRIS METHODIST FORT WORTH,TX,Acute Care Hospitals,Voluntary non-profit - Private,4,169,243,328,3,76,8,0,0.0
45070F,Darnall AMC (FT Cavazos),TX,Acute Care - Department of Defense,Department of Defense,Not Available,170,245,328,3,58,,,
450211,CHI ST LUKES HEALTH MEMORIAL LUFKIN,TX,Acute Care Hospitals,Voluntary non-profit - Private,2,172,246,328,3,66,7,2,28.6
670055,METHODIST HOSPITAL  STONE OAK,TX,Acute Care Hospitals,Proprietary,4,172,246,328,4,66,9,2,22.2
450674,"WOMANS HOSPITAL OF TEXAS,THE",TX,Acute Care Hospitals,Proprietary,4,174,248,328,4,81,2,0,0.0
450771,TEXAS HEALTH PRESBYTERIAN HOSPITAL PLANO,TX,Acute Care Hospitals,Voluntary non-profit - Private,4,174,248,328,4,72,9,2,22.2
670080,SETON MEDICAL CENTER HARKER HEIGHTS,TX,Acute Care Hospitals,Proprietary,4,174,248,328,4,86,7,2,28.6
450029,LAREDO MEDICAL CENTER,TX,Acute Care Hospitals,Proprietary,4,176,251,328,4,57,9,0,0.0
450237,CHRISTUS SANTA ROSA MEDICAL CENTER,TX,Acute Care Hospitals,Voluntary non-profit - Private,3,176,251,328,4,77,11,0,0.0
450370,COLUMBUS COMMUNITY HOSPITAL,TX,Acute Care Hospitals,Voluntary non-profit - Private,2,176,251,328,4,,5,0,0.0
450828,CHRISTUS SPOHN HOSPITAL ALICE,TX,Acute Care Hospitals,Voluntary non-profit - Private,3,176,251,328,4,78,4,1,25.0
450831,SURGERY SPECIALTY HOSPITALS OF AMERICA SE HOUSTON,TX,Acute Care Hospitals,Proprietary,Not Available,176,251,328,4,,,,
450844,HOUSTON METHODIST WILLOWBROOK HOSPITAL,TX,Acute Care Hospitals,Voluntary non-profit - Private,5,176,251,328,4,79,10,2,20.0
450848,MEMORIAL HERMANN SUGAR LAND HOSPITAL,TX,Acute Care Hospitals,Voluntary non-profit - Private,4,176,251,328,4,45,7,1,14.3
450508,NACOGDOCHES MEMORIAL HOSPITAL,TX,Acute Care Hospitals,Proprietary,2,178,258,328,4,47,5,2,40.0
450092,FORT DUNCAN MEDICAL CENTER,TX,Acute Care Hospitals,Proprietary,3,179,259,328,4,50,4,1,25.0
450662,VALLEY REGIONAL MEDICAL CENTER,TX,Acute Care Hospitals,Proprietary,2,179,259,328,4,62,7,2,28.6
670041,ASCENSION SETON WILLIAMSON,TX,Acute Care Hospitals,Voluntary non-profit - Private,4,179,259,328,4,48,8,0,0.0
450352,HUNT REGIONAL MEDICAL CENTER,TX,Acute Care Hospitals,Government - Hospital District or Authority,2,180,262,328,4,57,10,2,20.0
450447,NAVARRO REGIONAL HOSPITAL,TX,Acute Care Hospitals,Government - Hospital District or Authority,2,180,262,328,4,64,7,0,0.0
45069F,Brooke Army Medical Center (FT Sam Houston),TX,Acute Care - Department of Defense,Department of Defense,Not Available,180,262,328,4,48,,,
450537,METHODIST RICHARDSON MEDICAL CENTER,TX,Acute Care Hospitals,Voluntary non-profit - Private,4,181,265,328,4,85,10,0,0.0
450587,HENDRICK MEDICAL CENTER BROWNWOOD,TX,Acute Care Hospitals,Voluntary non-profit - Private,1,181,265,328,4,54,10,1,10.0
450046,CHRISTUS SPOHN HOSPITAL CORPUS CHRISTI,TX,Acute Care Hospitals,Voluntary non-profit - Private,3,182,267,328,4,81,11,1,9.1
450058,BAPTIST MEDICAL CENTER,TX,Acute Care Hospitals,Proprietary,3,182,267,328,4,59,11,1,9.1
450779,TEXAS HEALTH HARRIS METHODIST HOSPITAL SOUTHWEST F,TX,Acute Care Hospitals,Voluntary non-profit - Private,5,182,267,328,4,83,8,1,12.5
670044,TEXAS HEALTH PRESBYTERIAN HOSPITAL ROCKWALL,TX,Acute Care Hospitals,Proprietary,5,182,267,328,4,72,6,0,0.0
670120,THE HOSPITALS OF PROVIDENCE TRANSMOUNTAIN CAMPUS,TX,Acute Care Hospitals,Proprietary,2,182,267,328,4,49,5,1,20.0
450104,GUADALUPE REGIONAL MEDICAL CENTER,TX,Acute Care Hospitals,Government - Local,2,183,272,328,4,73,7,2,28.6
670085,TEXAS HEALTH HARRIS METHODIST HOSPITAL ALLIANCE,TX,Acute Care Hospitals,Voluntary non-profit - Private,5,185,273,328,4,77,7,0,0.0
450056,ASCENSION SETON MEDICAL CENTER AUSTIN,TX,Acute Care Hospitals,Voluntary non-profit - Private,3,186,274,328,4,37,11,2,18.2
450163,CHRISTUS SPOHN HOSPITAL KLEBERG,TX,Acute Care Hospitals,Voluntary non-profit - Private,2,186,274,328,4,69,4,0,0.0
450677,TEXAS HEALTH HUGULEY HOSPITAL FORT WORTH SOUTH,TX,Acute Care Hospitals,Voluntary non-profit - Private,3,186,274,328,4,75,7,1,14.3
450080,TITUS REGIONAL MEDICAL CENTER,TX,Acute Care Hospitals,Government - Hospital District or Authority,3,187,277,328,4,73,7,0,0.0
450035,ST JOSEPH MEDICAL CENTER,TX,Acute Care Hospitals,Physician,3,189,278,328,4,63,4,0,0.0
450563,BAYLOR SCOTT & WHITE MEDICAL CENTER  GRAPEVINE,TX,Acute Care Hospitals,Voluntary non-profit - Private,4,189,278,328,4,89,8,1,12.5
450039,JPS HEALTH NETWORK,TX,Acute Care Hospitals,Government - Hospital District or Authority,4,190,280,328,4,84,8,1,12.5
450347,HUNTSVILLE MEMORIAL HOSPITAL,TX,Acute Care Hospitals,Voluntary non-profit - Private,2,190,280,328,4,66,6,0,0.0
450654,STARR COUNTY MEMORIAL HOSPITAL,TX,Acute Care Hospitals,Government - Hospital District or Authority,2,190,280,328,4,58,4,0,0.0
450686,UNIVERSITY MEDICAL CENTER,TX,Acute Care Hospitals,Government - Hospital District or Authority,2,190,280,328,4,35,10,1,10.0
45068F,William Beaumont AMG (FT Bliss),TX,Acute Care - Department of Defense,Department of Defense,Not Available,190,280,328,4,46,,,
450018,UNIVERSITY OF TEXAS MEDICAL BRANCH GALVESTON,TX,Acute Care Hospitals,Government - State,3,191,285,328,4,34,10,3,30.0
451331,COON MEMORIAL HOSPITAL,TX,Critical Access Hospitals,Government - Hospital District or Authority,Not Available,192,286,328,4,,1,0,0.0
450034,CHRISTUS SOUTHEAST TEXAS- ST ELIZABETH,TX,Acute Care Hospitals,Voluntary non-profit - Private,4,193,287,328,4,72,8,2,25.0
450133,MIDLAND MEMORIAL HOSPITAL,TX,Acute Care Hospitals,Government - Hospital District or Authority,1,193,287,328,4,66,8,2,25.0
450023,CITIZENS MEDICAL CENTER,TX,Acute Care Hospitals,Voluntary non-profit - Other,3,194,289,328,4,53,10,2,20.0
450200,WADLEY REGIONAL MEDICAL CENTER,TX,Acute Care Hospitals,Physician,Not Available,194,289,328,4,,2,0,0.0
450678,WHITE ROCK MEDICAL CENTER,TX,Acute Care Hospitals,Proprietary,2,194,289,328,4,17,4,1,25.0
670034,BAYLOR SCOTT & WHITE MEDICAL CENTER - ROUND ROCK,TX,Acute Care Hospitals,Voluntary non-profit - Private,4,195,292,328,4,80,11,0,0.0
670077,HOUSTON METHODIST WEST HOSPITAL,TX,Acute Care Hospitals,Voluntary non-profit - Private,5,196,293,328,4,81,11,0,0.0
670333,WESTOVER HILLS BAPTIST HOSPITAL,TX,Acute Care Hospitals,Proprietary,Not Available,198,294,328,4,,,,
450518,THE MEDICAL CENTER OF SOUTHEAST TEXAS,TX,Acute Care Hospitals,Physician,3,205,295,328,4,31,8,1,12.5
450723,METHODIST CHARLTON MEDICAL CENTER,TX,Acute Care Hospitals,Voluntary non-profit - Private,3,205,295,328,4,86,8,2,25.0
450820,HOUSTON METHODIST SUGARLAND HOSPITAL,TX,Acute Care Hospitals,Voluntary non-profit - Private,5,206,297,328,4,70,11,1,9.1
450154,VAL VERDE REGIONAL MEDICAL CENTER,TX,Acute Care Hospitals,Government - Hospital District or Authority,3,207,298,328,4,62,5,0,0.0
450730,CARROLLTON REGIONAL MEDICAL CENTER,TX,Acute Care Hospitals,Proprietary,2,207,298,328,4,53,5,1,20.0
670023,METHODIST MANSFIELD MEDICAL CENTER,TX,Acute Care Hospitals,Voluntary non-profit - Private,4,208,300,328,4,87,9,0,0.0
450346,BAPTIST BEAUMONT HOSPITAL,TX,Acute Care Hospitals,Voluntary non-profit - Private,3,209,301,328,4,72,10,2,20.0
450890,BAYLOR SCOTT & WHITE MEDICAL CENTER PLANO,TX,Acute Care Hospitals,Voluntary non-profit - Other,4,211,302,328,4,86,7,0,0.0
670088,BAYLOR SCOTT & WHITE MEDICAL CENTER- COLLEGE STATI,TX,Acute Care Hospitals,Voluntary non-profit - Private,4,211,302,328,4,75,11,2,18.2
450372,BAYLOR SCOTT & WHITE MEDICAL CENTER- WAXAHACHIE,TX,Acute Care Hospitals,Voluntary non-profit - Private,4,212,304,328,4,80,8,1,12.5
670075,ST LUKE'S HOSPITAL AT THE VINTAGE,TX,Acute Care Hospitals,Voluntary non-profit - Private,4,214,305,328,4,62,6,0,0.0
450042,ASCENSION PROVIDENCE,TX,Acute Care Hospitals,Voluntary non-profit - Private,2,216,306,328,4,40,9,1,11.1
450231,BSA HOSPITAL,TX,Acute Care Hospitals,Proprietary,2,217,307,328,4,67,11,1,9.1
670122,HOUSTON METHODIST THE WOODLANDS HOSPITAL,TX,Acute Care Hospitals,Voluntary non-profit - Private,5,219,308,328,4,88,11,0,0.0
450424,HOUSTON METHODIST BAYTOWN HOSPITAL,TX,Acute Care Hospitals,Voluntary non-profit - Private,5,220,309,328,4,72,10,0,0.0
450869,DOCTORS HOSPTAL AT RENAISSANCE,TX,Acute Care Hospitals,Physician,3,220,309,328,4,73,11,1,9.1
450054,BAYLOR SCOTT & WHITE MEDICAL CENTER - TEMPLE,TX,Acute Care Hospitals,Voluntary non-profit - Private,5,224,311,328,4,87,11,1,9.1
450051,METHODIST DALLAS MEDICAL CENTER,TX,Acute Care Hospitals,Voluntary non-profit - Other,3,225,312,328,4,83,6,1,16.7
450684,MEMORIAL HERMANN NORTHEAST HOSPITAL,TX,Acute Care Hospitals,Voluntary non-profit - Private,3,225,312,328,4,42,7,2,28.6
670082,BAYLOR SCOTT AND WHITE  MEDICAL CENTER  MCKINNEY,TX,Acute Care Hospitals,Voluntary non-profit - Private,4,225,312,328,4,85,7,0,0.0
450184,MEMORIAL HERMANN HOSPITAL SYSTEM,TX,Acute Care Hospitals,Voluntary non-profit - Private,3,229,315,328,4,43,9,3,33.3
670060,BAYLOR SCOTT AND WHITE MEDICAL CENTER SUNNYVALE,TX,Acute Care Hospitals,Proprietary,2,229,315,328,4,35,6,1,16.7
450137,BAYLOR SCOTT AND WHITE ALL SAINTS MEDICAL CENTER,TX,Acute Care Hospitals,Voluntary non-profit - Private,4,232,317,328,4,77,10,3,30.0
450124,DELL SETON  MED CENTER AT THE UNIVERSITY OF TX,TX,Acute Care Hospitals,Voluntary non-profit - Private,4,233,318,328,4,41,4,0,0.0
450024,UNIVERSITY MEDICAL CENTER OF EL PASO,TX,Acute Care Hospitals,Physician,3,242,319,328,4,62,8,1,12.5
450847,MEMORIAL HERMANN KATY HOSPITAL,TX,Acute Care Hospitals,Voluntary non-profit - Private,3,246,320,328,4,62,7,1,14.3
450101,BAYLOR SCOTT & WHITE MEDICAL CENTER HILLCREST,TX,Acute Care Hospitals,Voluntary non-profit - Private,4,247,321,328,4,73,10,0,0.0
450068,MEMORIAL HERMANN - TEXAS MEDICAL CENTER,TX,Acute Care Hospitals,Voluntary non-profit - Private,4,252,322,328,4,40,10,2,20.0
450610,MEMORIAL HERMANN MEMORIAL CITY HOSPITAL,TX,Acute Care Hospitals,Voluntary non-profit - Private,4,258,323,328,4,39,8,0,0.0
450021,BAYLOR UNIVERSITY MEDICAL CENTER,TX,Acute Care Hospitals,Voluntary non-profit - Private,4,274,324,328,4,71,11,1,9.1
450015,PARKLAND HEALTH & HOSPITAL SYSTEM,TX,Acute Care Hospitals,Government - Hospital District or Authority,3,292,325,328,4,45,8,0,0.0
450044,UT OF TEXAS  SOUTHWESTERN UNIVERSITY HOSPITAL - WILLIAM P. CLEMENTS JR.,TX,Acute Care Hospitals,Government - State,4,314,326,328,4,41,11,4,36.4
450289,HARRIS HEALTH,TX,Acute Care Hospitals,Government - Hospital District or Authority,3,360,327,328,4,51,5,1,20.0
450213,UNIVERSITY HEALTH SYSTEM,TX,Acute Care Hospitals,Government - Hospital District or Authority,3,374,328,328,4,82,10,0,0.0
460054,CACHE VALLEY HOSPITAL,UT,Acute Care Hospitals,Proprietary,Not Available,86,1,44,1,,2,0,0.0
461305,MILFORD MEMORIAL HOSPITAL,UT,Critical Access Hospitals,Voluntary non-profit - Other,Not Available,92,2,44,1,,,,
460017,BRIGHAM CITY COMMUNITY HOSPITAL,UT,Acute Care Hospitals,Proprietary,Not Available,94,3,44,1,68,4,0,0.0
461333,INTERMOUNTAIN HEALTH GARFIELD MEMORIAL HOSPITAL,UT,Critical Access Hospitals,Voluntary non-profit - Other,Not Available,97,4,44,1,,2,0,0.0
460043,OREM COMMUNITY HOSPITAL,UT,Acute Care Hospitals,Voluntary non-profit - Private,Not Available,98,5,44,1,,1,0,0.0
460041,HOLY CROSS HOSPITAL-DAVIS,UT,Acute Care Hospitals,Voluntary non-profit - Private,5,102,6,44,1,69,7,0,0.0
460052,TIMPANOGOS REGIONAL HOSPITAL,UT,Acute Care Hospitals,Proprietary,4,104,7,44,1,82,6,0,0.0
460060,LONE PEAK HOSPITAL,UT,Acute Care Hospitals,Proprietary,5,104,7,44,1,90,5,0,0.0
460005,OGDEN REGIONAL MEDICAL CENTER,UT,Acute Care Hospitals,Proprietary,3,107,9,44,1,69,7,0,0.0
460047,ST MARK'S HOSPITAL,UT,Acute Care Hospitals,Proprietary,4,108,10,44,1,85,8,0,0.0
461301,INTERMOUNTAIN HEALTH FILLMORE COMMUNITY HOSPITAL,UT,Critical Access Hospitals,Voluntary non-profit - Private,Not Available,108,10,44,1,,3,0,0.0
461304,CENTRAL VALLEY MEDICAL CENTER - CAH,UT,Critical Access Hospitals,Voluntary non-profit - Private,Not Available,110,12,44,2,,5,0,0.0
461309,KANE COUNTY HOSPITAL,UT,Critical Access Hospitals,Government - Hospital District or Authority,Not Available,110,12,44,2,,2,0,0.0
461303,INTERMOUNTAIN HEALTH SANPETE VALLEY HOSPITAL,UT,Critical Access Hospitals,Voluntary non-profit - Private,Not Available,113,14,44,2,69,4,0,0.0
461335,BEAVER VALLEY HOSPITAL,UT,Critical Access Hospitals,Government - Local,Not Available,113,14,44,2,,3,0,0.0
460013,MOUNTAIN VIEW HOSPITAL,UT,Acute Care Hospitals,Proprietary,5,115,16,44,2,88,6,0,0.0
460039,BEAR RIVER VALLEY HOSPITAL,UT,Acute Care Hospitals,Voluntary non-profit - Private,Not Available,115,16,44,2,71,2,0,0.0
461306,GUNNISON VALLEY HOSPITAL,UT,Critical Access Hospitals,Voluntary non-profit - Other,3,117,18,44,2,,4,0,0.0
460030,ASHLEY REGIONAL MEDICAL CENTER,UT,Acute Care Hospitals,Proprietary,4,120,19,44,2,65,5,0,0.0
461308,SAN JUAN HOSPITAL,UT,Critical Access Hospitals,Voluntary non-profit - Other,Not Available,122,20,44,2,,1,0,0.0
461307,INTERMOUNTAIN HEALTH HEBER VALLEY HOSPITAL,UT,Critical Access Hospitals,Voluntary non-profit - Private,Not Available,124,21,44,2,65,5,0,0.0
461300,INTERMOUNTAIN HEALTH DELTA COMMUNITY HOSPITAL,UT,Critical Access Hospitals,Voluntary non-profit - Private,Not Available,125,22,44,2,,2,0,0.0
460042,LAKEVIEW HOSPITAL,UT,Acute Care Hospitals,Voluntary non-profit - Other,5,126,23,44,3,88,5,0,0.0
460026,INTERMOUNTAIN HEALTH SEVIER VALLEY HOSPITAL,UT,Acute Care Hospitals,Voluntary non-profit - Private,4,128,24,44,3,67,7,0,0.0
460057,PARK CITY HOSPITAL,UT,Acute Care Hospitals,Proprietary,5,130,25,44,3,66,6,0,0.0
460011,CASTLEVIEW HOSPITAL,UT,Acute Care Hospitals,Proprietary,2,134,26,44,3,70,7,0,0.0
460023,AMERICAN FORK HOSPITAL,UT,Acute Care Hospitals,Voluntary non-profit - Private,4,135,27,44,3,66,7,0,0.0
460019,UINTAH BASIN MEDICAL CENTER,UT,Acute Care Hospitals,Voluntary non-profit - Other,2,137,28,44,3,55,6,0,0.0
460015,INTERMOUNTAIN HEALTH LOGAN REGIONAL HOSPITAL,UT,Acute Care Hospitals,Voluntary non-profit - Private,5,140,29,44,3,68,9,0,0.0
460021,ST. GEORGE REGIONAL HOSPITAL,UT,Acute Care Hospitals,Voluntary non-profit - Private,5,143,30,44,3,54,11,1,9.1
460062,INTERMOUNTAIN HEALTH SPANISH FORK HOSPITAL,UT,Acute Care Hospitals,Voluntary non-profit - Private,Not Available,144,31,44,3,74,4,0,0.0
460003,HOLY CROSS HOSPITAL - SALT LAKE,UT,Acute Care Hospitals,Proprietary,3,145,32,44,3,77,5,0,0.0
460014,MOUNTAIN WEST MEDICAL CENTER,UT,Acute Care Hospitals,Proprietary,4,150,33,44,3,90,6,0,0.0
460007,INTERMOUNTAIN HEALTH CEDAR CITY HOSPITAL,UT,Acute Care Hospitals,Voluntary non-profit - Private,3,152,34,44,4,60,7,0,0.0
460051,HOLY CROSS HOSPITAL-JORDAN VALLEY,UT,Acute Care Hospitals,Voluntary non-profit - Private,4,160,35,44,4,77,8,0,0.0
460058,INTERMOUNTAIN HEALTH RIVERTON HOSPITAL,UT,Acute Care Hospitals,Voluntary non-profit - Private,5,161,36,44,4,60,8,0,0.0
460061,INTERMOUNTAIN HEALTH LAYTON HOSPITAL,UT,Acute Care Hospitals,Voluntary non-profit - Private,5,161,36,44,4,64,7,0,0.0
460001,INTERMOUNTAIN HEALTH UTAH VALLEY HOSPITAL,UT,Acute Care Hospitals,Voluntary non-profit - Private,5,162,38,44,4,72,10,0,0.0
460044,INTERMOUNTAIN HEALTH ALTA VIEW HOSPITAL,UT,Acute Care Hospitals,Voluntary non-profit - Private,5,170,39,44,4,57,5,0,0.0
460006,LDS HOSPITAL,UT,Acute Care Hospitals,Voluntary non-profit - Private,5,174,40,44,4,60,9,0,0.0
460004,INTERMOUNTAIN HEALTH MCKAY-DEE HOSPITAL,UT,Acute Care Hospitals,Voluntary non-profit - Private,5,182,41,44,4,54,11,0,0.0
461310,BLUE MOUNTAIN HOSPITAL,UT,Critical Access Hospitals,Voluntary non-profit - Private,Not Available,183,42,44,4,,2,0,0.0
460010,INTERMOUNTAIN MEDICAL CENTER,UT,Acute Care Hospitals,Voluntary non-profit - Private,5,210,43,44,4,44,10,0,0.0
460009,UNIVERSITY OF UTAH HOSPITAL AND CLINICS,UT,Acute Care Hospitals,Government - State,5,230,44,44,4,53,11,1,9.1
490126,LEWISGALE HOSPITAL ALLEGHANY,VA,Acute Care Hospitals,Proprietary,4,104,1,79,1,64,6,0,0.0
491303,DICKENSON COMMUNITY HOSPITAL,VA,Critical Access Hospitals,Voluntary non-profit - Private,Not Available,109,2,79,1,,,,
490097,BON SECOURS SOUTHERN VIRGINIA MEDICAL CENTER,VA,Acute Care Hospitals,Proprietary,4,112,3,79,1,68,4,0,0.0
491309,LEE COUNTY COMMUNITY HOSPITAL,VA,Critical Access Hospitals,Voluntary non-profit - Private,Not Available,112,3,79,1,72,1,0,0.0
490094,BON SECOURS RICHMOND COMMUNITY HOSPITAL,VA,Acute Care Hospitals,Voluntary non-profit - Private,Not Available,116,5,79,1,,4,0,0.0
490141,SPOTSYLVANIA REGIONAL MEDICAL CENTER,VA,Acute Care Hospitals,Proprietary,3,116,5,79,1,54,8,2,25.0
490002,RUSSELL COUNTY HOSPITAL,VA,Acute Care Hospitals,Voluntary non-profit - Private,4,117,7,79,1,68,4,0,0.0
491307,"PAGE MEMORIAL HOSPITAL, INC",VA,Critical Access Hospitals,Voluntary non-profit - Private,5,120,8,79,1,43,4,0,0.0
490048,LEWISGALE MEDICAL CENTER,VA,Acute Care Hospitals,Proprietary,2,121,9,79,1,57,11,2,18.2
490145,STONESPRINGS HOSPITAL CENTER,VA,Acute Care Hospitals,Proprietary,4,124,10,79,1,88,6,2,33.3
490020,JOHN RANDOLPH MEDICAL CENTER,VA,Acute Care Hospitals,Proprietary,3,128,11,79,1,64,6,0,0.0
490067,BON SECOURS SOUTHSIDE MEDICAL CENTER,VA,Acute Care Hospitals,Proprietary,2,130,12,79,1,65,7,2,28.6
490110,LEWISGALE HOSPITAL MONTGOMERY,VA,Acute Care Hospitals,Proprietary,3,130,12,79,1,62,8,2,25.0
490116,LEWISGALE HOSPITAL PULASKI,VA,Acute Care Hospitals,Proprietary,4,130,12,79,1,82,6,0,0.0
490114,LONESOME PINE HOSPITAL,VA,Acute Care Hospitals,Voluntary non-profit - Private,4,132,15,79,1,67,7,1,14.3
490136,BON SECOURS ST FRANCIS MEDICAL CENTER,VA,Acute Care Hospitals,Voluntary non-profit - Church,3,132,15,79,1,81,8,1,12.5
490057,SENTARA VIRGINIA BEACH GENERAL HOSPITAL,VA,Acute Care Hospitals,Voluntary non-profit - Other,4,133,17,79,1,82,9,2,22.2
491308,RAPPAHANNOCK GENERAL HOSPITAL,VA,Critical Access Hospitals,Voluntary non-profit - Private,4,134,18,79,1,80,8,0,0.0
490093,SENTARA CAREPLEX HOSPITAL,VA,Acute Care Hospitals,Voluntary non-profit - Private,4,136,19,79,1,83,7,2,28.6
491305,SHENANDOAH MEMORIAL HOSPITAL,VA,Critical Access Hospitals,Voluntary non-profit - Private,3,136,19,79,1,44,6,0,0.0
490037,RIVERSIDE SHORE MEMORIAL HOSPITAL,VA,Acute Care Hospitals,Voluntary non-profit - Private,3,138,21,79,2,79,8,1,12.5
490117,CARILION TAZEWELL COMMUNITY HOSPITAL,VA,Acute Care Hospitals,Voluntary non-profit - Other,Not Available,138,21,79,2,63,3,1,33.3
491302,CARILION GILES COMMUNITY HOSPITAL,VA,Critical Access Hospitals,Voluntary non-profit - Private,4,138,21,79,2,,5,1,20.0
490130,RIVERSIDE WALTER REED HOSPITAL,VA,Acute Care Hospitals,Voluntary non-profit - Private,4,140,24,79,2,71,7,0,0.0
490118,HENRICO DOCTORS' HOSPITAL,VA,Acute Care Hospitals,Voluntary non-profit - Other,4,141,25,79,2,53,11,0,0.0
490038,SMYTH COUNTY COMMUNITY HOSPITAL,VA,Acute Care Hospitals,Voluntary non-profit - Private,3,142,26,79,2,72,6,0,0.0
490077,SENTARA MARTHA JEFFERSON HOSPITAL,VA,Acute Care Hospitals,Voluntary non-profit - Private,4,144,27,79,2,76,10,0,0.0
490143,RIVERSIDE DOCTORS' HOSPITAL OF WILLIAMSBURG,VA,Acute Care Hospitals,Voluntary non-profit - Private,5,145,28,79,2,78,7,0,0.0
490107,RESTON HOSPITAL CENTER,VA,Acute Care Hospitals,Voluntary non-profit - Private,3,150,29,79,2,66,8,3,37.5
490092,BON SECOURS SOUTHAMPTON MEMORIAL HOSPITAL,VA,Acute Care Hospitals,Voluntary non-profit - Private,3,151,30,79,2,58,5,2,40.0
490122,INOVA MOUNT VERNON HOSPITAL,VA,Acute Care Hospitals,Voluntary non-profit - Private,4,152,31,79,2,75,7,1,14.3
490059,BON SECOURS ST MARYS HOSPITAL,VA,Acute Care Hospitals,Voluntary non-profit - Private,5,154,32,79,2,65,11,0,0.0
490127,BUCHANAN GENERAL HOSPITAL,VA,Acute Care Hospitals,Voluntary non-profit - Private,4,154,32,79,2,54,4,0,0.0
49001F,Fort Belvoir Community Hospital,VA,Acute Care - Department of Defense,Department of Defense,Not Available,155,34,79,2,67,,,
490044,SENTARA OBICI HOSPITAL,VA,Acute Care Hospitals,Voluntary non-profit - Other,4,157,35,79,2,77,8,2,25.0
490111,WYTHE COUNTY COMMUNITY HOSPITAL,VA,Acute Care Hospitals,Proprietary,3,158,36,79,2,65,6,0,0.0
490112,CJW MEDICAL CENTER,VA,Acute Care Hospitals,Proprietary,4,158,36,79,2,67,9,2,22.2
490063,INOVA FAIRFAX HOSPITAL,VA,Acute Care Hospitals,Voluntary non-profit - Private,5,160,38,79,2,79,11,2,18.2
490019,UVA HEALTH CULPEPER MEDICAL CENTER,VA,Acute Care Hospitals,Voluntary non-profit - Private,2,163,39,79,2,63,8,1,12.5
490023,FAUQUIER HOSPITAL,VA,Acute Care Hospitals,Proprietary,3,163,39,79,2,57,7,1,14.3
490033,WARREN MEMORIAL HOSPITAL,VA,Acute Care Hospitals,Voluntary non-profit - Private,2,163,39,79,3,54,6,0,0.0
490066,SENTARA WILLIAMSBURG REGIONAL MEDICAL CENTER,VA,Acute Care Hospitals,Voluntary non-profit - Private,5,164,42,79,3,79,8,1,12.5
490013,SENTARA HALIFAX REGIONAL HOSPITAL,VA,Acute Care Hospitals,Voluntary non-profit - Private,3,165,43,79,3,70,8,0,0.0
490113,SENTARA NORTHERN VIRGINIA MEDICAL CENTER,VA,Acute Care Hospitals,Voluntary non-profit - Private,3,165,43,79,3,77,7,2,28.6
490119,SENTARA PRINCESS ANNE HOSPITAL,VA,Acute Care Hospitals,Voluntary non-profit - Other,5,165,43,79,3,71,8,1,12.5
490043,INOVA LOUDOUN HOSPITAL,VA,Acute Care Hospitals,Voluntary non-profit - Private,5,166,46,79,3,79,10,2,20.0
490017,BON SECOURS MARYVIEW MEDICAL CENTER,VA,Acute Care Hospitals,Voluntary non-profit - Private,3,167,47,79,3,58,10,1,10.0
490101,INOVA FAIR OAKS HOSPITAL,VA,Acute Care Hospitals,Voluntary non-profit - Other,5,168,48,79,3,65,7,1,14.3
490022,MARY WASHINGTON HOSPITAL,VA,Acute Care Hospitals,Voluntary non-profit - Private,3,171,49,79,3,50,11,3,27.3
490040,INOVA ALEXANDRIA HOSPITAL,VA,Acute Care Hospitals,Voluntary non-profit - Private,5,172,50,79,3,79,8,1,12.5
490041,MARY IMMACULATE HOSPITAL,VA,Acute Care Hospitals,Voluntary non-profit - Private,4,173,51,79,3,68,8,1,12.5
490004,SENTARA RMH MEDICAL CENTER,VA,Acute Care Hospitals,Voluntary non-profit - Private,5,174,52,79,3,68,11,1,9.1
490046,SENTARA LEIGH HOSPITAL,VA,Acute Care Hospitals,Voluntary non-profit - Other,3,175,53,79,3,77,8,3,37.5
490060,CLINCH VALLEY MEDICAL CENTER,VA,Acute Care Hospitals,Proprietary,3,176,54,79,3,74,9,1,11.1
490007,SENTARA NORFOLK GENERAL HOSPITAL,VA,Acute Care Hospitals,Voluntary non-profit - Other,4,180,55,79,3,72,10,4,40.0
490098,COMMUNITY MEMORIAL HOSPITAL,VA,Acute Care Hospitals,Government - Hospital District or Authority,4,180,55,79,3,52,8,0,0.0
490140,"STAFFORD HOSPITAL, LLC",VA,Acute Care Hospitals,Voluntary non-profit - Private,4,181,57,79,3,61,6,1,16.7
490090,"SOUTHSIDE COMMUNITY HOSPITAL, INC",VA,Acute Care Hospitals,Voluntary non-profit - Private,4,182,58,79,3,65,8,0,0.0
490018,AUGUSTA HEALTH,VA,Acute Care Hospitals,Voluntary non-profit - Private,4,185,59,79,3,46,10,0,0.0
490053,JOHNSTON MEMORIAL HOSPITAL,VA,Acute Care Hospitals,Voluntary non-profit - Private,3,186,60,79,3,73,9,1,11.1
490045,UVA HEALTH PRINCE WILLIAM MEDICAL CENTER,VA,Acute Care Hospitals,Voluntary non-profit - Private,3,187,61,79,4,62,7,1,14.3
490120,CHESAPEAKE GENERAL HOSPITAL,VA,Acute Care Hospitals,Government - Hospital District or Authority,3,188,62,79,4,55,8,3,37.5
490084,VCU HEALTH TAPPAHANNOCK HOSPITAL,VA,Acute Care Hospitals,Voluntary non-profit - Private,4,191,63,79,4,47,8,1,12.5
490089,CARILION FRANKLIN MEMORIAL HOSPITAL,VA,Acute Care Hospitals,Voluntary non-profit - Private,4,191,63,79,4,48,6,0,0.0
490069,BON SECOURS MEMORIAL REGIONAL MEDICAL CENTER,VA,Acute Care Hospitals,Voluntary non-profit - Church,4,197,65,79,4,66,11,1,9.1
49008F,NMC Portsmouth,VA,Acute Care - Department of Defense,Department of Defense,Not Available,198,66,79,4,,,,
490075,SOVAH HEALTH DANVILLE,VA,Acute Care Hospitals,Proprietary,2,200,67,79,4,47,10,2,20.0
491304,CARILION STONEWALL JACKSON HOSPITAL,VA,Critical Access Hospitals,Voluntary non-profit - Private,3,203,68,79,4,,6,1,16.7
490042,CARILION NEW RIVER VALLEY MEDICAL CENTER,VA,Acute Care Hospitals,Voluntary non-profit - Private,4,204,69,79,4,31,9,0,0.0
490115,TWIN COUNTY REGIONAL HOSPITAL,VA,Acute Care Hospitals,Proprietary,2,204,69,79,4,68,6,1,16.7
490088,CENTRA BEDFORD MEMORIAL HOSPITAL,VA,Acute Care Hospitals,Voluntary non-profit - Private,5,214,71,79,4,68,5,0,0.0
490144,UVA HEALTH HAYMARKET MEDICAL CENTER,VA,Acute Care Hospitals,Voluntary non-profit - Private,4,215,72,79,4,61,7,1,14.3
490005,WINCHESTER MEDICAL CENTER,VA,Acute Care Hospitals,Voluntary non-profit - Private,4,224,73,79,4,40,9,3,33.3
490021,CENTRA HEALTH -  LYNCHBURG GEN HOSPITAL,VA,Acute Care Hospitals,Voluntary non-profit - Private,3,233,74,79,4,61,11,2,18.2
490032,MEDICAL COLLEGE OF VIRGINIA HOSPITALS,VA,Acute Care Hospitals,Government - Hospital District or Authority,4,234,75,79,4,37,11,1,9.1
490052,RIVERSIDE REGIONAL MEDICAL CENTER,VA,Acute Care Hospitals,Voluntary non-profit - Private,3,238,76,79,4,64,10,0,0.0
490050,VIRGINIA HOSPITAL CENTER,VA,Acute Care Hospitals,Voluntary non-profit - Private,4,241,77,79,4,55,11,2,18.2
490024,CARILION MEDICAL CENTER,VA,Acute Care Hospitals,Voluntary non-profit - Private,3,260,78,79,4,47,11,0,0.0
490009,UNIVERSITY OF VIRGINIA MEDICAL CENTER,VA,Acute Care Hospitals,Government - State,4,275,79,79,4,25,11,1,9.1
471300,GRACE COTTAGE HOSPITAL,VT,Critical Access Hospitals,Voluntary non-profit - Private,Not Available,108,1,9,,,2,1,50.0
471305,COPLEY HOSPITAL,VT,Critical Access Hospitals,Voluntary non-profit - Private,2,136,2,9,,,9,1,11.1
470024,NORTHWESTERN MEDICAL CENTER INC,VT,Acute Care Hospitals,Voluntary non-profit - Other,4,168,3,9,,63,6,0,0.0
470001,CENTRAL VERMONT MEDICAL CENTER,VT,Acute Care Hospitals,Voluntary non-profit - Private,3,170,4,9,,58,9,2,22.2
471307,PORTER HOSPITAL INC,VT,Critical Access Hospitals,Voluntary non-profit - Private,3,172,5,9,,,6,1,16.7
470011,BRATTLEBORO MEMORIAL HOSPITAL,VT,Acute Care Hospitals,Voluntary non-profit - Private,3,176,6,9,,62,9,0,0.0
470005,RUTLAND REGIONAL MEDICAL CENTER,VT,Acute Care Hospitals,Voluntary non-profit - Private,3,186,7,9,,63,9,0,0.0
470012,SOUTHWESTERN VERMONT MEDICAL CENTER,VT,Acute Care Hospitals,Voluntary non-profit - Private,3,196,8,9,,59,9,0,0.0
470003,UNIV. OF VERMONT - FLETCHER ALLEN HEALTH CARE,VT,Acute Care Hospitals,Voluntary non-profit - Other,4,264,9,9,,48,11,3,27.3
501301,GARFIELD COUNTY PUBLIC HOSPITAL DISTRICT #1,WA,Critical Access Hospitals,Government - Hospital District or Authority,Not Available,82,1,74,1,,,,
501307,ODESSA MEMORIAL HEALTHCARE CENTER,WA,Critical Access Hospitals,Government - Hospital District or Authority,Not Available,93,2,74,1,,,,
501302,DAYTON GENERAL HOSPITAL,WA,Critical Access Hospitals,Government - Hospital District or Authority,Not Available,102,3,74,1,,1,0,0.0
501316,KLICKITAT VALLEY HOSPITAL,WA,Critical Access Hospitals,Government - Hospital District or Authority,Not Available,102,3,74,1,,1,0,0.0
501340,PEACEHEALTH PEACE ISLAND MEDICAL CENTER,WA,Critical Access Hospitals,Voluntary non-profit - Private,Not Available,102,3,74,1,,4,0,0.0
501319,ARBOR HEALTH MORTON HOSPITAL,WA,Critical Access Hospitals,Government - Hospital District or Authority,Not Available,110,6,74,1,,1,0,0.0
501308,COULEE MEDICAL CENTER,WA,Critical Access Hospitals,Government - Hospital District or Authority,Not Available,114,7,74,1,,1,0,0.0
501334,LAKE CHELAN COMMUNITY HOSPITAL,WA,Critical Access Hospitals,Government - Hospital District or Authority,Not Available,114,7,74,1,,2,0,0.0
501337,LOURDES MEDICAL CENTER,WA,Critical Access Hospitals,Voluntary non-profit - Church,3,116,9,74,1,,7,0,0.0
501338,SNOQUALMIE VALLEY HOSPITAL,WA,Critical Access Hospitals,Government - Hospital District or Authority,Not Available,121,10,74,1,,,,
501314,OCEAN BEACH HOSPITAL,WA,Critical Access Hospitals,Government - Hospital District or Authority,2,122,11,74,1,,3,1,33.3
501330,ASTRIA SUNNYSIDE HOSPITAL,WA,Critical Access Hospitals,Voluntary non-profit - Other,2,122,11,74,1,73,4,0,0.0
501321,NORTH VALLEY HOSPITAL,WA,Critical Access Hospitals,Government - Hospital District or Authority,Not Available,125,13,74,1,,2,0,0.0
501309,PROVIDENCE ST JOSEPH HOSPITAL,WA,Critical Access Hospitals,Voluntary non-profit - Church,Not Available,126,14,74,1,,2,0,0.0
501312,PROSSER MEMORIAL HOSPITAL,WA,Critical Access Hospitals,Government - Hospital District or Authority,3,126,14,74,1,68,4,0,0.0
501303,WILLAPA HARBOR HOSPITAL,WA,Critical Access Hospitals,Government - Hospital District or Authority,Not Available,128,16,74,1,,2,0,0.0
501317,COLUMBIA BASIN HOSPITAL,WA,Critical Access Hospitals,Government - Hospital District or Authority,Not Available,131,17,74,1,,1,0,0.0
501333,KITTITAS VALLEY COMMUNITY HOSPITAL,WA,Critical Access Hospitals,Government - Hospital District or Authority,Not Available,131,17,74,1,86,,,
500079,MULTICARE GOOD SAMARITAN HOSPITAL,WA,Acute Care Hospitals,Voluntary non-profit - Private,2,133,19,74,1,34,8,0,0.0
500002,PROVIDENCE ST MARY MEDICAL CENTER,WA,Acute Care Hospitals,Voluntary non-profit - Private,3,136,20,74,2,63,10,0,0.0
501332,TRI-STATE MEMORIAL HOSPITAL,WA,Critical Access Hospitals,Voluntary non-profit - Private,4,137,21,74,2,,8,0,0.0
501329,PEACEHEALTH UNITED GENERAL MEDICAL CENTER,WA,Critical Access Hospitals,Government - Hospital District or Authority,3,138,22,74,2,73,8,1,12.5
501325,FORKS COMMUNITY HOSPITAL,WA,Critical Access Hospitals,Government - Hospital District or Authority,Not Available,140,23,74,2,,3,0,0.0
500033,SAMARITAN HOSPITAL,WA,Acute Care Hospitals,Proprietary,2,142,24,74,2,74,6,0,0.0
501323,JEFFERSON HEALTHCARE,WA,Critical Access Hospitals,Government - Hospital District or Authority,3,143,25,74,2,,7,0,0.0
500139,CAPITAL MEDICAL CENTER,WA,Acute Care Hospitals,Voluntary non-profit - Private,3,145,26,74,2,59,8,3,37.5
500152,SWEDISH ISSAQUAH,WA,Acute Care Hospitals,Voluntary non-profit - Private,4,145,26,74,2,41,7,0,0.0
500027,SWEDISH MEDICAL CENTER,WA,Acute Care Hospitals,Voluntary non-profit - Private,4,147,28,74,2,36,9,0,0.0
500037,ASTRIA TOPPENISH HOSPITAL,WA,Acute Care Hospitals,Voluntary non-profit - Private,Not Available,148,29,74,2,46,4,1,25.0
501326,PROVIDENCE MOUNT CARMEL HOSPITAL,WA,Critical Access Hospitals,Voluntary non-profit - Church,3,149,30,74,2,,4,0,0.0
500016,CONFLUENCE HEALTH HOSPITAL,WA,Acute Care Hospitals,Voluntary non-profit - Private,3,151,31,74,2,69,11,1,9.1
501304,SUMMIT PACIFIC MEDICAL CENTER,WA,Critical Access Hospitals,Government - Hospital District or Authority,2,154,32,74,2,,4,1,25.0
501327,WHITMAN HOSPITAL AND MEDICAL CENTER,WA,Critical Access Hospitals,Government - Hospital District or Authority,5,156,33,74,2,,3,0,0.0
500036,YAKIMA VALLEY MEMORIAL,WA,Acute Care Hospitals,Voluntary non-profit - Private,1,161,34,74,2,27,10,1,10.0
500021,ST CLARE HOSPITAL,WA,Acute Care Hospitals,Voluntary non-profit - Church,4,163,35,74,2,71,7,1,14.3
500060,CASCADE VALLEY HOSPITAL,WA,Acute Care Hospitals,Government - Hospital District or Authority,4,166,36,74,2,42,5,0,0.0
500084,EVERGREENHEALTH MONROE,WA,Acute Care Hospitals,Government - Hospital District or Authority,3,166,36,74,2,63,5,0,0.0
500053,TRIOS HEALTH,WA,Acute Care Hospitals,Government - Hospital District or Authority,2,168,38,74,2,59,10,2,20.0
50005F,Madigan AMC (FT Lewis),WA,Acute Care - Department of Defense,Department of Defense,Not Available,173,39,74,3,74,,,
500051,OVERLAKE HOSPITAL MEDICAL CENTER & CLINICS,WA,Acute Care Hospitals,Voluntary non-profit - Other,2,176,40,74,3,57,11,1,9.1
500058,KADLEC REGIONAL MEDICAL CENTER,WA,Acute Care Hospitals,Voluntary non-profit - Private,4,176,40,74,3,57,11,2,18.2
500154,MULTICARE COVINGTON MEDICAL CENTER,WA,Acute Care Hospitals,Voluntary non-profit - Private,3,177,42,74,3,75,6,2,33.3
500044,DEACONESS MEDICAL CENTER,WA,Acute Care Hospitals,Voluntary non-profit - Private,3,181,43,74,3,55,11,0,0.0
500025,SWEDISH MEDICAL CENTER / CHERRY HILL,WA,Acute Care Hospitals,Voluntary non-profit - Church,4,184,44,74,3,53,6,0,0.0
500026,SWEDISH EDMONDS HOSPITAL,WA,Acute Care Hospitals,Voluntary non-profit - Private,3,188,45,74,3,43,7,1,14.3
501335,ST ELIZABETH HOSPITAL,WA,Critical Access Hospitals,Voluntary non-profit - Private,5,189,46,74,3,72,5,0,0.0
500003,SKAGIT VALLEY HOSPITAL,WA,Acute Care Hospitals,Government - Hospital District or Authority,3,190,47,74,3,46,10,2,20.0
500007,ISLAND HOSPITAL,WA,Acute Care Hospitals,Government - Hospital District or Authority,4,193,48,74,3,65,8,0,0.0
500119,MULTICARE VALLEY HOSPITAL,WA,Acute Care Hospitals,Voluntary non-profit - Private,5,195,49,74,3,61,7,0,0.0
500124,EVERGREENHEALTH MEDICAL CENTER,WA,Acute Care Hospitals,Government - Hospital District or Authority,5,197,50,74,3,64,10,1,10.0
501336,MASON GENERAL HOSPITAL & FAMILY OF CLINICS,WA,Critical Access Hospitals,Government - Hospital District or Authority,2,198,51,74,3,,4,1,25.0
500088,VALLEY MEDICAL CENTER,WA,Acute Care Hospitals,Government - Hospital District or Authority,2,200,52,74,3,73,9,2,22.2
501328,MID VALLEY HOSPITAL & CLINIC,WA,Critical Access Hospitals,Government - Hospital District or Authority,Not Available,202,53,74,3,,2,0,0.0
500141,ST FRANCIS COMMUNITY HOSPITAL,WA,Acute Care Hospitals,Voluntary non-profit - Church,4,204,54,74,3,56,7,2,28.6
500019,PROVIDENCE CENTRALIA HOSPITAL,WA,Acute Care Hospitals,Voluntary non-profit - Other,3,205,55,74,3,65,9,1,11.1
500151,ST ANTHONY HOSPITAL,WA,Acute Care Hospitals,Voluntary non-profit - Church,5,205,55,74,3,68,8,0,0.0
500041,PEACEHEALTH ST JOHN MEDICAL CENTER,WA,Acute Care Hospitals,Voluntary non-profit - Church,4,208,57,74,4,53,10,0,0.0
500129,TACOMA GENERAL ALLENMORE HOSPITAL,WA,Acute Care Hospitals,Voluntary non-profit - Private,2,210,58,74,4,42,11,3,27.3
500030,PEACEHEALTH ST JOSEPH MEDICAL CENTER,WA,Acute Care Hospitals,Voluntary non-profit - Other,4,211,59,74,4,57,11,0,0.0
500031,GRAYS HARBOR COMMUNITY HOSPITAL,WA,Acute Care Hospitals,Voluntary non-profit - Private,3,212,60,74,4,53,8,1,12.5
500039,ST MICHAEL MEDICAL CENTER,WA,Acute Care Hospitals,Voluntary non-profit - Private,4,212,60,74,4,66,11,0,0.0
500108,ST JOSEPH MEDICAL CENTER,WA,Acute Care Hospitals,Voluntary non-profit - Church,3,212,60,74,4,53,10,1,10.0
500015,MULTICARE AUBURN MEDICAL CENTER,WA,Acute Care Hospitals,Voluntary non-profit - Private,2,213,63,74,4,50,8,1,12.5
500024,PROVIDENCE ST PETER HOSPITAL,WA,Acute Care Hospitals,Voluntary non-profit - Private,3,214,64,74,4,72,9,2,22.2
500005,VIRGINIA MASON MEDICAL CENTER,WA,Acute Care Hospitals,Voluntary non-profit - Private,5,217,65,74,4,63,11,1,9.1
500077,PROVIDENCE HOLY FAMILY HOSPITAL,WA,Acute Care Hospitals,Voluntary non-profit - Private,3,219,66,74,4,86,8,1,12.5
500014,PROVIDENCE REGIONAL MEDICAL CENTER EVERETT,WA,Acute Care Hospitals,Voluntary non-profit - Church,4,228,67,74,4,78,9,1,11.1
500054,PROV SACRED HRT MED CTR & CHILDS HOSP.,WA,Acute Care Hospitals,Voluntary non-profit - Church,3,231,68,74,4,75,11,1,9.1
500011,HIGHLINE MEDICAL CENTER,WA,Acute Care Hospitals,Voluntary non-profit - Private,4,238,69,74,4,66,8,0,0.0
500072,OLYMPIC MEDICAL CENTER,WA,Acute Care Hospitals,Government - Local,3,254,70,74,4,41,8,0,0.0
500008,UNIVERSITY OF WASHINGTON MEDICAL CTR,WA,Acute Care Hospitals,Government - State,4,268,71,74,4,66,11,1,9.1
500150,LEGACY SALMON CREEK MEDICAL CENTER,WA,Acute Care Hospitals,Voluntary non-profit - Private,4,272,72,74,4,19,10,2,20.0
500050,PEACEHEALTH SOUTHWEST MEDICAL CENTE,WA,Acute Care Hospitals,Voluntary non-profit - Private,3,292,73,74,4,51,11,1,9.1
500064,HARBORVIEW MEDICAL CENTER,WA,Acute Care Hospitals,Government - Local,2,306,74,74,4,52,6,0,0.0
521309,GUNDERSEN MOUNDVIEW HOSPITAL AND CLINICS,WI,Critical Access Hospitals,Voluntary non-profit - Private,Not Available,69,1,118,1,,1,0,0.0
521319,EDGERTON HOSPITAL AND HEALTH SERVICES,WI,Critical Access Hospitals,Voluntary non-profit - Private,Not Available,69,1,118,1,,1,0,0.0
520214,ASCENSION WISCONSIN HOSP MENOMONEE FALLS CAMPUS,WI,Acute Care Hospitals,Proprietary,Not Available,75,3,118,1,,1,0,0.0
521305,MAYO CLINIC HLTH SYSTM FRANCISCAN HLTHCARE SPARTA,WI,Critical Access Hospitals,Voluntary non-profit - Church,Not Available,76,4,118,1,,1,0,0.0
521307,CHIPPEWA VALLEY HOSPITAL,WI,Critical Access Hospitals,Voluntary non-profit - Church,Not Available,77,5,118,1,,1,0,0.0
521317,ASCENSION CALUMET HOSPITAL,WI,Critical Access Hospitals,Voluntary non-profit - Private,Not Available,83,6,118,1,,,,
521326,THEDACARE MEDICAL CENTER - NEW LONDON,WI,Critical Access Hospitals,Voluntary non-profit - Private,Not Available,83,6,118,1,,3,0,0.0
521328,MARSHFIELD MEDICAL CENTER - LADYSMITH,WI,Critical Access Hospitals,Government - Hospital District or Authority,Not Available,83,6,118,1,,1,0,0.0
521356,BELLIN HEALTH OCONTO HOSPITAL,WI,Critical Access Hospitals,Voluntary non-profit - Private,Not Available,86,9,118,1,,1,0,0.0
521300,ASPIRUS EAGLE RIVER HOSPITAL,WI,Critical Access Hospitals,Voluntary non-profit - Private,Not Available,87,10,118,1,,,,
521341,RICHLAND HOSPITAL,WI,Critical Access Hospitals,Voluntary non-profit - Private,1,90,11,118,1,48,4,1,25.0
521349,RIVER FALLS AREA HOSPITAL,WI,Critical Access Hospitals,Voluntary non-profit - Private,5,96,12,118,1,67,4,0,0.0
521310,HSHS ST CLARE MEMORIAL HOSPITAL,WI,Critical Access Hospitals,Voluntary non-profit - Private,Not Available,98,13,118,1,,1,0,0.0
520097,ST MARYS HOSPITAL MEDICAL CTR,WI,Acute Care Hospitals,Voluntary non-profit - Other,3,102,14,118,1,73,7,0,0.0
521333,BLACK RIVER MEMORIAL HOSPITAL,WI,Critical Access Hospitals,Voluntary non-profit - Private,Not Available,102,14,118,1,,4,0,0.0
521312,LAFAYETTE HOSPITAL AND CLINICS,WI,Critical Access Hospitals,Voluntary non-profit - Other,Not Available,103,16,118,1,,2,0,0.0
521315,MAYO CLINIC HEALTH SYSTEM-NORTHLAND,WI,Critical Access Hospitals,Voluntary non-profit - Private,4,106,17,118,1,,6,1,16.7
521320,TOMAH MEMORIAL HOSPITAL,WI,Critical Access Hospitals,Voluntary non-profit - Private,5,106,17,118,1,76,8,0,0.0
521342,INDIANHEAD MEDICAL CTR,WI,Critical Access Hospitals,Proprietary,Not Available,106,17,118,1,,1,0,0.0
521345,WESTFIELDS HOSPITAL AND CLINIC,WI,Critical Access Hospitals,Voluntary non-profit - Private,4,108,20,118,1,59,6,0,0.0
521354,SOUTHWEST HEALTH CENTER,WI,Critical Access Hospitals,Voluntary non-profit - Private,Not Available,108,20,118,1,,2,0,0.0
521325,FLAMBEAU HOSPITAL,WI,Critical Access Hospitals,Voluntary non-profit - Private,3,109,22,118,1,,4,1,25.0
520116,WATERTOWN MEMORIAL HOSPITAL,WI,Acute Care Hospitals,Voluntary non-profit - Private,3,110,23,118,1,82,8,0,0.0
521332,SPOONER HEALTH SYSTEM,WI,Critical Access Hospitals,Voluntary non-profit - Private,5,110,23,118,1,,3,0,0.0
521346,THEDACARE MEDICAL CENTER - SHAWANO,WI,Critical Access Hospitals,Voluntary non-profit - Private,4,110,23,118,1,,5,0,0.0
521355,THEDACARE MEDICAL CENTER - BERLIN INC,WI,Critical Access Hospitals,Voluntary non-profit - Private,3,110,23,118,1,,5,0,0.0
521347,WESTERN WISCONSIN HEALTH,WI,Critical Access Hospitals,Voluntary non-profit - Private,Not Available,111,27,118,1,60,4,0,0.0
521323,MARSHFIELD MEDICAL CENTER - NEILLSVILLE,WI,Critical Access Hospitals,Voluntary non-profit - Private,Not Available,112,28,118,1,,1,0,0.0
521352,UPLAND HILLS HEALTH,WI,Critical Access Hospitals,Voluntary non-profit - Private,4,112,28,118,1,75,4,0,0.0
520034,AURORA MEDICAL CTR MANITOWOC COUNTY,WI,Acute Care Hospitals,Voluntary non-profit - Private,5,113,30,118,1,73,6,0,0.0
521304,GUNDERSEN ST JOSEPHS HOSPITAL AND CLINICS,WI,Critical Access Hospitals,Voluntary non-profit - Private,Not Available,116,31,118,2,,1,0,0.0
521308,AMERY HOSPITAL & CLINIC,WI,Critical Access Hospitals,Voluntary non-profit - Private,2,116,31,118,2,71,6,0,0.0
521334,THEDACARE MEDICAL CENTER-WAUPACA,WI,Critical Access Hospitals,Voluntary non-profit - Private,3,116,31,118,2,,6,0,0.0
520109,MILE BLUFF MEDICAL CENTER,WI,Acute Care Hospitals,Proprietary,4,117,34,118,2,82,7,0,0.0
521335,HUDSON HOSPITAL,WI,Critical Access Hospitals,Voluntary non-profit - Private,5,117,34,118,2,70,7,0,0.0
521329,ST MARYS HOSPITAL SUPERIOR,WI,Critical Access Hospitals,Voluntary non-profit - Private,Not Available,118,36,118,2,67,1,0,0.0
520136,ASCENSION SE WISCONSIN HOSPITAL,WI,Acute Care Hospitals,Voluntary non-profit - Church,5,119,37,118,2,69,10,1,10.0
520057,SSM HEALTH ST CLARE HOSPITAL - BARABOO,WI,Acute Care Hospitals,Voluntary non-profit - Private,4,120,38,118,2,57,7,0,0.0
521344,GUNDERSEN BOSCOBEL AREA HOSPITAL AND CLINICS,WI,Critical Access Hospitals,Voluntary non-profit - Private,Not Available,120,38,118,2,,1,0,0.0
521353,CUMBERLAND MEMORIAL HOSPITAL,WI,Critical Access Hospitals,Voluntary non-profit - Other,Not Available,120,38,118,2,,1,0,0.0
521313,ASPIRUS TOMAHAWK HOSPITAL,WI,Critical Access Hospitals,Voluntary non-profit - Private,Not Available,121,41,118,2,,1,0,0.0
520044,ST NICHOLAS HOSPITAL,WI,Acute Care Hospitals,Voluntary non-profit - Private,3,122,42,118,2,67,5,0,0.0
520100,BELOIT HEALTH SYSTEM,WI,Acute Care Hospitals,Voluntary non-profit - Private,3,122,42,118,2,68,9,0,0.0
520198,AURORA MEDICAL CTR OSHKOSH,WI,Acute Care Hospitals,Voluntary non-profit - Private,4,122,42,118,2,71,8,0,0.0
521303,THEDACARE MEDICAL CENTER - WILD ROSE,WI,Critical Access Hospitals,Voluntary non-profit - Private,Not Available,122,42,118,2,,,,
521359,TAMARACK HEALTH ASHLAND MEDICAL CENTER,WI,Critical Access Hospitals,Voluntary non-profit - Private,3,122,42,118,2,21,7,1,14.3
520038,AURORA MEDICAL CTR WASHINGTON COUNTY,WI,Acute Care Hospitals,Voluntary non-profit - Private,4,124,47,118,2,78,6,0,0.0
520213,FROEDTERT COMMUNITY HOSPITAL,WI,Acute Care Hospitals,Voluntary non-profit - Private,Not Available,124,47,118,2,,2,0,0.0
521316,GUNDERSEN TRI-COUNTY HOSPITAL & CLINICS,WI,Critical Access Hospitals,Voluntary non-profit - Private,Not Available,124,47,118,2,,2,0,0.0
521339,ASPIRUS MERRILL HOSPITAL,WI,Critical Access Hospitals,Voluntary non-profit - Church,Not Available,126,50,118,2,75,,,
521357,MERCY WALWORTH HOSPITAL & MEDICAL CENTER,WI,Critical Access Hospitals,Voluntary non-profit - Private,3,126,50,118,2,,6,1,16.7
520075,ST VINCENT HOSPITAL,WI,Acute Care Hospitals,Voluntary non-profit - Church,4,128,52,118,2,74,10,0,0.0
521351,REEDSBURG AREA MEDICAL CENTER,WI,Critical Access Hospitals,Voluntary non-profit - Private,5,130,53,118,2,,4,0,0.0
520113,AURORA MEDICAL CENTER BAY AREA,WI,Acute Care Hospitals,Voluntary non-profit - Private,4,131,54,118,2,69,8,1,12.5
521348,VERNON MEMORIAL HOSPITAL,WI,Critical Access Hospitals,Voluntary non-profit - Private,Not Available,131,54,118,2,74,6,1,16.7
520004,MAYO CLINIC HEALTH SYSTEM-FRANCISCAN MEDICAL CENTER INC,WI,Acute Care Hospitals,Voluntary non-profit - Private,5,132,56,118,2,47,9,0,0.0
520078,ASCENSION ST FRANCIS HOSPITAL,WI,Acute Care Hospitals,Voluntary non-profit - Private,3,132,56,118,2,77,8,1,12.5
520193,AURORA BAYCARE MEDICAL CTR,WI,Acute Care Hospitals,Proprietary,4,133,59,118,2,83,11,0,0.0
521340,MAYO CLINIC HEALTH SYSTEM-RED CEDAR INC,WI,Critical Access Hospitals,Voluntary non-profit - Private,3,133,59,118,2,,6,1,16.7
520062,OCONOMOWOC MEMORIAL HOSPITAL,WI,Acute Care Hospitals,Voluntary non-profit - Private,5,136,61,118,3,80,9,0,0.0
521338,COLUMBUS COMMUNITY HOSPITAL,WI,Critical Access Hospitals,Voluntary non-profit - Private,4,136,61,118,3,,6,1,16.7
521350,LANGLADE HOSPITAL,WI,Critical Access Hospitals,Voluntary non-profit - Church,Not Available,136,61,118,3,81,,,
521302,MAYO CLINIC HEALTH SYSTEM OAKRIDGE,WI,Critical Access Hospitals,Voluntary non-profit - Other,Not Available,138,64,118,3,,3,0,0.0
520202,MARSHFIELD MEDICAL CENTER - WESTON,WI,Acute Care Hospitals,Voluntary non-profit - Private,3,139,65,118,3,72,9,1,11.1
521337,ST CROIX REGIONAL MEDICAL CENTER,WI,Critical Access Hospitals,Voluntary non-profit - Private,3,139,65,118,3,,7,0,0.0
520208,SSM HEALTH ST MARY'S HOSPITAL - JANESVILLE,WI,Acute Care Hospitals,Voluntary non-profit - Other,4,140,67,118,3,64,8,0,0.0
521314,MAYO CLINIC HEALTH SYSTEM CHIPPEWA VALLEY,WI,Critical Access Hospitals,Voluntary non-profit - Private,4,140,67,118,3,,3,0,0.0
521358,DOOR COUNTY MEDICAL CENTER,WI,Critical Access Hospitals,Voluntary non-profit - Private,4,140,67,118,3,,4,1,25.0
520008,WAUKESHA MEMORIAL HOSPITAL,WI,Acute Care Hospitals,Voluntary non-profit - Private,4,142,70,118,3,75,10,1,10.0
520045,THEDACARE REGIONAL MED CTR - NEENAH,WI,Acute Care Hospitals,Voluntary non-profit - Private,4,142,70,118,3,74,7,0,0.0
520107,HOLY FAMILY MEMORIAL,WI,Acute Care Hospitals,Voluntary non-profit - Other,3,143,72,118,3,59,7,0,0.0
520206,AURORA MEDICAL CENTER - SUMMIT,WI,Acute Care Hospitals,Voluntary non-profit - Private,5,144,73,118,3,82,7,0,0.0
521321,RIPON MEDICAL CENTER,WI,Critical Access Hospitals,Voluntary non-profit - Private,Not Available,144,73,118,3,,2,0,0.0
521327,WAUPUN MEMORIAL HOSPITAL,WI,Critical Access Hospitals,Voluntary non-profit - Private,5,144,73,118,3,,5,0,0.0
520002,"ASPIRUS STEVENS POINT HOSPITAL & CLINICS, INC.",WI,Acute Care Hospitals,Voluntary non-profit - Church,4,145,76,118,3,91,8,0,0.0
520028,THE MONROE CLINIC,WI,Acute Care Hospitals,Voluntary non-profit - Private,5,145,76,118,3,70,9,0,0.0
520160,THEDACARE REGIONAL MEDICAL CENTER - APPLETON INC,WI,Acute Care Hospitals,Voluntary non-profit - Private,4,147,78,118,3,71,11,0,0.0
520009,ASCENSION NE WISCONSIN - ST ELIZABETH CAMPUS,WI,Acute Care Hospitals,Voluntary non-profit - Private,4,148,79,118,3,64,11,1,9.1
520096,ASCENSION ALL SAINTS HOSPITAL,WI,Acute Care Hospitals,Voluntary non-profit - Church,2,148,79,118,3,79,10,0,0.0
521322,GRANT REGIONAL HEALTH CENTER,WI,Critical Access Hospitals,Voluntary non-profit - Private,Not Available,148,79,118,3,,3,0,0.0
521336,TAMARACK HEALTH HAYWARD MEDICAL CENTER,WI,Critical Access Hospitals,Voluntary non-profit - Private,4,148,79,118,3,,6,0,0.0
521324,"ASPIRUS MEDFORD HOSPITAL & CLINICS, INC",WI,Critical Access Hospitals,Voluntary non-profit - Private,Not Available,149,83,118,3,72,3,0,0.0
520089,UNITYPOINT HEALTH - MERITER,WI,Acute Care Hospitals,Voluntary non-profit - Private,5,150,84,118,3,65,9,2,22.2
520102,AURORA LAKELAND MEDICAL CENTER,WI,Acute Care Hospitals,Voluntary non-profit - Private,5,150,84,118,3,76,6,0,0.0
520041,ASPIRUS DIVINE SAVIOR HOSPITAL,WI,Acute Care Hospitals,Voluntary non-profit - Private,3,151,86,118,3,87,6,1,16.7
520049,BELLIN MEMORIAL HOSPITAL,WI,Acute Care Hospitals,Voluntary non-profit - Private,4,151,86,118,3,72,10,1,10.0
521343,STOUGHTON HOSPITAL,WI,Critical Access Hospitals,Voluntary non-profit - Private,3,152,88,118,3,,4,1,25.0
520021,FROEDTERT SOUTH INC.,WI,Acute Care Hospitals,Government - Local,2,154,89,118,3,76,10,3,30.0
520095,SAUK PRAIRIE HOSPITAL,WI,Acute Care Hospitals,Voluntary non-profit - Private,5,154,89,118,4,78,6,0,0.0
520030,ASPIRUS WAUSAU HOSPITAL,WI,Acute Care Hospitals,Proprietary,4,156,91,118,4,71,11,0,0.0
520088,SSM HEALTH ST AGNES HOSPITAL-FOND DU LAC,WI,Acute Care Hospitals,Voluntary non-profit - Private,4,157,92,118,4,69,10,0,0.0
521311,ASPIRUS STANLEY HOSPITAL,WI,Critical Access Hospitals,Voluntary non-profit - Private,Not Available,158,93,118,4,97,2,0,0.0
520019,ASPIRUS RHINELANDER HOSPITAL,WI,Acute Care Hospitals,Voluntary non-profit - Private,3,161,94,118,4,84,8,0,0.0
521330,CROSSING RIVERS HEALTH MEDICAL CENTER,WI,Critical Access Hospitals,Voluntary non-profit - Private,3,163,95,118,4,,4,1,25.0
520087,GUNDERSEN LUTHERAN MEDICAL CENTER,WI,Acute Care Hospitals,Voluntary non-profit - Private,4,164,96,118,4,63,10,1,10.0
520091,HOWARD YOUNG MEDICAL CENTER,WI,Acute Care Hospitals,Voluntary non-profit - Church,4,164,96,118,4,82,5,0,0.0
520051,ASCENSION COLUMBIA ST MARYS HOSPITAL MILWAUKEE,WI,Acute Care Hospitals,Voluntary non-profit - Church,3,165,98,118,4,63,10,0,0.0
520070,MAYO CLINIC HEALTH SYSTEM EAU CLAIRE HOSPITAL,WI,Acute Care Hospitals,Voluntary non-profit - Private,5,165,98,118,4,57,11,1,9.1
520071,FORT MEMORIAL HOSPITAL,WI,Acute Care Hospitals,Voluntary non-profit - Private,4,165,98,118,4,78,6,0,0.0
520033,ASPIRUS RIVERVIEW HOSPITAL & CLINICS INC,WI,Acute Care Hospitals,Voluntary non-profit - Private,3,166,101,118,4,79,8,1,12.5
520037,MARSHFIELD MEDICAL CENTER,WI,Acute Care Hospitals,Voluntary non-profit - Church,1,166,101,118,4,76,11,3,27.3
520011,MARSHFIELD MEDICAL CENTER - RICE LAKE,WI,Acute Care Hospitals,Voluntary non-profit - Private,2,167,103,118,4,75,7,2,28.6
520066,MERCY HEALTH SYSTEM CORP,WI,Acute Care Hospitals,Voluntary non-profit - Private,3,167,103,118,4,58,11,2,18.2
520035,AURORA MEDICAL CENTER SHEBOYGAN COUNTY,WI,Acute Care Hospitals,Voluntary non-profit - Private,5,171,105,118,4,73,8,0,0.0
520138,AURORA ST LUKES MEDICAL CENTER,WI,Acute Care Hospitals,Voluntary non-profit - Private,4,174,106,118,4,76,11,4,36.4
520212,MARSHFIELD MEDICAL CENTER - MINOCQUA,WI,Acute Care Hospitals,Voluntary non-profit - Private,5,174,106,118,4,75,7,0,0.0
520189,AURORA MEDICAL CENTER KENOSHA,WI,Acute Care Hospitals,Voluntary non-profit - Private,4,177,108,118,4,74,6,0,0.0
520076,MARSHFIELD MEDICAL CENTER - BEAVER DAM (MMC-BD),WI,Acute Care Hospitals,Voluntary non-profit - Private,2,181,109,118,4,71,7,0,0.0
520139,WEST ALLIS MEMORIAL HOSPITAL,WI,Acute Care Hospitals,Voluntary non-profit - Private,4,182,110,118,4,78,7,0,0.0
520059,AURORA MEMORIAL HOSPITAL BURLINGTON,WI,Acute Care Hospitals,Voluntary non-profit - Private,4,186,111,118,4,80,6,0,0.0
520083,SSM HEALTH ST MARY'S HOSPITAL - MADISON,WI,Acute Care Hospitals,Voluntary non-profit - Private,4,192,112,118,4,50,11,1,9.1
520207,AURORA MEDICAL CENTER,WI,Acute Care Hospitals,Voluntary non-profit - Private,5,194,113,118,4,75,9,1,11.1
520063,ST JOSEPHS COMMUNITY HOSPITAL WEST BEND,WI,Acute Care Hospitals,Voluntary non-profit - Private,4,201,114,118,4,48,9,0,0.0
520210,MARSHFIELD MEDICAL CENTER - EAU CLAIRE,WI,Acute Care Hospitals,Voluntary non-profit - Private,3,206,115,118,4,77,9,2,22.2
520098,UNIVERSITY OF WI  HOSPITALS & CLINICS AUTHORITY,WI,Acute Care Hospitals,Government - Hospital District or Authority,5,216,116,118,4,53,11,1,9.1
520103,COMMUNITY MEMORIAL HOSPITAL,WI,Acute Care Hospitals,Voluntary non-profit - Private,4,217,117,118,4,57,8,1,12.5
520177,FROEDTERT MEMORIAL LUTHERAN HOSPITAL,WI,Acute Care Hospitals,Voluntary non-profit - Private,3,275,118,118,4,43,10,3,30.0
511307,"GRAFTON CITY HOSPITAL, INC",WV,Critical Access Hospitals,Government - Local,Not Available,66,1,44,1,,2,0,0.0
511303,MINNIE HAMILTON HEALTH SYSTEM,WV,Critical Access Hospitals,Voluntary non-profit - Private,Not Available,76,2,44,1,,,,
511301,WEBSTER MEMORIAL HOSPITAL,WV,Critical Access Hospitals,Voluntary non-profit - Private,Not Available,77,3,44,1,,,,
510093,MON HEALTH MARION,WV,Acute Care Hospitals,Voluntary non-profit - Private,Not Available,90,4,44,1,,1,0,0.0
510038,STONEWALL JACKSON MEMORIAL HOSPITAL COMPANY,WV,Acute Care Hospitals,Voluntary non-profit - Private,1,98,5,44,1,79,6,2,33.3
511311,HAMPSHIRE MEMORIAL HOSPITAL,WV,Critical Access Hospitals,Voluntary non-profit - Private,5,101,6,44,1,,4,0,0.0
511308,"BRAXTON COUNTY MEMORIAL HOSPITAL, INC",WV,Critical Access Hospitals,Voluntary non-profit - Private,Not Available,102,7,44,1,,2,0,0.0
511314,POCAHONTAS MEMORIAL HOSPITAL,WV,Critical Access Hospitals,Government - Local,Not Available,103,8,44,1,,2,0,0.0
510012,RIVERS HEALTH,WV,Acute Care Hospitals,Voluntary non-profit - Private,1,104,9,44,1,44,6,2,33.3
511309,VALLEY HEALTH WAR MEMORIAL HOSPITAL,WV,Critical Access Hospitals,Voluntary non-profit - Private,5,105,10,44,1,,3,0,0.0
511316,GRANT MEMORIAL HOSPITAL,WV,Critical Access Hospitals,Voluntary non-profit - Other,3,105,10,44,1,,4,0,0.0
511313,BOONE MEMORIAL HOSPITAL,WV,Critical Access Hospitals,Government - Local,4,106,12,44,2,,3,0,0.0
511304,SISTERSVILLE GENERAL HOSPITAL,WV,Critical Access Hospitals,Proprietary,Not Available,107,13,44,2,,,,
511300,VANDALIA HEALTH BROADDUS HOSPITAL,WV,Critical Access Hospitals,Voluntary non-profit - Private,Not Available,108,14,44,2,,,,
511306,ROANE GENERAL HOSPITAL,WV,Critical Access Hospitals,Voluntary non-profit - Private,Not Available,110,15,44,2,,1,0,0.0
511318,MONTGOMERY GENERAL HOSPITAL,WV,Critical Access Hospitals,Voluntary non-profit - Other,Not Available,110,15,44,2,,1,0,0.0
511312,PRESTON MEMORIAL HOSPITAL,WV,Critical Access Hospitals,Proprietary,Not Available,111,17,44,2,,2,1,50.0
511315,POTOMAC VALLEY HOSPITAL,WV,Critical Access Hospitals,Voluntary non-profit - Private,1,118,18,44,2,56,6,0,0.0
511310,SUMMERS COUNTY ARH HOSPITAL,WV,Critical Access Hospitals,Voluntary non-profit - Private,Not Available,122,19,44,2,,1,0,0.0
511320,JACKSON GENERAL HOSPITAL,WV,Critical Access Hospitals,Voluntary non-profit - Private,3,133,20,44,2,,4,0,0.0
510072,WETZEL COUNTY HOSPITAL,WV,Acute Care Hospitals,Government - Local,3,137,21,44,2,,5,1,20.0
511322,SUMMERSVILLE REGIONAL MEDICAL CENTER,WV,Critical Access Hospitals,Voluntary non-profit - Private,2,140,22,44,2,69,4,1,25.0
511321,"ST JOSEPH'S HOSPITAL OF BUCKHANNON, INC",WV,Critical Access Hospitals,Voluntary non-profit - Private,3,142,23,44,3,48,6,1,16.7
510030,DAVIS MEDICAL CENTER,WV,Acute Care Hospitals,Voluntary non-profit - Private,2,150,24,44,3,55,8,1,12.5
510008,BERKELEY MEDICAL CENTER,WV,Acute Care Hospitals,Voluntary non-profit - Private,3,160,25,44,3,47,10,2,20.0
510013,"REYNOLDS MEMORIAL HOSPITAL, INC",WV,Acute Care Hospitals,Voluntary non-profit - Private,2,161,26,44,3,69,8,1,12.5
511319,JEFFERSON MEDICAL CENTER,WV,Critical Access Hospitals,Voluntary non-profit - Private,1,161,26,44,3,47,6,0,0.0
510023,"WEIRTON MEDICAL CENTER, INC",WV,Acute Care Hospitals,Government - Local,1,162,28,44,3,18,9,2,22.2
511317,"CAMC PLATEAU MEDICAL CENTER, INC",WV,Critical Access Hospitals,Proprietary,Not Available,168,29,44,3,52,5,1,20.0
510048,LOGAN REGIONAL MEDICAL CENTER,WV,Acute Care Hospitals,Proprietary,2,173,30,44,3,68,6,1,16.7
510046,PRINCETON COMMUNITY HOSPITAL ASSN INC,WV,Acute Care Hospitals,Government - Local,2,174,31,44,3,90,10,4,40.0
510001,"WEST VIRGINIA UNIVERSITY HOSPITALS, INC",WV,Acute Care Hospitals,Voluntary non-profit - Private,3,177,32,44,3,54,11,0,0.0
510022,CHARLESTON AREA MEDICAL CENTER,WV,Acute Care Hospitals,Voluntary non-profit - Private,2,181,33,44,3,40,11,5,45.5
510002,"CAMC GREENBRIER VALLEY MEDICAL CENTER, INC",WV,Acute Care Hospitals,Proprietary,2,189,34,44,4,41,8,1,12.5
510070,RALEIGH GENERAL HOSPITAL,WV,Acute Care Hospitals,Proprietary,2,192,35,44,4,32,7,2,28.6
510024,MON HEALTH MEDICAL CENTER,WV,Acute Care Hospitals,Voluntary non-profit - Private,4,195,36,44,4,86,11,0,0.0
510086,WELCH COMMUNITY HOSPITAL,WV,Acute Care Hospitals,Government - State,Not Available,202,37,44,4,,1,0,0.0
510029,THOMAS MEMORIAL HOSPITAL,WV,Acute Care Hospitals,Voluntary non-profit - Private,1,205,38,44,4,49,10,2,20.0
510006,"UNITED HOSPITAL CENTER, INC",WV,Acute Care Hospitals,Voluntary non-profit - Private,4,206,39,44,4,71,10,4,40.0
510050,"WHEELING HOSPITAL, INC",WV,Acute Care Hospitals,Voluntary non-profit - Church,2,207,40,44,4,85,11,2,18.2
510007,ST MARYS MEDICAL CENTER,WV,Acute Care Hospitals,Voluntary non-profit - Church,3,217,41,44,4,40,11,1,9.1
510062,BECKLEY ARH HOSPITAL,WV,Acute Care Hospitals,Voluntary non-profit - Private,3,218,42,44,4,61,7,2,28.6
510055,"CABELL HUNTINGTON HOSPITAL, INC",WV,Acute Care Hospitals,Voluntary non-profit - Private,3,219,43,44,4,53,9,2,22.2
510058,CAMDEN CLARK MEDICAL CENTER,WV,Acute Care Hospitals,Voluntary non-profit - Private,2,226,44,44,4,68,11,3,27.3
531309,NORTH BIG HORN HOSPITAL DISTRICT,WY,Critical Access Hospitals,Government - Hospital District or Authority,4,70,1,22,1,,3,0,0.0
531310,POWELL VALLEY HOSPITAL,WY,Critical Access Hospitals,Government - Hospital District or Authority,4,86,2,22,1,,7,1,14.3
531301,SOUTH BIG HORN COUNTY HOSPITAL,WY,Critical Access Hospitals,Government - Hospital District or Authority,Not Available,89,3,22,1,,1,0,0.0
531316,MEMORIAL HOSPITAL OF CARBON COUNTY,WY,Critical Access Hospitals,Government - Local,Not Available,103,4,22,1,,2,0,0.0
530006,SHERIDAN MEMORIAL HOSPITAL,WY,Acute Care Hospitals,Government - Local,3,110,5,22,1,57,10,1,10.0
530015,ST JOHNS MEDICAL CENTER,WY,Acute Care Hospitals,Government - Hospital District or Authority,5,110,5,22,1,83,9,0,0.0
531315,SOUTH LINCOLN MEDICAL CENTER - CAH,WY,Critical Access Hospitals,Government - Hospital District or Authority,Not Available,110,5,22,2,,1,0,0.0
531313,STAR VALLEY MEDICAL CENTER,WY,Critical Access Hospitals,Government - Hospital District or Authority,Not Available,113,8,22,2,,3,0,0.0
531302,MEMORIAL HOSPITAL OF CONVERSE COUNTY,WY,Critical Access Hospitals,Government - Local,4,114,9,22,2,,6,0,0.0
531319,EVANSTON REGIONAL HOSPITAL,WY,Critical Access Hospitals,Proprietary,Not Available,116,10,22,2,,,,
531306,WASHAKIE MEDICAL CENTER,WY,Critical Access Hospitals,Government - Local,4,118,11,22,2,,5,0,0.0
531305,PLATTE COUNTY HOSPITAL,WY,Critical Access Hospitals,Government - Local,4,119,12,22,2,,4,0,0.0
531307,COMMUNITY HOSPITAL,WY,Critical Access Hospitals,Voluntary non-profit - Private,2,120,13,22,3,,5,1,20.0
531311,CROOK COUNTY HOSPITAL,WY,Critical Access Hospitals,Government - Hospital District or Authority,Not Available,128,14,22,3,,1,0,0.0
531312,CODY REGIONAL HEALTH,WY,Critical Access Hospitals,Government - Hospital District or Authority,3,136,15,22,3,70,8,0,0.0
530008,SAGEWEST HEALTH CARE,WY,Acute Care Hospitals,Proprietary,2,141,16,22,3,63,7,0,0.0
530025,IVINSON MEMORIAL HOSPITAL,WY,Acute Care Hospitals,Government - Hospital District or Authority,3,147,17,22,3,68,8,0,0.0
531304,HOT SPRINGS COUNTY MEMORIAL HOSPITAL,WY,Critical Access Hospitals,Government - Hospital District or Authority,3,153,18,22,4,,4,0,0.0
531318,MEMORIAL HOSPITAL SWEETWATER COUNTY,WY,Critical Access Hospitals,Government - Hospital District or Authority,Not Available,164,19,22,4,77,,,
530002,CAMPBELL COUNTY HEALTH,WY,Acute Care Hospitals,Government - Hospital District or Authority,3,177,20,22,4,70,8,0,0.0
530014,CHEYENNE REGIONAL MEDICAL CENTER,WY,Acute Care Hospitals,Voluntary non-profit - Other,3,190,21,22,4,70,11,2,18.2
530012,BANNER WYOMING MEDICAL CENTER,WY,Acute Care Hospitals,Government - Local,2,196,22,22,4,29,9,1,11.1
